po_id,product_id,supplier_id,warehouse_id,order_date,promised_date,received_date,qty_ordered,qty_received,qty_rejected,reject_reason,contract_price,unit_price,is_primary
PO-000001,1,9,6,2024-08-19,2024-09-30,2024-09-20,4650,4650,0,,22.67,23.43,0
PO-000002,1,9,8,2024-09-30,2024-11-11,2024-11-09,5106,5106,0,,22.67,23.41,0
PO-000003,1,9,4,2024-10-21,2024-12-02,2024-11-29,2613,2613,0,,22.67,22.97,0
PO-000004,1,9,8,2024-11-18,2024-12-30,2024-12-30,5704,5704,0,,22.67,23.34,0
PO-000005,1,9,4,2024-12-09,2025-01-20,2025-01-10,2909,2909,0,,22.67,23.41,0
PO-000006,1,9,2,2025-01-13,2025-02-24,2025-02-21,4736,4736,0,,22.67,23.33,0
PO-000007,1,9,4,2025-03-31,2025-05-12,2025-05-10,4831,4831,0,,22.67,23.38,0
PO-000008,1,9,4,2025-05-12,2025-06-23,2025-06-18,3397,3397,0,,22.67,23.52,0
PO-000009,1,6,6,2024-07-15,2024-08-01,2024-07-26,4356,4356,0,,27.43,26.07,1
PO-000010,1,6,3,2024-07-22,2024-08-08,2024-08-05,3729,3729,0,,27.43,26.47,1
PO-000011,1,6,3,2024-08-05,2024-08-22,2024-08-21,3950,3950,0,,27.43,26.62,1
PO-000012,1,6,8,2024-08-12,2024-08-29,2024-08-28,3367,3367,0,,27.43,26.42,1
PO-000013,1,6,2,2024-08-19,2024-09-05,2024-09-03,4211,4211,0,,27.43,27.14,1
PO-000014,1,6,3,2024-08-26,2024-09-12,2024-09-08,4987,4987,0,,27.43,26.49,1
PO-000015,1,6,3,2024-09-23,2024-10-10,2024-10-07,4887,4887,0,,27.43,26.91,1
PO-000016,1,6,1,2024-09-30,2024-10-17,2024-10-12,3561,3561,0,,27.43,26.81,1
PO-000017,1,6,7,2024-10-07,2024-10-24,2024-10-24,4264,4264,0,,27.43,26.69,1
PO-000018,1,6,6,2024-10-14,2024-10-31,2024-10-30,4482,4482,0,,27.43,26.54,1
PO-000019,1,6,3,2024-10-21,2024-11-07,2024-11-01,2500,2500,241,Temperature excursion in transit,27.43,26.92,1
PO-000020,1,6,8,2024-10-28,2024-11-14,2024-11-18,2500,2500,127,Short shelf life on arrival,27.43,27.02,1
PO-000021,1,6,8,2024-11-04,2024-11-21,2024-11-17,5001,5001,0,,27.43,26.79,1
PO-000022,1,6,8,2024-11-25,2024-12-12,2024-12-09,4375,4375,0,,27.43,26.37,1
PO-000023,1,6,1,2024-12-09,2024-12-26,2024-12-22,3751,3751,335,Temperature excursion in transit,27.43,26.65,1
PO-000024,1,6,2,2024-12-16,2025-01-02,2025-01-02,4497,4497,0,,27.43,26.49,1
PO-000025,1,6,6,2024-12-23,2025-01-09,2025-01-05,4595,4595,530,Documentation incomplete,27.43,26.61,1
PO-000026,1,6,1,2024-12-30,2025-01-16,2025-01-16,4967,4967,0,,27.43,27.05,1
PO-000027,1,6,6,2025-01-06,2025-01-23,2025-01-22,4215,4215,0,,27.43,26.54,1
PO-000028,1,6,7,2025-01-13,2025-01-30,2025-01-30,2500,2500,0,,27.43,26.27,1
PO-000029,1,6,6,2025-01-27,2025-02-13,2025-02-10,4595,4595,0,,27.43,26.62,1
PO-000030,1,6,2,2025-02-03,2025-02-20,2025-02-18,3077,3077,0,,27.43,26.71,1
PO-000031,1,6,1,2025-02-10,2025-02-27,2025-02-27,2500,2500,0,,27.43,26.54,1
PO-000032,1,6,3,2025-02-17,2025-03-06,2025-03-05,2500,2500,0,,27.43,26.48,1
PO-000033,1,6,5,2025-04-14,2025-05-01,2025-04-27,4840,4840,0,,27.43,26.57,1
PO-000034,1,6,3,2025-04-21,2025-05-08,2025-05-05,3592,3592,0,,27.43,26.68,1
PO-000035,1,6,4,2025-04-28,2025-05-15,2025-05-12,5011,5011,0,,27.43,26.69,1
PO-000036,1,6,5,2025-05-05,2025-05-22,2025-05-19,3268,3268,0,,27.43,27.11,1
PO-000037,1,6,6,2025-05-12,2025-05-29,2025-05-26,3789,3789,0,,27.43,26.7,1
PO-000038,1,6,5,2025-05-19,2025-06-05,2025-06-05,3628,3628,349,Damaged packaging,27.43,26.78,1
PO-000039,1,6,5,2025-05-26,2025-06-12,2025-06-11,3323,3323,0,,27.43,26.9,1
PO-000040,1,6,5,2025-06-02,2025-06-19,2025-06-16,4950,4950,0,,27.43,26.63,1
PO-000041,1,6,7,2025-06-09,2025-06-26,2025-06-23,3689,3689,0,,27.43,26.85,1
PO-000042,1,6,4,2025-06-16,2025-07-03,2025-06-30,4940,4940,0,,27.43,27.01,1
PO-000043,1,6,1,2025-06-23,2025-07-10,2025-07-09,4750,4750,0,,27.43,26.79,1
PO-000044,1,6,4,2025-06-30,2025-07-17,2025-07-17,4023,4023,0,,27.43,26.53,1
PO-000045,1,4,8,2024-07-29,2024-09-03,2024-09-04,199,199,0,,23.87,23.78,0
PO-000046,1,4,2,2024-08-19,2024-09-24,2024-10-01,137,137,0,,23.87,23.65,0
PO-000047,1,4,6,2024-09-23,2024-10-29,2024-10-28,181,181,0,,23.87,23.61,0
PO-000048,1,4,3,2025-01-20,2025-02-25,2025-02-17,134,134,0,,23.87,23.77,0
PO-000049,1,4,2,2025-03-03,2025-04-08,2025-04-01,159,159,0,,23.87,23.63,0
PO-000050,1,4,6,2025-05-12,2025-06-17,2025-06-02,176,176,0,,23.87,23.11,0
PO-000051,1,4,1,2025-05-26,2025-07-01,2025-06-29,157,157,0,,23.87,23.52,0
PO-000052,2,15,7,2024-07-08,2024-08-04,2024-08-04,134,134,7,Damaged packaging,4.66,4.86,0
PO-000053,2,15,6,2024-07-22,2024-08-18,2024-08-14,187,187,0,,4.66,4.91,0
PO-000054,2,15,8,2024-07-29,2024-08-25,2024-08-20,160,160,0,,4.66,4.9,0
PO-000055,2,15,2,2024-08-05,2024-09-01,2024-08-28,143,143,0,,4.66,4.89,0
PO-000056,2,15,5,2024-08-19,2024-09-15,2024-09-14,185,185,0,,4.66,4.89,0
PO-000057,2,15,6,2024-09-02,2024-09-29,2024-09-20,167,167,0,,4.66,4.85,0
PO-000058,2,15,5,2024-10-21,2024-11-17,2024-11-17,181,181,0,,4.66,4.95,0
PO-000059,2,15,1,2024-10-28,2024-11-24,2024-11-20,204,204,0,,4.66,4.88,0
PO-000060,2,15,3,2024-12-23,2025-01-19,2025-01-15,142,142,0,,4.66,4.82,0
PO-000061,2,15,8,2025-02-24,2025-03-23,2025-03-20,135,135,0,,4.66,4.85,0
PO-000062,2,15,4,2025-03-10,2025-04-06,2025-04-04,145,145,0,,4.66,4.98,0
PO-000063,2,15,2,2025-03-17,2025-04-13,2025-03-28,139,139,0,,4.66,4.9,0
PO-000064,2,15,4,2025-05-26,2025-06-22,2025-06-21,197,197,0,,4.66,4.9,0
PO-000065,2,15,7,2025-06-02,2025-06-29,2025-06-24,116,116,0,,4.66,4.93,0
PO-000066,2,15,1,2025-06-16,2025-07-13,2025-06-30,139,139,0,,4.66,4.9,0
PO-000067,2,10,4,2024-07-08,2024-08-25,2024-08-24,145,145,0,,3.32,3.09,0
PO-000068,2,10,6,2024-07-22,2024-09-08,2024-08-31,130,130,0,,3.32,3.13,0
PO-000069,2,10,8,2024-08-12,2024-09-29,2024-09-19,154,154,5,Short shelf life on arrival,3.32,3.15,0
PO-000070,2,10,7,2024-12-02,2025-01-19,2025-01-12,191,191,0,,3.32,3.1,0
PO-000071,2,10,6,2025-04-07,2025-05-25,2025-05-20,180,180,0,,3.32,3.22,0
PO-000072,2,2,7,2024-07-08,2024-08-05,2024-07-31,857,857,0,,4.28,4.37,1
PO-000073,2,2,5,2024-07-15,2024-08-12,2024-08-02,1175,1175,0,,4.28,4.37,1
PO-000074,2,2,3,2024-07-29,2024-08-26,2024-08-18,639,639,0,,4.28,4.35,1
PO-000075,2,2,4,2024-08-05,2024-09-02,2024-08-27,959,959,0,,4.28,4.4,1
PO-000076,2,2,8,2024-08-12,2024-09-09,2024-09-06,789,789,0,,4.28,4.34,1
PO-000077,2,2,1,2024-08-19,2024-09-16,2024-09-06,872,872,59,Short shelf life on arrival,4.28,4.33,1
PO-000078,2,2,8,2024-08-26,2024-09-23,2024-09-24,675,675,0,,4.28,4.38,1
PO-000079,2,2,1,2024-09-02,2024-09-30,2024-09-12,691,691,0,,4.28,4.44,1
PO-000080,2,2,1,2024-09-09,2024-10-07,2024-09-30,849,849,0,,4.28,4.45,1
PO-000081,2,2,8,2024-09-16,2024-10-14,2024-10-03,688,688,0,,4.28,4.39,1
PO-000082,2,2,2,2024-09-23,2024-10-21,2024-10-22,833,833,0,,4.28,4.41,1
PO-000083,2,2,3,2024-10-21,2024-11-18,2024-11-16,521,521,0,,4.28,4.43,1
PO-000084,2,2,3,2024-10-28,2024-11-25,2024-11-22,736,736,0,,4.28,4.38,1
PO-000085,2,2,8,2024-11-04,2024-12-02,2024-11-20,882,882,0,,4.28,4.4,1
PO-000086,2,2,2,2024-11-11,2024-12-09,2024-11-29,862,862,0,,4.28,4.38,1
PO-000087,2,2,6,2024-12-02,2024-12-30,2024-12-26,1203,1203,202,Temperature excursion in transit,4.28,4.38,1
PO-000088,2,2,1,2024-12-16,2025-01-13,2025-01-11,798,798,0,,4.28,4.43,1
PO-000089,2,2,3,2024-12-23,2025-01-20,2025-01-19,785,681,0,,4.28,4.4,1
PO-000090,2,2,8,2025-02-03,2025-03-03,2025-03-02,552,552,0,,4.28,4.38,1
PO-000091,2,2,5,2025-02-10,2025-03-10,2025-03-06,1030,1030,168,Temperature excursion in transit,4.28,4.35,1
PO-000092,2,2,2,2025-02-17,2025-03-17,2025-03-15,1024,1024,117,Temperature excursion in transit,4.28,4.42,1
PO-000093,2,2,3,2025-03-03,2025-03-31,2025-03-25,955,955,0,,4.28,4.35,1
PO-000094,2,2,5,2025-03-10,2025-04-07,2025-04-05,627,627,0,,4.28,4.38,1
PO-000095,2,2,7,2025-03-17,2025-04-14,2025-04-24,734,734,0,,4.28,4.41,1
PO-000096,2,2,6,2025-03-24,2025-04-21,2025-04-20,598,598,0,,4.28,4.42,1
PO-000097,2,2,1,2025-03-31,2025-04-28,2025-04-12,955,862,0,,4.28,4.39,1
PO-000098,2,2,8,2025-04-07,2025-05-05,2025-04-25,714,714,0,,4.28,4.38,1
PO-000099,2,2,7,2025-04-21,2025-05-19,2025-05-09,658,658,0,,4.28,4.49,1
PO-000100,2,2,2,2025-05-05,2025-06-02,2025-05-24,789,789,0,,4.28,4.4,1
PO-000101,2,2,4,2025-05-12,2025-06-09,2025-06-07,955,955,0,,4.28,4.31,1
PO-000102,2,2,8,2025-05-19,2025-06-16,2025-06-09,709,709,0,,4.28,4.46,1
PO-000103,2,2,5,2025-05-26,2025-06-23,2025-06-16,823,823,0,,4.28,4.41,1
PO-000104,2,2,2,2025-06-02,2025-06-30,2025-06-27,820,820,116,Temperature excursion in transit,4.28,4.37,1
PO-000105,2,2,5,2025-06-09,2025-07-07,2025-07-06,789,789,0,,4.28,4.36,1
PO-000106,2,2,8,2025-06-23,2025-07-21,2025-07-14,628,581,0,,4.28,4.31,1
PO-000107,2,2,1,2025-06-30,2025-07-28,2025-08-05,737,737,0,,4.28,4.38,1
PO-000108,2,5,7,2024-09-16,2024-10-02,2024-10-01,6182,5722,0,,4.23,4.41,0
PO-000109,3,15,6,2024-07-08,2024-08-07,2024-08-23,524,524,0,,28.06,29.23,1
PO-000110,3,15,2,2024-07-15,2024-08-14,2024-08-08,512,512,0,,28.06,29.7,1
PO-000111,3,15,6,2024-07-22,2024-08-21,2024-08-16,250,250,0,,28.06,29.69,1
PO-000112,3,15,3,2024-07-29,2024-08-28,2024-08-21,382,366,0,,28.06,29.62,1
PO-000113,3,15,6,2024-08-05,2024-09-04,2024-08-28,398,398,0,,28.06,29.59,1
PO-000114,3,15,5,2024-08-12,2024-09-11,2024-09-08,405,405,0,,28.06,29.56,1
PO-000115,3,15,7,2024-08-19,2024-09-18,2024-09-15,344,344,0,,28.06,29.34,1
PO-000116,3,15,6,2024-08-26,2024-09-25,2024-09-23,326,326,0,,28.06,29.2,1
PO-000117,3,15,8,2024-09-16,2024-10-16,2024-10-09,550,550,0,,28.06,29.43,1
PO-000118,3,15,3,2024-11-11,2024-12-11,2024-12-01,383,383,0,,28.06,29.19,1
PO-000119,3,15,6,2024-12-02,2025-01-01,2024-12-27,438,438,0,,28.06,29.55,1
PO-000120,3,15,4,2024-12-09,2025-01-08,2025-01-04,369,369,0,,28.06,29.42,1
PO-000121,3,15,6,2024-12-23,2025-01-22,2025-01-09,479,479,0,,28.06,29.18,1
PO-000122,3,15,3,2024-12-30,2025-01-29,2025-01-20,458,458,0,,28.06,29.68,1
PO-000123,3,15,5,2025-01-13,2025-02-12,2025-02-10,342,342,26,Documentation incomplete,28.06,29.6,1
PO-000124,3,15,1,2025-01-20,2025-02-19,2025-02-14,422,422,0,,28.06,29.26,1
PO-000125,3,15,6,2025-02-03,2025-03-05,2025-02-25,554,554,0,,28.06,29.57,1
PO-000126,3,15,1,2025-02-17,2025-03-19,2025-03-20,309,309,0,,28.06,29.32,1
PO-000127,3,15,6,2025-02-24,2025-03-26,2025-03-25,303,303,0,,28.06,29.29,1
PO-000128,3,15,8,2025-03-03,2025-04-02,2025-03-25,301,301,0,,28.06,29.69,1
PO-000129,3,15,7,2025-03-10,2025-04-09,2025-04-02,298,298,0,,28.06,29.42,1
PO-000130,3,15,3,2025-03-17,2025-04-16,2025-04-06,449,449,0,,28.06,29.94,1
PO-000131,3,15,7,2025-03-24,2025-04-23,2025-04-16,448,448,0,,28.06,29.8,1
PO-000132,3,15,6,2025-03-31,2025-04-30,2025-04-23,343,343,0,,28.06,29.08,1
PO-000133,3,15,8,2025-04-07,2025-05-07,2025-04-28,570,570,0,,28.06,29.24,1
PO-000134,3,15,1,2025-04-21,2025-05-21,2025-05-09,266,266,11,Short shelf life on arrival,28.06,29.09,1
PO-000135,3,15,6,2025-05-05,2025-06-04,2025-06-10,395,395,0,,28.06,29.23,1
PO-000136,3,15,4,2025-05-12,2025-06-11,2025-06-09,281,281,0,,28.06,29.27,1
PO-000137,3,15,4,2025-05-26,2025-06-25,2025-06-16,450,450,0,,28.06,28.99,1
PO-000138,3,15,5,2025-06-02,2025-07-02,2025-06-30,402,402,0,,28.06,29.55,1
PO-000139,3,15,3,2025-06-09,2025-07-09,2025-07-07,392,392,0,,28.06,29.46,1
PO-000140,3,15,6,2025-06-23,2025-07-23,2025-07-20,449,449,31,Failed spec check,28.06,29.38,1
PO-000141,3,15,6,2025-06-30,2025-07-30,2025-08-01,250,241,0,,28.06,29.27,1
PO-000142,3,14,2,2024-07-22,2024-08-07,2024-08-06,403,403,0,,27.03,27.91,0
PO-000143,3,14,4,2024-09-23,2024-10-09,2024-10-08,350,350,0,,27.03,28.15,0
PO-000144,3,14,7,2024-09-30,2024-10-16,2024-10-16,426,426,0,,27.03,28.15,0
PO-000145,3,14,3,2024-10-07,2024-10-23,2024-10-19,518,518,0,,27.03,28.19,0
PO-000146,3,14,4,2024-11-18,2024-12-04,2024-12-17,419,419,0,,27.03,28.36,0
PO-000147,3,14,5,2025-01-06,2025-01-22,2025-01-21,358,320,0,,27.03,28.37,0
PO-000148,3,14,6,2025-01-20,2025-02-05,2025-01-31,279,279,0,,27.03,28.07,0
PO-000149,3,14,2,2025-03-31,2025-04-16,2025-04-14,486,486,0,,27.03,28.11,0
PO-000150,3,14,2,2025-04-07,2025-04-23,2025-04-16,369,369,0,,27.03,27.82,0
PO-000151,3,14,8,2025-04-14,2025-04-30,2025-04-27,299,299,0,,27.03,28.18,0
PO-000152,3,14,1,2025-04-21,2025-05-07,2025-05-07,476,476,0,,27.03,27.91,0
PO-000153,3,14,1,2025-05-19,2025-06-04,2025-06-02,433,433,0,,27.03,27.84,0
PO-000154,3,14,7,2025-06-30,2025-07-16,2025-07-11,412,412,0,,27.03,27.94,0
PO-000155,4,9,2,2024-07-08,2024-08-17,2024-08-06,1760,1760,0,,9.9,10.17,1
PO-000156,4,9,2,2024-07-15,2024-08-24,2024-08-19,1563,1563,0,,9.9,10.16,1
PO-000157,4,9,3,2024-07-22,2024-08-31,2024-08-25,1723,1723,0,,9.9,10.16,1
PO-000158,4,9,7,2024-07-29,2024-09-07,2024-09-04,1496,1496,0,,9.9,10.1,1
PO-000159,4,9,8,2024-08-05,2024-09-14,2024-09-07,1457,1457,0,,9.9,10.2,1
PO-000160,4,9,7,2024-08-12,2024-09-21,2024-09-18,1735,1674,0,,9.9,10.44,1
PO-000161,4,9,7,2024-08-19,2024-09-28,2024-09-22,1910,1854,0,,9.9,10.29,1
PO-000162,4,9,3,2024-08-26,2024-10-05,2024-09-30,1444,1444,0,,9.9,10.24,1
PO-000163,4,9,1,2024-09-02,2024-10-12,2024-10-06,1345,1345,0,,9.9,10.15,1
PO-000164,4,9,4,2024-09-09,2024-10-19,2024-10-17,1580,1580,114,Short shelf life on arrival,9.9,10.17,1
PO-000165,4,9,3,2024-09-16,2024-10-26,2024-11-16,1338,1338,0,,9.9,10.23,1
PO-000166,4,9,8,2024-09-23,2024-11-02,2024-10-31,1806,1806,0,,9.9,10.21,1
PO-000167,4,9,4,2024-09-30,2024-11-09,2024-11-04,1275,1275,0,,9.9,10.33,1
PO-000168,4,9,6,2024-10-14,2024-11-23,2024-11-15,1550,1477,0,,9.9,10.35,1
PO-000169,4,9,8,2024-10-21,2024-11-30,2024-11-28,1404,1404,0,,9.9,10.3,1
PO-000170,4,9,5,2024-10-28,2024-12-07,2024-12-04,2329,2329,0,,9.9,10.26,1
PO-000171,4,9,7,2024-11-04,2024-12-14,2024-12-09,1461,1461,0,,9.9,10.12,1
PO-000172,4,9,5,2024-11-11,2024-12-21,2024-12-18,1642,1642,0,,9.9,10.42,1
PO-000173,4,9,3,2024-11-18,2024-12-28,2024-12-15,1518,1518,0,,9.9,10.34,1
PO-000174,4,9,7,2024-11-25,2025-01-04,2025-01-03,2079,2079,0,,9.9,10.41,1
PO-000175,4,9,5,2024-12-02,2025-01-11,2025-01-07,1150,1150,0,,9.9,10.05,1
PO-000176,4,9,1,2024-12-09,2025-01-18,2025-01-11,2097,2097,0,,9.9,10.22,1
PO-000177,4,9,3,2024-12-16,2025-01-25,2025-01-19,1555,1555,0,,9.9,10.24,1
PO-000178,4,9,5,2024-12-30,2025-02-08,2025-02-08,1849,1793,0,,9.9,10.12,1
PO-000179,4,9,7,2025-01-06,2025-02-15,2025-02-12,1862,1816,0,,9.9,10.19,1
PO-000180,4,9,2,2025-01-13,2025-02-22,2025-02-21,1716,1716,0,,9.9,10.17,1
PO-000181,4,9,4,2025-01-20,2025-03-01,2025-02-26,1863,1863,0,,9.9,10.24,1
PO-000182,4,9,4,2025-01-27,2025-03-08,2025-03-02,1939,1939,0,,9.9,10.11,1
PO-000183,4,9,1,2025-02-10,2025-03-22,2025-03-18,1545,1545,0,,9.9,10.33,1
PO-000184,4,9,1,2025-02-24,2025-04-05,2025-04-05,1759,1759,0,,9.9,10.35,1
PO-000185,4,9,7,2025-03-03,2025-04-12,2025-04-07,1846,1846,0,,9.9,10.35,1
PO-000186,4,9,6,2025-03-10,2025-04-19,2025-04-17,1488,1488,0,,9.9,10.14,1
PO-000187,4,9,8,2025-03-17,2025-04-26,2025-04-24,1585,1585,0,,9.9,10.13,1
PO-000188,4,9,8,2025-03-24,2025-05-03,2025-05-02,1412,1412,0,,9.9,10.13,1
PO-000189,4,9,1,2025-03-31,2025-05-10,2025-05-03,1420,1420,0,,9.9,10.41,1
PO-000190,4,9,5,2025-04-07,2025-05-17,2025-05-17,1724,1724,0,,9.9,10.35,1
PO-000191,4,9,6,2025-04-14,2025-05-24,2025-05-20,1557,1517,0,,9.9,10.28,1
PO-000192,4,9,1,2025-04-21,2025-05-31,2025-05-26,1567,1567,0,,9.9,10.16,1
PO-000193,4,9,1,2025-04-28,2025-06-07,2025-06-06,1317,1317,0,,9.9,10.35,1
PO-000194,4,9,8,2025-05-05,2025-06-14,2025-06-07,1181,1181,0,,9.9,10.42,1
PO-000195,4,9,8,2025-05-12,2025-06-21,2025-06-15,1989,1989,0,,9.9,10.25,1
PO-000196,4,9,3,2025-05-19,2025-06-28,2025-06-20,1000,1000,0,,9.9,10.35,1
PO-000197,4,9,1,2025-05-26,2025-07-05,2025-07-05,1847,1847,0,,9.9,10.06,1
PO-000198,4,9,3,2025-06-02,2025-07-12,2025-07-08,1803,1739,0,,9.9,10.14,1
PO-000199,4,9,3,2025-06-09,2025-07-19,2025-07-19,1784,1784,0,,9.9,10.22,1
PO-000200,4,9,4,2025-06-16,2025-07-26,2025-07-23,1683,1683,0,,9.9,10.19,1
PO-000201,4,9,3,2025-06-23,2025-08-02,2025-07-24,1577,1577,0,,9.9,10.31,1
PO-000202,4,9,7,2025-06-30,2025-08-09,2025-08-03,1949,1949,0,,9.9,10.38,1
PO-000203,4,3,5,2024-10-28,2024-11-26,2024-11-15,2224,2224,0,,12.06,11.58,0
PO-000204,4,3,5,2024-11-04,2024-12-03,2024-11-29,1553,1553,0,,12.06,11.47,0
PO-000205,5,5,5,2025-03-03,2025-03-19,2025-03-16,479,479,0,,15.78,16.41,0
PO-000206,5,2,7,2024-07-08,2024-08-05,2024-07-26,1564,1564,0,,16.62,17.21,1
PO-000207,5,2,2,2024-07-22,2024-08-19,2024-08-18,1452,1452,0,,16.62,17.03,1
PO-000208,5,2,2,2024-07-29,2024-08-26,2024-08-23,1161,1161,0,,16.62,16.89,1
PO-000209,5,2,7,2024-08-05,2024-09-02,2024-09-01,1224,1224,51,Damaged packaging,16.62,16.9,1
PO-000210,5,2,2,2024-08-12,2024-09-09,2024-08-18,1575,1575,0,,16.62,16.99,1
PO-000211,5,2,1,2024-08-26,2024-09-23,2024-09-18,1000,1000,0,,16.62,17.22,1
PO-000212,5,2,1,2024-09-02,2024-09-30,2024-09-20,1542,1542,167,Short shelf life on arrival,16.62,17.0,1
PO-000213,5,2,7,2024-09-09,2024-10-07,2024-09-27,1431,1325,0,,16.62,16.72,1
PO-000214,5,2,4,2024-09-30,2024-10-28,2024-10-20,1878,1878,0,,16.62,17.0,1
PO-000215,5,2,2,2024-10-07,2024-11-04,2024-10-29,1398,1398,0,,16.62,17.24,1
PO-000216,5,2,6,2024-10-21,2024-11-18,2024-11-14,1429,1429,0,,16.62,16.87,1
PO-000217,5,2,4,2024-10-28,2024-11-25,2024-11-22,1789,1789,0,,16.62,16.78,1
PO-000218,5,2,4,2024-11-04,2024-12-02,2024-12-17,1468,1468,0,,16.62,17.07,1
PO-000219,5,2,2,2024-11-11,2024-12-09,2024-12-02,1714,1714,0,,16.62,17.28,1
PO-000220,5,2,3,2024-11-18,2024-12-16,2024-12-22,1725,1725,0,,16.62,17.14,1
PO-000221,5,2,7,2024-11-25,2024-12-23,2025-01-06,1803,1596,0,,16.62,17.07,1
PO-000222,5,2,3,2024-12-02,2024-12-30,2025-01-09,1736,1736,0,,16.62,17.19,1
PO-000223,5,2,3,2024-12-09,2025-01-06,2024-12-23,1651,1651,226,Damaged packaging,16.62,16.82,1
PO-000224,5,2,5,2024-12-23,2025-01-20,2025-01-14,2031,2031,0,,16.62,17.3,1
PO-000225,5,2,5,2025-01-20,2025-02-17,2025-02-22,1892,1813,0,,16.62,17.2,1
PO-000226,5,2,5,2025-01-27,2025-02-24,2025-02-14,1414,1414,0,,16.62,17.21,1
PO-000227,5,2,5,2025-02-17,2025-03-17,2025-03-13,1122,1122,0,,16.62,17.21,1
PO-000228,5,2,6,2025-02-24,2025-03-24,2025-03-19,1203,1203,0,,16.62,17.32,1
PO-000229,5,2,6,2025-03-03,2025-03-31,2025-03-23,1478,1478,0,,16.62,16.8,1
PO-000230,5,2,2,2025-03-10,2025-04-07,2025-04-07,1694,1694,0,,16.62,17.25,1
PO-000231,5,2,5,2025-03-17,2025-04-14,2025-04-01,2127,2127,0,,16.62,16.86,1
PO-000232,5,2,7,2025-03-24,2025-04-21,2025-04-17,2050,2050,0,,16.62,17.24,1
PO-000233,5,2,8,2025-03-31,2025-04-28,2025-04-27,2204,2204,146,Temperature excursion in transit,16.62,17.01,1
PO-000234,5,2,5,2025-04-07,2025-05-05,2025-05-02,1491,1491,0,,16.62,16.93,1
PO-000235,5,2,4,2025-04-14,2025-05-12,2025-05-04,1009,1009,0,,16.62,17.07,1
PO-000236,5,2,2,2025-04-21,2025-05-19,2025-05-01,2216,1968,0,,16.62,17.03,1
PO-000237,5,2,4,2025-04-28,2025-05-26,2025-05-22,1850,1850,0,,16.62,17.2,1
PO-000238,5,2,8,2025-05-05,2025-06-02,2025-05-21,1829,1829,0,,16.62,17.17,1
PO-000239,5,2,1,2025-05-12,2025-06-09,2025-06-08,1446,1446,0,,16.62,17.3,1
PO-000240,5,2,3,2025-05-19,2025-06-16,2025-07-04,1618,1618,0,,16.62,17.07,1
PO-000241,5,2,1,2025-06-16,2025-07-14,2025-07-08,1585,1585,0,,16.62,16.78,1
PO-000242,5,2,2,2025-06-30,2025-07-28,2025-07-26,2137,2137,372,Temperature excursion in transit,16.62,17.13,1
PO-000243,5,12,2,2024-07-15,2024-08-20,2024-08-17,1726,1726,0,,15.15,13.93,0
PO-000244,5,12,1,2024-08-12,2024-09-17,2024-09-15,1854,1739,0,,15.15,14.38,0
PO-000245,5,12,4,2024-08-19,2024-09-24,2024-09-22,1591,1591,0,,15.15,14.34,0
PO-000246,5,12,1,2024-09-16,2024-10-22,2024-10-18,1851,1851,0,,15.15,14.33,0
PO-000247,5,12,1,2024-10-07,2024-11-12,2024-11-21,1904,1904,160,Temperature excursion in transit,15.15,14.49,0
PO-000248,5,12,1,2024-10-14,2024-11-19,2024-11-30,1774,1774,0,,15.15,14.42,0
PO-000249,5,12,6,2024-10-21,2024-11-26,2024-11-21,1000,1000,0,,15.15,14.6,0
PO-000250,5,12,4,2024-11-25,2024-12-31,2024-12-29,1949,1892,0,,15.15,14.43,0
PO-000251,5,12,2,2024-12-02,2025-01-07,2025-01-02,1705,1705,0,,15.15,14.21,0
PO-000252,5,12,8,2024-12-09,2025-01-14,2025-01-06,1787,1787,0,,15.15,14.47,0
PO-000253,5,12,1,2024-12-30,2025-02-04,2025-01-25,1287,1247,0,,15.15,14.47,0
PO-000254,5,12,8,2025-01-06,2025-02-11,2025-02-10,1471,1471,0,,15.15,14.42,0
PO-000255,5,12,6,2025-01-20,2025-02-25,2025-02-23,1447,1447,0,,15.15,14.32,0
PO-000256,5,12,2,2025-02-10,2025-03-18,2025-03-16,1876,1876,0,,15.15,14.55,0
PO-000257,5,12,6,2025-02-17,2025-03-25,2025-03-20,1260,1260,0,,15.15,14.1,0
PO-000258,5,12,6,2025-03-03,2025-04-08,2025-04-02,2197,2073,0,,15.15,14.34,0
PO-000259,5,12,5,2025-03-10,2025-04-15,2025-04-11,1624,1624,0,,15.15,14.22,0
PO-000260,5,12,6,2025-03-17,2025-04-22,2025-04-21,1584,1584,0,,15.15,14.34,0
PO-000261,5,12,3,2025-03-24,2025-04-29,2025-04-24,1708,1708,0,,15.15,14.5,0
PO-000262,5,12,5,2025-04-14,2025-05-20,2025-05-24,1986,1934,0,,15.15,14.43,0
PO-000263,5,12,3,2025-04-21,2025-05-27,2025-05-23,1490,1490,0,,15.15,14.4,0
PO-000264,5,12,4,2025-05-19,2025-06-24,2025-06-20,1000,1000,0,,15.15,14.22,0
PO-000265,5,12,8,2025-05-26,2025-07-01,2025-06-21,1166,1166,0,,15.15,14.4,0
PO-000266,6,12,5,2024-07-08,2024-08-10,2024-08-08,157,157,0,,20.09,18.87,1
PO-000267,6,12,5,2024-07-15,2024-08-17,2024-08-16,130,126,0,,20.09,19.05,1
PO-000268,6,12,5,2024-07-22,2024-08-24,2024-08-23,167,167,0,,20.09,19.19,1
PO-000269,6,12,7,2024-07-29,2024-08-31,2024-08-25,100,100,0,,20.09,19.33,1
PO-000270,6,12,5,2024-08-12,2024-09-14,2024-09-13,167,167,0,,20.09,18.82,1
PO-000271,6,12,6,2024-08-26,2024-09-28,2024-09-27,177,177,0,,20.09,19.3,1
PO-000272,6,12,5,2024-09-09,2024-10-12,2024-10-11,176,176,0,,20.09,19.39,1
PO-000273,6,12,8,2024-09-30,2024-11-02,2024-10-30,160,160,0,,20.09,19.17,1
PO-000274,6,12,2,2024-10-07,2024-11-09,2024-11-06,168,168,0,,20.09,18.77,1
PO-000275,6,12,1,2024-10-14,2024-11-16,2024-11-06,132,132,0,,20.09,19.15,1
PO-000276,6,12,6,2024-10-21,2024-11-23,2024-11-15,157,157,0,,20.09,19.17,1
PO-000277,6,12,2,2024-10-28,2024-11-30,2024-11-26,170,170,0,,20.09,19.12,1
PO-000278,6,12,6,2024-11-04,2024-12-07,2024-12-01,177,177,0,,20.09,19.07,1
PO-000279,6,12,1,2024-11-18,2024-12-21,2024-12-17,153,149,0,,20.09,19.4,1
PO-000280,6,12,2,2024-12-02,2025-01-04,2024-12-30,138,132,0,,20.09,19.05,1
PO-000281,6,12,3,2024-12-16,2025-01-18,2025-01-21,176,176,0,,20.09,18.81,1
PO-000282,6,12,8,2024-12-23,2025-01-25,2025-01-14,133,133,0,,20.09,19.22,1
PO-000283,6,12,3,2024-12-30,2025-02-01,2025-01-27,209,209,0,,20.09,18.81,1
PO-000284,6,12,2,2025-01-06,2025-02-08,2025-02-06,123,123,0,,20.09,19.05,1
PO-000285,6,12,8,2025-01-20,2025-02-22,2025-02-20,147,147,0,,20.09,19.01,1
PO-000286,6,12,3,2025-01-27,2025-03-01,2025-02-25,172,163,0,,20.09,19.1,1
PO-000287,6,12,2,2025-02-17,2025-03-22,2025-03-20,160,151,0,,20.09,19.13,1
PO-000288,6,12,6,2025-02-24,2025-03-29,2025-03-21,223,223,0,,20.09,18.81,1
PO-000289,6,12,4,2025-03-10,2025-04-12,2025-04-01,113,113,0,,20.09,19.16,1
PO-000290,6,12,5,2025-03-17,2025-04-19,2025-04-18,220,208,0,,20.09,19.08,1
PO-000291,6,12,5,2025-03-24,2025-04-26,2025-04-24,139,139,0,,20.09,19.37,1
PO-000292,6,12,6,2025-04-07,2025-05-10,2025-04-27,153,153,0,,20.09,19.02,1
PO-000293,6,12,7,2025-04-14,2025-05-17,2025-05-12,121,121,0,,20.09,19.18,1
PO-000294,6,12,6,2025-04-21,2025-05-24,2025-05-22,170,170,0,,20.09,19.35,1
PO-000295,6,12,1,2025-04-28,2025-05-31,2025-05-24,186,186,0,,20.09,19.24,1
PO-000296,6,12,4,2025-05-05,2025-06-07,2025-06-03,151,151,0,,20.09,19.01,1
PO-000297,6,12,6,2025-05-12,2025-06-14,2025-06-09,100,97,0,,20.09,19.13,1
PO-000298,6,12,4,2025-05-19,2025-06-21,2025-06-16,178,168,0,,20.09,19.38,1
PO-000299,6,12,4,2025-05-26,2025-06-28,2025-06-17,148,148,0,,20.09,18.8,1
PO-000300,6,12,6,2025-06-16,2025-07-19,2025-07-14,120,120,0,,20.09,18.88,1
PO-000301,6,12,2,2025-06-23,2025-07-26,2025-08-10,215,215,0,,20.09,18.74,1
PO-000302,6,12,5,2025-06-30,2025-08-02,2025-09-11,173,173,0,,20.09,19.19,1
PO-000303,6,13,4,2024-07-29,2024-08-06,2024-08-06,561,561,0,,26.23,24.73,0
PO-000304,6,13,7,2024-08-05,2024-08-13,2024-08-13,385,385,0,,26.23,24.86,0
PO-000305,6,13,2,2025-02-10,2025-02-18,2025-02-18,411,411,0,,26.23,24.95,0
PO-000306,6,13,7,2025-02-17,2025-02-25,2025-02-25,409,409,0,,26.23,24.89,0
PO-000307,6,13,5,2025-04-28,2025-05-06,2025-05-06,305,305,0,,26.23,24.67,0
PO-000308,6,8,6,2024-10-07,2024-11-21,2024-11-07,192,192,0,,18.09,20.01,0
PO-000309,6,8,6,2025-02-03,2025-03-20,2025-03-07,115,111,0,,18.09,20.4,0
PO-000310,6,8,7,2025-03-10,2025-04-24,2025-04-19,188,188,0,,18.09,19.92,0
PO-000311,6,8,4,2025-03-24,2025-05-08,2025-04-26,131,131,0,,18.09,19.97,0
PO-000312,6,8,2,2025-04-14,2025-05-29,2025-05-18,144,144,0,,18.09,19.68,0
PO-000313,6,8,8,2025-05-19,2025-07-03,2025-06-12,168,168,0,,18.09,19.84,0
PO-000314,6,8,1,2025-06-09,2025-07-24,2025-09-06,167,167,0,,18.09,20.02,0
PO-000315,6,8,7,2025-06-16,2025-07-31,2025-07-25,100,100,0,,18.09,19.79,0
PO-000316,6,9,4,2024-12-02,2025-01-12,2025-01-09,1860,1860,0,,18.6,19.28,0
PO-000317,7,6,1,2024-10-14,2024-11-01,2024-11-02,327,327,0,,24.0,23.13,0
PO-000318,7,6,7,2024-11-25,2024-12-13,2024-12-10,397,397,0,,24.0,23.26,0
PO-000319,7,6,4,2024-12-02,2024-12-20,2024-12-14,331,331,0,,24.0,22.83,0
PO-000320,7,6,3,2025-01-13,2025-01-31,2025-01-28,391,391,0,,24.0,23.13,0
PO-000321,7,6,7,2025-01-27,2025-02-14,2025-02-13,280,280,20,Temperature excursion in transit,24.0,23.06,0
PO-000322,7,6,6,2025-02-24,2025-03-14,2025-03-10,368,368,0,,24.0,23.44,0
PO-000323,7,6,6,2025-03-10,2025-03-28,2025-04-01,253,253,21,Documentation incomplete,24.0,23.37,0
PO-000324,7,6,2,2025-04-21,2025-05-09,2025-05-06,603,603,0,,24.0,23.58,0
PO-000325,7,6,5,2025-04-28,2025-05-16,2025-05-15,460,460,0,,24.0,23.54,0
PO-000326,7,6,2,2025-05-19,2025-06-06,2025-06-02,252,252,0,,24.0,23.5,0
PO-000327,7,6,2,2025-06-23,2025-07-11,2025-07-09,271,271,0,,24.0,23.17,0
PO-000328,7,11,6,2024-09-23,2024-10-11,2024-10-07,174,174,0,,24.79,23.59,0
PO-000329,7,11,6,2024-11-11,2024-11-29,2024-11-21,119,119,0,,24.79,24.0,0
PO-000330,7,11,2,2024-11-18,2024-12-06,2024-11-29,151,151,0,,24.79,23.93,0
PO-000331,7,11,5,2024-11-25,2024-12-13,2024-12-12,188,188,0,,24.79,23.75,0
PO-000332,7,11,4,2024-12-30,2025-01-17,2025-01-15,201,201,0,,24.79,23.76,0
PO-000333,7,11,5,2025-02-10,2025-02-28,2025-03-27,170,170,0,,24.79,23.32,0
PO-000334,7,11,1,2025-04-21,2025-05-09,2025-05-08,134,134,0,,24.79,23.57,0
PO-000335,7,11,8,2025-04-28,2025-05-16,2025-05-15,100,100,0,,24.79,23.79,0
PO-000336,7,11,4,2025-05-26,2025-06-13,2025-06-05,191,191,0,,24.79,23.92,0
PO-000337,7,3,4,2024-07-08,2024-08-08,2024-08-03,330,330,0,,24.37,23.31,1
PO-000338,7,3,1,2024-07-22,2024-08-22,2024-08-16,296,296,0,,24.37,23.47,1
PO-000339,7,3,1,2024-07-29,2024-08-29,2024-08-27,427,427,0,,24.37,23.63,1
PO-000340,7,3,3,2024-08-05,2024-09-05,2024-08-27,567,567,0,,24.37,23.19,1
PO-000341,7,3,8,2024-08-12,2024-09-12,2024-09-08,319,319,38,Temperature excursion in transit,24.37,23.29,1
PO-000342,7,3,1,2024-08-19,2024-09-19,2024-09-16,601,601,0,,24.37,23.51,1
PO-000343,7,3,7,2024-08-26,2024-09-26,2024-09-16,396,396,0,,24.37,23.86,1
PO-000344,7,3,6,2024-09-02,2024-10-03,2024-09-29,343,343,0,,24.37,23.74,1
PO-000345,7,3,6,2024-09-09,2024-10-10,2024-10-03,362,347,0,,24.37,23.54,1
PO-000346,7,3,1,2024-09-16,2024-10-17,2024-10-16,339,339,0,,24.37,23.34,1
PO-000347,7,3,6,2024-09-23,2024-10-24,2024-10-20,499,499,0,,24.37,23.22,1
PO-000348,7,3,3,2024-09-30,2024-10-31,2024-10-19,532,532,0,,24.37,23.32,1
PO-000349,7,3,7,2024-10-07,2024-11-07,2024-10-27,282,282,35,Temperature excursion in transit,24.37,23.12,1
PO-000350,7,3,8,2024-10-14,2024-11-14,2024-11-14,588,588,0,,24.37,23.46,1
PO-000351,7,3,2,2024-10-21,2024-11-21,2024-11-18,457,457,0,,24.37,23.11,1
PO-000352,7,3,6,2024-10-28,2024-11-28,2024-11-18,455,455,0,,24.37,22.74,1
PO-000353,7,3,6,2024-11-04,2024-12-05,2024-12-05,379,379,0,,24.37,23.87,1
PO-000354,7,3,5,2024-11-11,2024-12-12,2024-12-08,283,283,0,,24.37,23.09,1
PO-000355,7,3,8,2024-11-18,2024-12-19,2024-12-13,395,395,0,,24.37,23.76,1
PO-000356,7,3,5,2024-12-02,2025-01-02,2024-12-31,473,444,0,,24.37,23.35,1
PO-000357,7,3,4,2024-12-09,2025-01-09,2024-12-24,414,414,0,,24.37,23.19,1
PO-000358,7,3,1,2024-12-23,2025-01-23,2025-01-22,339,339,0,,24.37,23.27,1
PO-000359,7,3,2,2024-12-30,2025-01-30,2025-01-27,596,596,0,,24.37,23.16,1
PO-000360,7,3,4,2025-01-06,2025-02-06,2025-01-31,622,622,0,,24.37,23.15,1
PO-000361,7,3,8,2025-01-20,2025-02-20,2025-02-17,250,250,0,,24.37,23.39,1
PO-000362,7,3,2,2025-01-27,2025-02-27,2025-02-20,494,494,0,,24.37,23.15,1
PO-000363,7,3,1,2025-02-03,2025-03-06,2025-03-02,374,374,0,,24.37,23.67,1
PO-000364,7,3,1,2025-03-03,2025-04-03,2025-03-29,306,306,0,,24.37,23.77,1
PO-000365,7,3,7,2025-03-31,2025-05-01,2025-04-27,516,516,19,Documentation incomplete,24.37,23.25,1
PO-000366,7,3,1,2025-04-14,2025-05-15,2025-05-07,285,285,0,,24.37,23.68,1
PO-000367,7,3,3,2025-05-12,2025-06-12,2025-06-11,450,450,0,,24.37,23.47,1
PO-000368,7,3,7,2025-05-19,2025-06-19,2025-06-14,497,497,0,,24.37,23.61,1
PO-000369,7,3,5,2025-06-09,2025-07-10,2025-07-07,266,266,0,,24.37,23.49,1
PO-000370,7,3,5,2025-06-16,2025-07-17,2025-07-16,485,485,0,,24.37,23.23,1
PO-000371,7,3,5,2025-06-23,2025-07-24,2025-07-25,454,454,0,,24.37,23.98,1
PO-000372,7,3,5,2025-06-30,2025-07-31,2025-07-28,449,449,0,,24.37,23.57,1
PO-000373,8,3,3,2024-07-15,2024-08-17,2024-08-07,885,885,0,,19.58,18.96,1
PO-000374,8,3,8,2024-07-22,2024-08-24,2024-08-20,907,907,0,,19.58,18.85,1
PO-000375,8,3,6,2024-07-29,2024-08-31,2024-09-03,829,829,0,,19.58,18.6,1
PO-000376,8,3,4,2024-08-05,2024-09-07,2024-08-25,591,578,0,,19.58,18.82,1
PO-000377,8,3,1,2024-08-26,2024-09-28,2024-09-19,624,624,0,,19.58,18.77,1
PO-000378,8,3,8,2024-09-09,2024-10-12,2024-09-26,915,915,0,,19.58,18.83,1
PO-000379,8,3,3,2024-10-07,2024-11-09,2024-11-08,984,984,0,,19.58,19.09,1
PO-000380,8,3,8,2024-10-14,2024-11-16,2024-11-15,896,896,117,Damaged packaging,19.58,18.58,1
PO-000381,8,3,1,2024-10-21,2024-11-23,2024-11-18,500,500,65,Damaged packaging,19.58,18.92,1
PO-000382,8,3,1,2024-11-04,2024-12-07,2024-12-09,500,500,0,,19.58,18.97,1
PO-000383,8,3,5,2024-11-18,2024-12-21,2024-12-15,980,980,0,,19.58,18.71,1
PO-000384,8,3,4,2024-11-25,2024-12-28,2024-12-24,861,861,0,,19.58,18.35,1
PO-000385,8,3,4,2024-12-02,2025-01-04,2024-12-31,594,594,0,,19.58,18.98,1
PO-000386,8,3,5,2024-12-09,2025-01-11,2025-01-05,822,822,0,,19.58,18.65,1
PO-000387,8,3,4,2024-12-23,2025-01-25,2025-01-16,720,720,0,,19.58,18.82,1
PO-000388,8,3,2,2024-12-30,2025-02-01,2025-01-31,518,518,0,,19.58,19.03,1
PO-000389,8,3,5,2025-01-06,2025-02-08,2025-02-08,855,855,0,,19.58,18.9,1
PO-000390,8,3,4,2025-01-13,2025-02-15,2025-02-14,780,780,0,,19.58,18.81,1
PO-000391,8,3,7,2025-01-27,2025-03-01,2025-02-22,845,845,0,,19.58,18.51,1
PO-000392,8,3,6,2025-02-03,2025-03-08,2025-03-04,963,963,0,,19.58,18.74,1
PO-000393,8,3,6,2025-02-10,2025-03-15,2025-03-09,1032,1032,0,,19.58,18.72,1
PO-000394,8,3,6,2025-02-17,2025-03-22,2025-03-19,664,664,0,,19.58,18.75,1
PO-000395,8,3,5,2025-03-10,2025-04-12,2025-04-09,682,682,0,,19.58,18.91,1
PO-000396,8,3,5,2025-03-17,2025-04-19,2025-04-06,631,631,0,,19.58,19.03,1
PO-000397,8,3,1,2025-03-24,2025-04-26,2025-05-04,500,500,0,,19.58,18.76,1
PO-000398,8,3,3,2025-03-31,2025-05-03,2025-05-02,567,567,0,,19.58,18.66,1
PO-000399,8,3,6,2025-04-07,2025-05-10,2025-05-05,500,500,52,Failed spec check,19.58,19.02,1
PO-000400,8,3,8,2025-04-28,2025-05-31,2025-05-22,552,552,47,Short shelf life on arrival,19.58,18.62,1
PO-000401,8,3,3,2025-05-05,2025-06-07,2025-06-01,715,715,0,,19.58,18.54,1
PO-000402,8,3,3,2025-05-26,2025-06-28,2025-06-25,796,796,0,,19.58,18.78,1
PO-000403,8,3,5,2025-06-09,2025-07-12,2025-07-09,782,782,0,,19.58,18.66,1
PO-000404,8,3,3,2025-06-16,2025-07-19,2025-07-14,791,791,0,,19.58,18.64,1
PO-000405,8,12,6,2024-07-22,2024-08-26,2024-08-27,3003,3003,0,,19.51,18.48,0
PO-000406,8,12,7,2024-07-29,2024-09-02,2024-09-15,4591,4591,0,,19.51,18.3,0
PO-000407,8,12,7,2024-08-19,2024-09-23,2024-09-21,3751,3751,0,,19.51,18.69,0
PO-000408,8,12,7,2024-09-09,2024-10-14,2024-11-01,4952,4952,0,,19.51,18.28,0
PO-000409,8,12,4,2024-09-30,2024-11-04,2024-11-17,3716,3716,0,,19.51,18.38,0
PO-000410,8,12,1,2024-10-21,2024-11-25,2024-11-23,4637,4637,0,,19.51,18.82,0
PO-000411,8,12,4,2024-11-04,2024-12-09,2024-12-09,3154,2972,0,,19.51,18.33,0
PO-000412,8,12,1,2024-12-02,2025-01-06,2025-01-04,6068,6068,441,Documentation incomplete,19.51,18.27,0
PO-000413,8,12,1,2025-01-13,2025-02-17,2025-02-25,2500,2500,0,,19.51,18.59,0
PO-000414,8,12,1,2025-02-24,2025-03-31,2025-03-29,4397,4397,0,,19.51,18.54,0
PO-000415,8,12,8,2025-03-10,2025-04-14,2025-04-10,4733,4733,0,,19.51,18.32,0
PO-000416,8,12,1,2025-03-17,2025-04-21,2025-04-17,2500,2500,0,,19.51,18.27,0
PO-000417,8,12,2,2025-03-24,2025-04-28,2025-04-24,3047,3047,0,,19.51,18.65,0
PO-000418,8,12,8,2025-03-31,2025-05-05,2025-05-05,5040,5040,0,,19.51,18.39,0
PO-000419,8,12,5,2025-04-07,2025-05-12,2025-05-01,5191,5191,0,,19.51,18.73,0
PO-000420,8,12,1,2025-04-14,2025-05-19,2025-05-21,3657,3657,0,,19.51,18.62,0
PO-000421,8,12,7,2025-04-21,2025-05-26,2025-05-22,5617,5617,0,,19.51,18.58,0
PO-000422,8,12,8,2025-05-05,2025-06-09,2025-06-06,4681,4681,0,,19.51,18.21,0
PO-000423,8,12,8,2025-05-12,2025-06-16,2025-06-04,3215,3215,0,,19.51,18.58,0
PO-000424,8,12,6,2025-05-19,2025-06-23,2025-06-21,3147,3147,0,,19.51,18.58,0
PO-000425,8,12,1,2025-05-26,2025-06-30,2025-06-29,4245,4245,0,,19.51,18.98,0
PO-000426,8,12,1,2025-06-02,2025-07-07,2025-07-31,5010,5010,0,,19.51,18.37,0
PO-000427,8,12,4,2025-06-09,2025-07-14,2025-07-14,2875,2875,0,,19.51,18.71,0
PO-000428,8,12,1,2025-06-16,2025-07-21,2025-07-16,5531,5531,0,,19.51,18.85,0
PO-000429,8,12,7,2025-06-23,2025-07-28,2025-07-23,5119,5119,387,Temperature excursion in transit,19.51,18.49,0
PO-000430,9,2,2,2024-08-19,2024-09-16,2024-09-13,177,177,0,,10.89,11.24,0
PO-000431,9,2,4,2024-09-23,2024-10-21,2024-10-10,200,200,0,,10.89,11.07,0
PO-000432,9,2,3,2024-09-30,2024-10-28,2024-10-06,164,164,0,,10.89,11.13,0
PO-000433,9,2,1,2024-10-07,2024-11-04,2024-11-02,165,165,0,,10.89,11.21,0
PO-000434,9,2,2,2024-10-21,2024-11-18,2024-11-14,102,102,0,,10.89,11.33,0
PO-000435,9,2,5,2024-11-11,2024-12-09,2024-12-07,186,186,0,,10.89,11.03,0
PO-000436,9,2,4,2024-11-18,2024-12-16,2024-12-10,114,114,19,Documentation incomplete,10.89,11.24,0
PO-000437,9,2,8,2024-11-25,2024-12-23,2024-12-18,144,144,0,,10.89,11.11,0
PO-000438,9,2,6,2024-12-02,2024-12-30,2024-12-23,100,85,0,,10.89,11.31,0
PO-000439,9,2,3,2024-12-16,2025-01-13,2025-01-07,182,182,0,,10.89,11.26,0
PO-000440,9,2,1,2025-03-10,2025-04-07,2025-04-03,174,174,0,,10.89,11.18,0
PO-000441,9,2,3,2025-04-07,2025-05-05,2025-04-24,166,166,0,,10.89,11.14,0
PO-000442,9,2,8,2025-05-12,2025-06-09,2025-05-27,172,172,0,,10.89,11.14,0
PO-000443,9,2,7,2025-05-19,2025-06-16,2025-06-20,171,171,0,,10.89,11.16,0
PO-000444,9,5,7,2024-07-08,2024-07-26,2024-07-27,1000,1000,0,,10.35,10.82,1
PO-000445,9,5,1,2024-07-15,2024-08-02,2024-08-17,1828,1828,0,,10.35,10.81,1
PO-000446,9,5,4,2024-07-22,2024-08-09,2024-08-09,2259,2259,0,,10.35,10.77,1
PO-000447,9,5,3,2024-08-05,2024-08-23,2024-08-20,1607,1526,0,,10.35,10.77,1
PO-000448,9,5,8,2024-08-12,2024-08-30,2024-08-23,1405,1405,0,,10.35,10.79,1
PO-000449,9,5,6,2024-08-19,2024-09-06,2024-09-11,1000,1000,0,,10.35,10.78,1
PO-000450,9,5,2,2024-08-26,2024-09-13,2024-09-12,1873,1873,0,,10.35,10.76,1
PO-000451,9,5,2,2024-09-16,2024-10-04,2024-10-02,1876,1876,0,,10.35,10.93,1
PO-000452,9,5,3,2024-09-30,2024-10-18,2024-10-13,1902,1832,0,,10.35,10.85,1
PO-000453,9,5,1,2024-10-07,2024-10-25,2024-10-24,1730,1616,0,,10.35,10.91,1
PO-000454,9,5,8,2024-10-14,2024-11-01,2024-10-29,2052,1885,0,,10.35,10.81,1
PO-000455,9,5,5,2024-10-28,2024-11-15,2024-11-15,1823,1823,0,,10.35,10.79,1
PO-000456,9,5,8,2024-11-04,2024-11-22,2024-11-18,1843,1843,0,,10.35,10.74,1
PO-000457,9,5,5,2024-11-18,2024-12-06,2024-12-04,1389,1389,0,,10.35,10.76,1
PO-000458,9,5,6,2024-11-25,2024-12-13,2024-12-08,1368,1368,0,,10.35,10.78,1
PO-000459,9,5,6,2024-12-16,2025-01-03,2024-12-29,1308,1308,73,Short shelf life on arrival,10.35,10.88,1
PO-000460,9,5,5,2025-01-13,2025-01-31,2025-01-23,1618,1618,0,,10.35,10.57,1
PO-000461,9,5,1,2025-02-03,2025-02-21,2025-02-19,1577,1577,112,Damaged packaging,10.35,10.71,1
PO-000462,9,5,6,2025-02-10,2025-02-28,2025-02-26,1652,1652,0,,10.35,10.74,1
PO-000463,9,5,7,2025-02-17,2025-03-07,2025-03-03,1875,1875,0,,10.35,10.68,1
PO-000464,9,5,7,2025-02-24,2025-03-14,2025-03-11,1395,1395,0,,10.35,10.72,1
PO-000465,9,5,8,2025-03-03,2025-03-21,2025-03-15,1659,1659,135,Short shelf life on arrival,10.35,10.68,1
PO-000466,9,5,5,2025-03-10,2025-03-28,2025-03-25,1639,1537,0,,10.35,10.89,1
PO-000467,9,5,3,2025-03-17,2025-04-04,2025-04-03,1364,1364,0,,10.35,10.66,1
PO-000468,9,5,1,2025-03-31,2025-04-18,2025-04-16,1478,1478,0,,10.35,10.49,1
PO-000469,9,5,1,2025-04-28,2025-05-16,2025-05-12,1541,1541,0,,10.35,10.82,1
PO-000470,9,5,6,2025-05-05,2025-05-23,2025-05-31,1740,1740,0,,10.35,10.72,1
PO-000471,9,5,1,2025-05-12,2025-05-30,2025-05-26,1510,1510,0,,10.35,10.77,1
PO-000472,9,5,8,2025-05-19,2025-06-06,2025-06-02,1471,1357,0,,10.35,10.78,1
PO-000473,9,5,7,2025-05-26,2025-06-13,2025-06-12,1633,1633,0,,10.35,10.69,1
PO-000474,9,5,7,2025-06-02,2025-06-20,2025-06-21,1430,1430,0,,10.35,10.68,1
PO-000475,9,5,3,2025-06-09,2025-06-27,2025-06-24,1355,1315,0,,10.35,10.59,1
PO-000476,9,5,4,2025-06-16,2025-07-04,2025-07-03,1493,1493,0,,10.35,10.74,1
PO-000477,10,4,1,2024-08-05,2024-09-09,2024-09-04,433,433,0,,29.76,29.25,0
PO-000478,10,4,7,2024-08-12,2024-09-16,2024-09-08,337,337,0,,29.76,29.17,0
PO-000479,10,4,2,2024-11-11,2024-12-16,2024-12-07,461,461,0,,29.76,29.72,0
PO-000480,10,4,8,2024-12-23,2025-01-27,2025-01-24,421,421,0,,29.76,28.9,0
PO-000481,10,4,1,2025-01-06,2025-02-10,2025-02-04,257,257,0,,29.76,29.24,0
PO-000482,10,4,3,2025-01-20,2025-02-24,2025-02-06,315,315,0,,29.76,29.75,0
PO-000483,10,4,1,2025-02-24,2025-03-31,2025-03-26,361,361,0,,29.76,29.58,0
PO-000484,10,4,4,2025-03-17,2025-04-21,2025-05-01,403,403,0,,29.76,29.55,0
PO-000485,10,4,4,2025-04-21,2025-05-26,2025-05-25,429,429,0,,29.76,29.34,0
PO-000486,10,4,5,2025-06-16,2025-07-21,2025-07-20,431,431,0,,29.76,29.58,0
PO-000487,10,10,6,2024-07-08,2024-08-24,2024-08-24,421,421,0,,27.85,26.88,1
PO-000488,10,10,5,2024-07-22,2024-09-07,2024-09-10,331,331,0,,27.85,26.87,1
PO-000489,10,10,1,2024-08-05,2024-09-21,2024-09-14,356,356,0,,27.85,26.2,1
PO-000490,10,10,8,2024-08-12,2024-09-28,2024-09-28,352,352,0,,27.85,26.37,1
PO-000491,10,10,2,2024-08-19,2024-10-05,2024-09-27,300,289,0,,27.85,26.61,1
PO-000492,10,10,4,2024-08-26,2024-10-12,2024-10-06,336,336,0,,27.85,26.88,1
PO-000493,10,10,1,2024-09-02,2024-10-19,2024-10-16,488,488,0,,27.85,26.38,1
PO-000494,10,10,4,2024-09-16,2024-11-02,2024-11-01,452,428,0,,27.85,26.25,1
PO-000495,10,10,3,2024-10-14,2024-11-30,2024-11-23,250,250,0,,27.85,26.21,1
PO-000496,10,10,4,2024-10-21,2024-12-07,2024-12-10,473,451,0,,27.85,26.58,1
PO-000497,10,10,8,2024-11-11,2024-12-28,2024-12-24,314,314,0,,27.85,26.68,1
PO-000498,10,10,2,2024-11-18,2025-01-04,2025-01-02,557,557,0,,27.85,26.12,1
PO-000499,10,10,7,2024-12-02,2025-01-18,2025-01-13,359,342,0,,27.85,26.27,1
PO-000500,10,10,4,2024-12-09,2025-01-25,2025-01-14,291,291,0,,27.85,25.91,1
PO-000501,10,10,8,2024-12-16,2025-02-01,2025-02-14,415,415,0,,27.85,26.37,1
PO-000502,10,10,5,2025-01-13,2025-03-01,2025-02-20,519,519,0,,27.85,26.03,1
PO-000503,10,10,4,2025-02-03,2025-03-22,2025-03-21,362,362,0,,27.85,25.49,1
PO-000504,10,10,2,2025-02-17,2025-04-05,2025-03-30,323,323,0,,27.85,26.86,1
PO-000505,10,10,8,2025-03-10,2025-04-26,2025-04-16,417,417,0,,27.85,25.98,1
PO-000506,10,10,3,2025-03-24,2025-05-10,2025-05-10,419,419,0,,27.85,26.35,1
PO-000507,10,10,5,2025-03-31,2025-05-17,2025-05-04,489,489,0,,27.85,27.0,1
PO-000508,10,10,5,2025-04-07,2025-05-24,2025-06-05,398,381,0,,27.85,26.19,1
PO-000509,10,10,7,2025-04-28,2025-06-14,2025-06-06,482,482,0,,27.85,26.22,1
PO-000510,10,10,3,2025-05-05,2025-06-21,2025-06-19,468,468,0,,27.85,26.29,1
PO-000511,10,10,3,2025-05-12,2025-06-28,2025-06-21,446,427,15,Temperature excursion in transit,27.85,25.82,1
PO-000512,10,10,4,2025-06-09,2025-07-26,2025-07-09,507,507,0,,27.85,26.38,1
PO-000513,10,10,3,2025-06-16,2025-08-02,2025-07-25,412,412,0,,27.85,26.84,1
PO-000514,10,13,1,2024-07-15,2024-07-23,2024-07-22,649,649,0,,37.3,34.83,0
PO-000515,10,13,6,2024-08-05,2024-08-13,2024-08-11,369,369,0,,37.3,35.36,0
PO-000516,10,13,7,2024-09-09,2024-09-17,2024-09-16,476,476,0,,37.3,34.82,0
PO-000517,10,13,8,2024-09-30,2024-10-08,2024-10-08,666,666,56,Short shelf life on arrival,37.3,34.53,0
PO-000518,10,13,3,2024-10-21,2024-10-29,2024-10-28,596,596,31,Temperature excursion in transit,37.3,35.44,0
PO-000519,10,13,5,2024-11-04,2024-11-12,2024-11-11,528,528,0,,37.3,34.43,0
PO-000520,10,13,3,2024-11-25,2024-12-03,2024-12-03,519,519,0,,37.3,34.88,0
PO-000521,10,13,6,2024-12-09,2024-12-17,2024-12-16,359,359,0,,37.3,34.64,0
PO-000522,10,13,3,2024-12-23,2024-12-31,2024-12-31,426,426,59,Failed spec check,37.3,34.68,0
PO-000523,10,13,7,2025-01-06,2025-01-14,2025-01-13,484,484,0,,37.3,35.15,0
PO-000524,10,13,2,2025-01-13,2025-01-21,2025-01-21,280,280,26,Temperature excursion in transit,37.3,35.3,0
PO-000525,10,13,5,2025-02-03,2025-02-11,2025-02-10,426,426,28,Failed spec check,37.3,35.12,0
PO-000526,10,13,6,2025-02-10,2025-02-18,2025-02-17,468,468,0,,37.3,35.3,0
PO-000527,10,13,3,2025-02-24,2025-03-04,2025-03-04,408,408,0,,37.3,34.93,0
PO-000528,10,13,8,2025-03-31,2025-04-08,2025-04-07,250,250,0,,37.3,34.88,0
PO-000529,10,13,8,2025-04-21,2025-04-29,2025-04-28,499,499,44,Failed spec check,37.3,35.19,0
PO-000530,10,13,6,2025-05-05,2025-05-13,2025-05-12,368,368,0,,37.3,34.79,0
PO-000531,10,13,7,2025-05-19,2025-05-27,2025-05-27,422,422,0,,37.3,34.53,0
PO-000532,10,13,8,2025-06-02,2025-06-10,2025-06-10,435,435,0,,37.3,34.7,0
PO-000533,10,13,1,2025-06-16,2025-06-24,2025-06-24,563,563,0,,37.3,35.27,0
PO-000534,10,13,6,2025-06-23,2025-07-01,2025-07-01,362,362,0,,37.3,35.26,0
PO-000535,10,13,1,2025-06-30,2025-07-08,2025-07-08,570,570,0,,37.3,35.32,0
PO-000536,11,12,1,2024-07-08,2024-08-12,2024-08-21,591,569,0,,18.63,18.07,1
PO-000537,11,12,5,2024-07-15,2024-08-19,2024-08-14,738,738,0,,18.63,17.67,1
PO-000538,11,12,3,2024-07-22,2024-08-26,2024-08-22,558,558,0,,18.63,17.66,1
PO-000539,11,12,3,2024-07-29,2024-09-02,2024-08-18,628,628,0,,18.63,17.92,1
PO-000540,11,12,4,2024-08-05,2024-09-09,2024-09-09,771,771,0,,18.63,17.88,1
PO-000541,11,12,6,2024-08-12,2024-09-16,2024-09-08,735,735,0,,18.63,17.59,1
PO-000542,11,12,4,2024-08-19,2024-09-23,2024-09-21,732,690,0,,18.63,17.76,1
PO-000543,11,12,7,2024-08-26,2024-09-30,2024-09-26,920,920,0,,18.63,17.62,1
PO-000544,11,12,7,2024-09-02,2024-10-07,2024-10-07,801,801,0,,18.63,17.39,1
PO-000545,11,12,8,2024-09-09,2024-10-14,2024-10-08,702,676,0,,18.63,17.87,1
PO-000546,11,12,6,2024-09-16,2024-10-21,2024-10-12,789,789,0,,18.63,17.48,1
PO-000547,11,12,8,2024-09-23,2024-10-28,2024-10-23,1137,1137,0,,18.63,17.88,1
PO-000548,11,12,4,2024-09-30,2024-11-04,2024-10-26,500,500,0,,18.63,17.63,1
PO-000549,11,12,5,2024-10-07,2024-11-11,2024-11-10,574,574,0,,18.63,18.19,1
PO-000550,11,12,5,2024-10-14,2024-11-18,2024-11-15,500,500,0,,18.63,17.69,1
PO-000551,11,12,8,2024-10-21,2024-11-25,2024-12-07,782,782,0,,18.63,18.24,1
PO-000552,11,12,5,2024-10-28,2024-12-02,2024-11-29,948,948,0,,18.63,17.66,1
PO-000553,11,12,5,2024-11-04,2024-12-09,2024-12-08,855,855,0,,18.63,18.06,1
PO-000554,11,12,2,2024-11-11,2024-12-16,2024-12-12,894,862,0,,18.63,17.58,1
PO-000555,11,12,1,2024-11-18,2024-12-23,2025-01-15,817,817,0,,18.63,17.77,1
PO-000556,11,12,5,2024-11-25,2024-12-30,2024-12-25,724,724,0,,18.63,17.7,1
PO-000557,11,12,4,2024-12-02,2025-01-06,2024-12-25,851,802,0,,18.63,17.9,1
PO-000558,11,12,7,2024-12-09,2025-01-13,2025-01-07,878,878,0,,18.63,17.68,1
PO-000559,11,12,7,2024-12-16,2025-01-20,2025-01-10,776,776,0,,18.63,17.74,1
PO-000560,11,12,5,2024-12-23,2025-01-27,2025-01-14,500,500,0,,18.63,17.77,1
PO-000561,11,12,7,2024-12-30,2025-02-03,2025-02-03,893,893,0,,18.63,17.77,1
PO-000562,11,12,5,2025-01-06,2025-02-10,2025-02-03,741,741,0,,18.63,17.69,1
PO-000563,11,12,1,2025-01-13,2025-02-17,2025-02-16,803,803,0,,18.63,17.52,1
PO-000564,11,12,7,2025-01-20,2025-02-24,2025-02-21,680,680,0,,18.63,17.7,1
PO-000565,11,12,4,2025-01-27,2025-03-03,2025-03-04,931,889,0,,18.63,17.63,1
PO-000566,11,12,3,2025-02-03,2025-03-10,2025-02-28,934,934,0,,18.63,17.76,1
PO-000567,11,12,5,2025-02-10,2025-03-17,2025-03-09,594,594,0,,18.63,17.98,1
PO-000568,11,12,3,2025-02-17,2025-03-24,2025-03-19,707,707,0,,18.63,17.99,1
PO-000569,11,12,3,2025-02-24,2025-03-31,2025-03-31,717,717,0,,18.63,17.75,1
PO-000570,11,12,8,2025-03-03,2025-04-07,2025-03-31,748,717,0,,18.63,17.42,1
PO-000571,11,12,2,2025-03-10,2025-04-14,2025-04-13,900,900,0,,18.63,17.91,1
PO-000572,11,12,4,2025-03-17,2025-04-21,2025-04-20,500,500,0,,18.63,17.75,1
PO-000573,11,12,8,2025-03-24,2025-04-28,2025-04-23,676,676,0,,18.63,17.67,1
PO-000574,11,12,1,2025-03-31,2025-05-05,2025-05-04,1080,1052,0,,18.63,17.92,1
PO-000575,11,12,7,2025-04-07,2025-05-12,2025-05-12,848,848,0,,18.63,17.74,1
PO-000576,11,12,4,2025-04-14,2025-05-19,2025-05-03,746,746,0,,18.63,17.68,1
PO-000577,11,12,7,2025-04-21,2025-05-26,2025-05-23,657,657,0,,18.63,17.64,1
PO-000578,11,12,4,2025-04-28,2025-06-02,2025-06-01,1031,1031,0,,18.63,17.48,1
PO-000579,11,12,7,2025-05-05,2025-06-09,2025-06-05,587,587,0,,18.63,17.47,1
PO-000580,11,12,5,2025-05-12,2025-06-16,2025-06-10,951,951,0,,18.63,17.83,1
PO-000581,11,12,3,2025-05-19,2025-06-23,2025-08-01,610,610,0,,18.63,17.82,1
PO-000582,11,12,6,2025-05-26,2025-06-30,2025-07-05,551,551,0,,18.63,17.65,1
PO-000583,11,12,1,2025-06-02,2025-07-07,2025-07-04,763,763,0,,18.63,17.57,1
PO-000584,11,12,2,2025-06-09,2025-07-14,2025-07-11,977,977,0,,18.63,17.66,1
PO-000585,11,12,7,2025-06-16,2025-07-21,2025-07-21,517,517,47,Temperature excursion in transit,18.63,17.78,1
PO-000586,11,12,6,2025-06-23,2025-07-28,2025-07-23,924,924,0,,18.63,17.76,1
PO-000587,11,12,3,2025-06-30,2025-08-04,2025-07-29,832,832,0,,18.63,17.4,1
PO-000588,12,6,6,2024-07-08,2024-07-26,2024-07-31,1520,1520,68,Damaged packaging,35.09,34.24,0
PO-000589,12,6,8,2024-07-29,2024-08-16,2024-08-12,1559,1559,0,,35.09,33.81,0
PO-000590,12,6,2,2024-08-12,2024-08-30,2024-08-29,1542,1542,0,,35.09,34.39,0
PO-000591,12,6,6,2024-08-19,2024-09-06,2024-09-04,2206,2206,0,,35.09,34.28,0
PO-000592,12,6,1,2024-08-26,2024-09-13,2024-09-10,1875,1875,0,,35.09,34.47,0
PO-000593,12,6,2,2024-09-02,2024-09-20,2024-09-16,2370,2370,0,,35.09,34.41,0
PO-000594,12,6,6,2024-11-04,2024-11-22,2024-11-17,2225,2225,203,Damaged packaging,35.09,34.33,0
PO-000595,12,6,1,2024-11-18,2024-12-06,2024-12-13,1000,1000,0,,35.09,34.44,0
PO-000596,12,6,5,2024-11-25,2024-12-13,2024-12-11,1545,1545,0,,35.09,33.96,0
PO-000597,12,6,6,2024-12-16,2025-01-03,2025-01-17,1000,1000,0,,35.09,34.45,0
PO-000598,12,6,4,2024-12-23,2025-01-10,2025-01-09,1304,1304,0,,35.09,33.99,0
PO-000599,12,6,3,2025-02-24,2025-03-14,2025-03-12,1851,1851,0,,35.09,34.07,0
PO-000600,12,6,6,2025-03-31,2025-04-18,2025-04-14,1251,1251,0,,35.09,33.84,0
PO-000601,12,6,2,2025-04-14,2025-05-02,2025-04-27,1759,1759,0,,35.09,34.42,0
PO-000602,12,6,2,2025-05-05,2025-05-23,2025-05-21,1675,1675,0,,35.09,34.52,0
PO-000603,12,6,7,2025-05-19,2025-06-06,2025-06-05,1187,1187,74,Temperature excursion in transit,35.09,34.44,0
PO-000604,12,1,2,2024-07-08,2024-07-16,2024-07-15,3765,3765,0,,34.45,35.36,1
PO-000605,12,1,1,2024-07-15,2024-07-23,2024-07-22,5561,5561,0,,34.45,35.31,1
PO-000606,12,1,6,2024-07-22,2024-07-30,2024-07-30,3653,3653,116,Temperature excursion in transit,34.45,35.34,1
PO-000607,12,1,3,2024-07-29,2024-08-06,2024-08-05,4043,4043,0,,34.45,34.97,1
PO-000608,12,1,6,2024-08-05,2024-08-13,2024-08-13,4626,4626,0,,34.45,35.45,1
PO-000609,12,1,6,2024-08-12,2024-08-20,2024-08-18,4053,4053,0,,34.45,34.88,1
PO-000610,12,1,4,2024-08-19,2024-08-27,2024-08-26,6197,6197,0,,34.45,35.28,1
PO-000611,12,1,8,2024-08-26,2024-09-03,2024-09-01,2919,2919,0,,34.45,34.95,1
PO-000612,12,1,6,2024-09-09,2024-09-17,2024-09-14,3697,3697,0,,34.45,35.06,1
PO-000613,12,1,8,2024-09-30,2024-10-08,2024-10-04,4591,4591,0,,34.45,35.75,1
PO-000614,12,1,8,2024-10-14,2024-10-22,2024-10-21,4820,4820,0,,34.45,35.43,1
PO-000615,12,1,4,2024-10-28,2024-11-05,2024-11-04,4625,4478,0,,34.45,35.34,1
PO-000616,12,1,5,2024-11-04,2024-11-12,2024-11-08,3213,3213,0,,34.45,35.35,1
PO-000617,12,1,8,2024-11-11,2024-11-19,2024-11-18,4998,4998,0,,34.45,34.88,1
PO-000618,12,1,6,2024-11-25,2024-12-03,2024-11-30,3617,3617,166,Short shelf life on arrival,34.45,35.7,1
PO-000619,12,1,3,2024-12-02,2024-12-10,2024-12-09,3208,3208,0,,34.45,35.51,1
PO-000620,12,1,3,2024-12-09,2024-12-17,2024-12-16,4300,4300,0,,34.45,35.23,1
PO-000621,12,1,4,2024-12-16,2024-12-24,2024-12-23,4577,4218,0,,34.45,34.77,1
PO-000622,12,1,7,2024-12-23,2024-12-31,2024-12-29,4398,4398,176,Damaged packaging,34.45,34.83,1
PO-000623,12,1,5,2025-01-20,2025-01-28,2025-01-27,4048,4048,0,,34.45,35.58,1
PO-000624,12,1,6,2025-01-27,2025-02-04,2025-02-04,5337,5337,0,,34.45,35.2,1
PO-000625,12,1,1,2025-02-10,2025-02-18,2025-02-17,4209,4209,0,,34.45,35.32,1
PO-000626,12,1,1,2025-02-17,2025-02-25,2025-02-25,4353,4353,0,,34.45,35.18,1
PO-000627,12,1,7,2025-02-24,2025-03-04,2025-03-03,3906,3906,0,,34.45,35.06,1
PO-000628,12,1,3,2025-03-10,2025-03-18,2025-03-17,5357,5357,0,,34.45,35.38,1
PO-000629,12,1,4,2025-03-17,2025-03-25,2025-03-25,4090,4090,0,,34.45,35.4,1
PO-000630,12,1,6,2025-04-07,2025-04-15,2025-04-15,3973,3973,0,,34.45,35.78,1
PO-000631,12,1,8,2025-04-14,2025-04-22,2025-04-22,4482,4482,0,,34.45,35.64,1
PO-000632,12,1,3,2025-04-21,2025-04-29,2025-04-28,4117,4117,0,,34.45,35.33,1
PO-000633,12,1,5,2025-05-05,2025-05-13,2025-05-12,3491,3491,0,,34.45,35.47,1
PO-000634,12,1,6,2025-05-12,2025-05-20,2025-05-19,4326,4326,0,,34.45,35.37,1
PO-000635,12,1,2,2025-05-19,2025-05-27,2025-05-27,4644,4390,0,,34.45,35.09,1
PO-000636,12,1,6,2025-05-26,2025-06-03,2025-06-03,3751,3633,130,Short shelf life on arrival,34.45,35.6,1
PO-000637,12,1,4,2025-06-09,2025-06-17,2025-06-15,3769,3769,0,,34.45,35.72,1
PO-000638,12,1,7,2025-06-16,2025-06-24,2025-06-23,3532,3315,0,,34.45,35.04,1
PO-000639,12,1,8,2025-06-23,2025-07-01,2025-06-30,5038,5038,0,,34.45,35.47,1
PO-000640,12,1,1,2025-06-30,2025-07-08,2025-07-08,3234,3234,0,,34.45,34.71,1
PO-000641,13,2,1,2024-07-15,2024-08-12,2024-07-26,163,163,0,,9.28,9.43,1
PO-000642,13,2,7,2024-07-22,2024-08-19,2024-08-11,121,106,0,,9.28,9.67,1
PO-000643,13,2,2,2024-08-05,2024-09-02,2024-08-28,100,100,0,,9.28,9.4,1
PO-000644,13,2,2,2024-08-26,2024-09-23,2024-09-21,179,179,0,,9.28,9.41,1
PO-000645,13,2,1,2024-09-02,2024-09-30,2024-10-07,167,167,7,Damaged packaging,9.28,9.62,1
PO-000646,13,2,7,2024-09-09,2024-10-07,2024-10-07,100,100,0,,9.28,9.47,1
PO-000647,13,2,5,2024-09-16,2024-10-14,2024-10-13,132,125,0,,9.28,9.39,1
PO-000648,13,2,7,2024-09-30,2024-10-28,2024-10-27,126,126,0,,9.28,9.56,1
PO-000649,13,2,1,2024-10-07,2024-11-04,2024-10-28,142,142,0,,9.28,9.5,1
PO-000650,13,2,6,2024-10-14,2024-11-11,2024-11-09,128,120,0,,9.28,9.54,1
PO-000651,13,2,4,2024-10-21,2024-11-18,2024-11-08,155,155,0,,9.28,9.61,1
PO-000652,13,2,5,2024-10-28,2024-11-25,2024-11-26,100,100,0,,9.28,9.41,1
PO-000653,13,2,6,2024-11-04,2024-12-02,2024-11-30,192,192,0,,9.28,9.45,1
PO-000654,13,2,2,2024-11-11,2024-12-09,2024-12-08,179,157,0,,9.28,9.59,1
PO-000655,13,2,7,2024-11-18,2024-12-16,2024-12-16,148,148,19,Temperature excursion in transit,9.28,9.59,1
PO-000656,13,2,7,2024-12-02,2024-12-30,2024-12-30,125,125,0,,9.28,9.46,1
PO-000657,13,2,7,2024-12-09,2025-01-06,2025-01-02,124,124,0,,9.28,9.55,1
PO-000658,13,2,8,2024-12-16,2025-01-13,2025-01-02,145,145,19,Damaged packaging,9.28,9.52,1
PO-000659,13,2,6,2024-12-23,2025-01-20,2025-01-17,211,211,33,Temperature excursion in transit,9.28,9.5,1
PO-000660,13,2,4,2025-01-06,2025-02-03,2025-01-28,134,134,0,,9.28,9.61,1
PO-000661,13,2,6,2025-02-03,2025-03-03,2025-03-10,197,197,0,,9.28,9.64,1
PO-000662,13,2,3,2025-02-10,2025-03-10,2025-03-02,138,131,0,,9.28,9.54,1
PO-000663,13,2,3,2025-02-17,2025-03-17,2025-03-03,140,140,0,,9.28,9.58,1
PO-000664,13,2,5,2025-03-03,2025-03-31,2025-03-26,183,183,0,,9.28,9.47,1
PO-000665,13,2,6,2025-03-10,2025-04-07,2025-04-05,188,188,0,,9.28,9.24,1
PO-000666,13,2,4,2025-03-24,2025-04-21,2025-04-17,136,136,10,Failed spec check,9.28,9.57,1
PO-000667,13,2,4,2025-04-07,2025-05-05,2025-04-23,180,180,0,,9.28,9.58,1
PO-000668,13,2,2,2025-04-14,2025-05-12,2025-05-03,142,142,0,,9.28,9.48,1
PO-000669,13,2,2,2025-05-12,2025-06-09,2025-05-28,158,158,0,,9.28,9.67,1
PO-000670,13,2,3,2025-05-19,2025-06-16,2025-06-03,160,160,0,,9.28,9.71,1
PO-000671,13,2,4,2025-05-26,2025-06-23,2025-06-12,217,203,0,,9.28,9.59,1
PO-000672,13,2,8,2025-06-02,2025-06-30,2025-06-29,140,140,5,Temperature excursion in transit,9.28,9.57,1
PO-000673,13,2,3,2025-06-09,2025-07-07,2025-06-29,166,166,0,,9.28,9.68,1
PO-000674,13,2,3,2025-06-16,2025-07-14,2025-07-13,223,223,0,,9.28,9.73,1
PO-000675,13,5,6,2024-07-22,2024-08-07,2024-08-07,1538,1538,0,,8.39,8.86,0
PO-000676,13,5,4,2024-07-29,2024-08-14,2024-08-15,1609,1609,0,,8.39,8.66,0
PO-000677,13,5,5,2024-08-05,2024-08-21,2024-09-04,1383,1383,0,,8.39,8.59,0
PO-000678,13,5,4,2024-09-16,2024-10-02,2024-10-01,1443,1329,0,,8.39,8.68,0
PO-000679,13,5,4,2024-09-23,2024-10-09,2024-10-07,2029,2029,0,,8.39,8.8,0
PO-000680,13,5,2,2024-09-30,2024-10-16,2024-10-14,1546,1546,0,,8.39,8.75,0
PO-000681,13,5,5,2024-10-07,2024-10-23,2024-10-21,1971,1971,0,,8.39,8.76,0
PO-000682,13,5,3,2024-10-21,2024-11-06,2024-11-04,1099,1024,0,,8.39,8.67,0
PO-000683,13,5,4,2024-10-28,2024-11-13,2024-11-09,1281,1281,0,,8.39,8.81,0
PO-000684,13,5,7,2024-11-04,2024-11-20,2024-11-15,1290,1290,0,,8.39,8.67,0
PO-000685,13,5,6,2024-11-18,2024-12-04,2024-11-27,1782,1782,0,,8.39,8.77,0
PO-000686,13,5,7,2024-12-09,2024-12-25,2024-12-23,1648,1648,0,,8.39,8.69,0
PO-000687,13,5,7,2025-01-06,2025-01-22,2025-01-17,1715,1645,0,,8.39,8.68,0
PO-000688,13,5,5,2025-01-20,2025-02-05,2025-02-03,1522,1382,0,,8.39,8.8,0
PO-000689,13,5,1,2025-01-27,2025-02-12,2025-02-11,2031,2031,0,,8.39,8.7,0
PO-000690,13,5,6,2025-02-10,2025-02-26,2025-02-21,1718,1718,0,,8.39,8.81,0
PO-000691,13,5,6,2025-02-24,2025-03-12,2025-03-12,1140,1140,99,Temperature excursion in transit,8.39,8.63,0
PO-000692,13,5,4,2025-03-17,2025-04-02,2025-03-31,1405,1405,0,,8.39,8.73,0
PO-000693,13,5,3,2025-04-28,2025-05-14,2025-05-12,1988,1988,0,,8.39,8.74,0
PO-000694,13,5,1,2025-05-05,2025-05-21,2025-05-12,1569,1569,0,,8.39,8.55,0
PO-000695,13,5,8,2025-05-12,2025-05-28,2025-05-29,1166,1166,0,,8.39,8.85,0
PO-000696,13,5,3,2025-05-19,2025-06-04,2025-06-03,1758,1758,0,,8.39,8.75,0
PO-000697,13,5,1,2025-06-02,2025-06-18,2025-06-15,1953,1820,0,,8.39,8.69,0
PO-000698,13,5,7,2025-06-09,2025-06-25,2025-06-24,1446,1446,0,,8.39,8.82,0
PO-000699,13,5,8,2025-06-16,2025-07-02,2025-07-01,1110,1110,0,,8.39,8.7,0
PO-000700,13,5,2,2025-06-23,2025-07-09,2025-07-18,1000,1000,0,,8.39,8.73,0
PO-000701,14,7,6,2024-07-08,2024-08-19,2024-08-12,4200,4200,0,,16.12,14.84,1
PO-000702,14,7,8,2024-07-15,2024-08-26,2024-08-25,4375,4375,164,Short shelf life on arrival,16.12,15.06,1
PO-000703,14,7,8,2024-07-22,2024-09-02,2024-08-31,3108,3108,0,,16.12,15.18,1
PO-000704,14,7,5,2024-07-29,2024-09-09,2024-09-06,4096,4096,219,Damaged packaging,16.12,15.27,1
PO-000705,14,7,7,2024-08-05,2024-09-16,2024-09-05,4706,4706,393,Temperature excursion in transit,16.12,15.26,1
PO-000706,14,7,7,2024-08-12,2024-09-23,2024-09-14,4780,4780,0,,16.12,15.3,1
PO-000707,14,7,2,2024-08-19,2024-09-30,2024-09-24,3405,3405,0,,16.12,15.21,1
PO-000708,14,7,6,2024-08-26,2024-10-07,2024-10-04,2500,2500,119,Short shelf life on arrival,16.12,14.88,1
PO-000709,14,7,4,2024-09-02,2024-10-14,2024-10-07,4528,4528,0,,16.12,15.16,1
PO-000710,14,7,7,2024-09-09,2024-10-21,2024-10-11,3785,3785,0,,16.12,15.23,1
PO-000711,14,7,1,2024-09-16,2024-10-28,2024-10-15,5201,5201,0,,16.12,15.09,1
PO-000712,14,7,7,2024-09-23,2024-11-04,2024-10-30,4341,4341,0,,16.12,15.3,1
PO-000713,14,7,7,2024-09-30,2024-11-11,2024-11-09,3505,3505,0,,16.12,15.22,1
PO-000714,14,7,2,2024-10-07,2024-11-18,2024-11-17,4269,4269,0,,16.12,15.24,1
PO-000715,14,7,5,2024-10-14,2024-11-25,2024-11-23,4001,4001,0,,16.12,15.37,1
PO-000716,14,7,7,2024-10-21,2024-12-02,2024-11-14,3463,3463,0,,16.12,14.99,1
PO-000717,14,7,8,2024-10-28,2024-12-09,2024-11-24,4590,4590,0,,16.12,14.99,1
PO-000718,14,7,8,2024-11-04,2024-12-16,2024-12-11,4478,4478,0,,16.12,15.15,1
PO-000719,14,7,6,2024-11-18,2024-12-30,2024-12-18,2574,2574,0,,16.12,15.06,1
PO-000720,14,7,8,2024-11-25,2025-01-06,2024-12-23,4012,4012,0,,16.12,15.26,1
PO-000721,14,7,8,2024-12-02,2025-01-13,2025-01-06,4565,4565,0,,16.12,15.34,1
PO-000722,14,7,6,2024-12-09,2025-01-20,2025-01-12,2710,2710,0,,16.12,14.8,1
PO-000723,14,7,2,2024-12-16,2025-01-27,2025-01-03,3990,3990,0,,16.12,15.08,1
PO-000724,14,7,2,2024-12-23,2025-02-03,2025-01-25,3579,3579,0,,16.12,14.99,1
PO-000725,14,7,1,2024-12-30,2025-02-10,2025-01-28,2889,2889,0,,16.12,15.41,1
PO-000726,14,7,7,2025-01-06,2025-02-17,2025-02-11,2881,2881,0,,16.12,15.0,1
PO-000727,14,7,3,2025-01-13,2025-02-24,2025-02-22,5873,5873,0,,16.12,15.07,1
PO-000728,14,7,5,2025-01-20,2025-03-03,2025-02-14,2500,2500,0,,16.12,15.07,1
PO-000729,14,7,7,2025-01-27,2025-03-10,2025-03-02,5677,5677,0,,16.12,14.9,1
PO-000730,14,7,3,2025-02-03,2025-03-17,2025-03-12,3449,3449,0,,16.12,15.03,1
PO-000731,14,7,6,2025-02-10,2025-03-24,2025-03-17,4317,4317,0,,16.12,15.41,1
PO-000732,14,7,2,2025-02-17,2025-03-31,2025-03-31,5067,5067,0,,16.12,15.21,1
PO-000733,14,7,1,2025-02-24,2025-04-07,2025-04-02,4453,4453,0,,16.12,15.26,1
PO-000734,14,7,1,2025-03-03,2025-04-14,2025-04-07,5561,5561,0,,16.12,15.17,1
PO-000735,14,7,5,2025-03-10,2025-04-21,2025-04-14,4260,4260,0,,16.12,14.97,1
PO-000736,14,7,6,2025-03-17,2025-04-28,2025-04-24,5467,5467,369,Temperature excursion in transit,16.12,15.07,1
PO-000737,14,7,4,2025-03-24,2025-05-05,2025-05-13,3603,3603,0,,16.12,15.56,1
PO-000738,14,7,4,2025-03-31,2025-05-12,2025-05-07,2547,2547,0,,16.12,15.05,1
PO-000739,14,7,8,2025-04-07,2025-05-19,2025-05-15,2981,2981,0,,16.12,15.22,1
PO-000740,14,7,4,2025-04-14,2025-05-26,2025-05-28,2842,2842,0,,16.12,15.44,1
PO-000741,14,7,6,2025-04-28,2025-06-09,2025-05-29,3798,3798,0,,16.12,15.25,1
PO-000742,14,7,6,2025-05-05,2025-06-16,2025-06-05,4196,4196,215,Short shelf life on arrival,16.12,15.31,1
PO-000743,14,7,2,2025-05-12,2025-06-23,2025-06-24,3657,3657,0,,16.12,14.99,1
PO-000744,14,7,3,2025-05-19,2025-06-30,2025-06-26,4332,4332,130,Failed spec check,16.12,15.29,1
PO-000745,14,7,1,2025-05-26,2025-07-07,2025-06-25,4733,4733,0,,16.12,15.02,1
PO-000746,14,7,3,2025-06-02,2025-07-14,2025-07-04,2952,2952,0,,16.12,15.17,1
PO-000747,14,7,5,2025-06-09,2025-07-21,2025-07-18,3554,3554,0,,16.12,15.08,1
PO-000748,14,7,5,2025-06-16,2025-07-28,2025-07-22,3080,3080,0,,16.12,14.99,1
PO-000749,14,7,8,2025-06-23,2025-08-04,2025-08-03,2802,2802,0,,16.12,15.08,1
PO-000750,14,7,6,2025-06-30,2025-08-11,2025-08-10,5278,5278,0,,16.12,15.05,1
PO-000751,14,3,5,2024-10-14,2024-11-15,2024-11-10,1365,1365,0,,19.24,18.41,0
PO-000752,15,11,1,2024-07-08,2024-07-25,2024-07-21,412,412,0,,13.35,12.63,1
PO-000753,15,11,4,2024-07-15,2024-08-01,2024-08-20,448,448,0,,13.35,12.6,1
PO-000754,15,11,8,2024-07-22,2024-08-08,2024-08-07,365,365,0,,13.35,12.58,1
PO-000755,15,11,3,2024-07-29,2024-08-15,2024-08-08,495,495,0,,13.35,12.84,1
PO-000756,15,11,1,2024-08-05,2024-08-22,2024-08-09,467,467,0,,13.35,12.99,1
PO-000757,15,11,5,2024-08-12,2024-08-29,2024-08-28,338,299,15,Failed spec check,13.35,12.81,1
PO-000758,15,11,1,2024-08-19,2024-09-05,2024-08-28,250,250,0,,13.35,12.71,1
PO-000759,15,11,3,2024-09-02,2024-09-19,2024-09-27,313,313,0,,13.35,12.8,1
PO-000760,15,11,1,2024-09-16,2024-10-03,2024-10-03,359,359,0,,13.35,12.77,1
PO-000761,15,11,4,2024-09-23,2024-10-10,2024-10-02,313,313,0,,13.35,12.82,1
PO-000762,15,11,2,2024-09-30,2024-10-17,2024-10-05,342,342,0,,13.35,12.76,1
PO-000763,15,11,6,2024-10-07,2024-10-24,2024-10-18,331,331,0,,13.35,12.45,1
PO-000764,15,11,4,2024-10-14,2024-10-31,2024-11-05,415,415,0,,13.35,12.82,1
PO-000765,15,11,1,2024-10-21,2024-11-07,2024-11-06,291,291,0,,13.35,12.66,1
PO-000766,15,11,8,2024-10-28,2024-11-14,2024-11-10,463,387,0,,13.35,12.75,1
PO-000767,15,11,6,2024-11-04,2024-11-21,2024-11-17,485,485,0,,13.35,12.98,1
PO-000768,15,11,5,2024-11-11,2024-11-28,2024-11-26,489,489,0,,13.35,12.88,1
PO-000769,15,11,5,2024-11-18,2024-12-05,2024-12-03,272,272,0,,13.35,12.72,1
PO-000770,15,11,5,2024-11-25,2024-12-12,2024-12-11,306,306,0,,13.35,12.9,1
PO-000771,15,11,8,2024-12-02,2024-12-19,2024-12-07,315,274,0,,13.35,12.58,1
PO-000772,15,11,8,2024-12-09,2024-12-26,2024-12-27,505,505,0,,13.35,12.65,1
PO-000773,15,11,8,2024-12-16,2025-01-02,2025-01-01,592,592,0,,13.35,12.79,1
PO-000774,15,11,5,2024-12-23,2025-01-09,2025-01-07,365,365,0,,13.35,12.91,1
PO-000775,15,11,4,2024-12-30,2025-01-16,2025-01-12,388,388,0,,13.35,12.84,1
PO-000776,15,11,8,2025-01-06,2025-01-23,2025-01-18,304,304,20,Short shelf life on arrival,13.35,12.78,1
PO-000777,15,11,6,2025-01-13,2025-01-30,2025-01-26,358,358,0,,13.35,12.57,1
PO-000778,15,11,3,2025-01-27,2025-02-13,2025-02-26,475,475,0,,13.35,12.95,1
PO-000779,15,11,8,2025-02-03,2025-02-20,2025-02-15,351,351,0,,13.35,12.63,1
PO-000780,15,11,6,2025-02-10,2025-02-27,2025-02-22,493,493,0,,13.35,12.91,1
PO-000781,15,11,5,2025-02-17,2025-03-06,2025-03-05,363,363,20,Temperature excursion in transit,13.35,12.93,1
PO-000782,15,11,4,2025-02-24,2025-03-13,2025-03-28,446,446,0,,13.35,12.69,1
PO-000783,15,11,3,2025-03-03,2025-03-20,2025-03-19,543,543,0,,13.35,12.94,1
PO-000784,15,11,1,2025-03-10,2025-03-27,2025-03-23,375,375,0,,13.35,12.75,1
PO-000785,15,11,4,2025-03-17,2025-04-03,2025-03-28,496,496,0,,13.35,12.87,1
PO-000786,15,11,6,2025-03-24,2025-04-10,2025-04-09,393,393,0,,13.35,12.84,1
PO-000787,15,11,6,2025-03-31,2025-04-17,2025-04-10,475,475,0,,13.35,12.54,1
PO-000788,15,11,1,2025-04-14,2025-05-01,2025-04-28,393,350,31,Short shelf life on arrival,13.35,12.66,1
PO-000789,15,11,2,2025-04-21,2025-05-08,2025-05-03,360,360,0,,13.35,12.5,1
PO-000790,15,11,2,2025-04-28,2025-05-15,2025-06-03,449,449,0,,13.35,12.77,1
PO-000791,15,11,1,2025-05-05,2025-05-22,2025-05-15,312,312,0,,13.35,12.67,1
PO-000792,15,11,8,2025-05-12,2025-05-29,2025-06-05,250,250,0,,13.35,12.73,1
PO-000793,15,11,7,2025-05-26,2025-06-12,2025-06-22,343,343,0,,13.35,12.86,1
PO-000794,15,11,2,2025-06-02,2025-06-19,2025-06-18,525,525,0,,13.35,12.79,1
PO-000795,15,11,8,2025-06-09,2025-06-26,2025-06-21,442,442,0,,13.35,12.74,1
PO-000796,15,11,1,2025-06-16,2025-07-03,2025-06-27,442,442,0,,13.35,12.82,1
PO-000797,15,11,5,2025-06-23,2025-07-10,2025-07-10,250,250,0,,13.35,12.79,1
PO-000798,15,11,5,2025-06-30,2025-07-17,2025-07-14,345,345,24,Failed spec check,13.35,12.8,1
PO-000799,15,14,6,2024-08-05,2024-08-21,2024-08-16,714,714,0,,13.2,13.74,0
PO-000800,15,14,8,2024-12-02,2024-12-18,2024-12-11,768,768,0,,13.2,13.5,0
PO-000801,15,14,4,2024-12-09,2024-12-25,2024-12-21,788,788,0,,13.2,13.88,0
PO-000802,15,14,2,2025-01-13,2025-01-29,2025-01-26,968,968,0,,13.2,13.78,0
PO-000803,15,14,1,2025-01-20,2025-02-05,2025-02-03,952,952,0,,13.2,13.65,0
PO-000804,16,5,2,2024-07-29,2024-08-15,2024-08-13,4773,4773,0,,8.57,8.91,0
PO-000805,16,5,4,2024-09-02,2024-09-19,2024-09-15,4628,4628,0,,8.57,8.92,0
PO-000806,16,5,3,2024-11-04,2024-11-21,2024-11-18,3877,3877,0,,8.57,8.82,0
PO-000807,16,5,6,2024-11-11,2024-11-28,2024-12-16,3674,3674,0,,8.57,9.03,0
PO-000808,16,5,2,2024-12-16,2025-01-02,2025-01-01,5094,4676,0,,8.57,8.71,0
PO-000809,16,5,4,2025-05-05,2025-05-22,2025-05-20,3899,3899,0,,8.57,8.99,0
PO-000810,16,5,8,2025-06-16,2025-07-03,2025-07-03,5272,5018,0,,8.57,8.81,0
PO-000811,16,9,8,2024-08-19,2024-10-02,2024-09-28,2657,2657,0,,7.62,7.8,0
PO-000812,16,9,8,2024-11-18,2025-01-01,2024-12-29,5042,4870,0,,7.62,7.86,0
PO-000813,16,9,5,2024-12-16,2025-01-29,2025-01-28,2755,2658,0,,7.62,7.89,0
PO-000814,16,9,7,2024-12-30,2025-02-12,2025-02-07,3001,3001,0,,7.62,8.01,0
PO-000815,16,9,8,2025-01-06,2025-02-19,2025-02-19,3887,3800,0,,7.62,7.78,0
PO-000816,16,9,7,2025-02-24,2025-04-09,2025-04-08,3763,3601,0,,7.62,7.81,0
PO-000817,16,9,5,2025-03-10,2025-04-23,2025-04-20,3475,3475,0,,7.62,7.87,0
PO-000818,16,9,1,2025-03-24,2025-05-07,2025-05-02,3019,3019,0,,7.62,7.91,0
PO-000819,16,9,6,2025-04-14,2025-05-28,2025-05-23,3794,3794,0,,7.62,7.84,0
PO-000820,16,9,7,2025-04-28,2025-06-11,2025-06-10,3092,3092,0,,7.62,7.88,0
PO-000821,16,9,7,2025-05-05,2025-06-18,2025-06-17,2856,2856,0,,7.62,7.88,0
PO-000822,16,9,6,2025-06-16,2025-07-30,2025-07-24,3612,3612,0,,7.62,7.84,0
PO-000823,16,10,7,2024-07-08,2024-08-24,2024-08-21,446,446,0,,7.62,7.11,1
PO-000824,16,10,5,2024-07-15,2024-08-31,2024-08-26,465,465,0,,7.62,7.15,1
PO-000825,16,10,6,2024-07-29,2024-09-14,2024-09-25,388,388,0,,7.62,7.22,1
PO-000826,16,10,1,2024-08-05,2024-09-21,2024-09-16,412,412,0,,7.62,7.25,1
PO-000827,16,10,8,2024-08-12,2024-09-28,2024-09-27,432,417,0,,7.62,7.15,1
PO-000828,16,10,5,2024-08-19,2024-10-05,2024-10-02,311,311,0,,7.62,7.17,1
PO-000829,16,10,3,2024-08-26,2024-10-12,2024-10-05,373,373,0,,7.62,7.32,1
PO-000830,16,10,1,2024-09-30,2024-11-16,2024-11-13,360,360,0,,7.62,7.32,1
PO-000831,16,10,2,2024-10-07,2024-11-23,2024-11-09,325,325,0,,7.62,7.38,1
PO-000832,16,10,5,2024-10-14,2024-11-30,2024-11-30,395,395,0,,7.62,7.16,1
PO-000833,16,10,2,2024-11-04,2024-12-21,2024-12-04,363,363,0,,7.62,7.18,1
PO-000834,16,10,3,2024-11-11,2024-12-28,2025-01-05,516,516,0,,7.62,7.26,1
PO-000835,16,10,6,2024-11-25,2025-01-11,2025-01-09,386,386,0,,7.62,7.31,1
PO-000836,16,10,4,2024-12-09,2025-01-25,2025-01-18,324,324,0,,7.62,7.17,1
PO-000837,16,10,8,2025-01-06,2025-02-22,2025-02-13,465,465,17,Documentation incomplete,7.62,7.03,1
PO-000838,16,10,7,2025-01-20,2025-03-08,2025-03-21,328,328,0,,7.62,7.18,1
PO-000839,16,10,5,2025-02-03,2025-03-22,2025-03-18,431,431,0,,7.62,7.2,1
PO-000840,16,10,2,2025-02-17,2025-04-05,2025-04-04,614,614,0,,7.62,7.26,1
PO-000841,16,10,6,2025-02-24,2025-04-12,2025-03-31,432,432,0,,7.62,7.2,1
PO-000842,16,10,1,2025-03-10,2025-04-26,2025-04-24,362,362,0,,7.62,7.15,1
PO-000843,16,10,6,2025-03-24,2025-05-10,2025-05-02,373,373,0,,7.62,7.18,1
PO-000844,16,10,3,2025-04-21,2025-06-07,2025-05-28,483,483,0,,7.62,7.16,1
PO-000845,16,10,7,2025-05-05,2025-06-21,2025-06-29,250,250,0,,7.62,7.15,1
PO-000846,16,10,7,2025-06-30,2025-08-16,2025-08-14,326,317,0,,7.62,7.23,1
PO-000847,17,8,2,2024-09-23,2024-11-04,2024-10-18,1429,1429,0,,22.46,24.47,0
PO-000848,17,8,7,2024-12-02,2025-01-13,2025-01-10,1478,1478,0,,22.46,24.7,0
PO-000849,17,8,8,2025-04-07,2025-05-19,2025-05-06,1436,1436,0,,22.46,24.79,0
PO-000850,17,8,2,2025-05-12,2025-06-23,2025-06-11,2017,2017,0,,22.46,24.97,0
PO-000851,17,1,1,2024-11-25,2024-12-05,2024-12-04,417,404,52,Failed spec check,32.48,33.46,0
PO-000852,17,1,3,2025-04-21,2025-05-01,2025-04-30,436,436,0,,32.48,33.37,0
PO-000853,17,1,6,2025-05-19,2025-05-29,2025-05-26,307,307,0,,32.48,33.62,0
PO-000854,17,4,1,2024-07-08,2024-08-11,2024-08-13,100,100,0,,24.19,23.82,1
PO-000855,17,4,1,2024-07-15,2024-08-18,2024-08-26,194,194,0,,24.19,24.23,1
PO-000856,17,4,1,2024-07-29,2024-09-01,2024-08-22,159,159,27,Short shelf life on arrival,24.19,24.08,1
PO-000857,17,4,8,2024-08-19,2024-09-22,2024-09-18,146,146,0,,24.19,24.15,1
PO-000858,17,4,2,2024-08-26,2024-09-29,2024-09-10,137,137,0,,24.19,23.81,1
PO-000859,17,4,3,2024-09-09,2024-10-13,2024-10-17,168,168,0,,24.19,23.89,1
PO-000860,17,4,6,2024-09-30,2024-11-03,2024-10-15,168,168,0,,24.19,24.14,1
PO-000861,17,4,7,2024-10-07,2024-11-10,2024-10-30,169,169,0,,24.19,23.71,1
PO-000862,17,4,5,2024-10-14,2024-11-17,2024-11-10,100,100,0,,24.19,23.87,1
PO-000863,17,4,5,2024-10-28,2024-12-01,2024-11-25,183,183,0,,24.19,24.09,1
PO-000864,17,4,4,2024-11-04,2024-12-08,2024-12-02,170,170,0,,24.19,24.12,1
PO-000865,17,4,3,2024-11-11,2024-12-15,2024-11-28,187,187,0,,24.19,23.61,1
PO-000866,17,4,5,2024-12-02,2025-01-05,2024-12-31,205,205,0,,24.19,24.3,1
PO-000867,17,4,6,2024-12-16,2025-01-19,2025-02-02,188,188,0,,24.19,23.97,1
PO-000868,17,4,6,2024-12-30,2025-02-02,2025-01-29,180,172,0,,24.19,23.61,1
PO-000869,17,4,7,2025-01-06,2025-02-09,2025-02-06,229,229,0,,24.19,24.17,1
PO-000870,17,4,3,2025-01-20,2025-02-23,2025-02-15,185,185,0,,24.19,23.83,1
PO-000871,17,4,7,2025-02-03,2025-03-09,2025-02-22,191,191,0,,24.19,23.63,1
PO-000872,17,4,5,2025-02-10,2025-03-16,2025-03-12,226,226,0,,24.19,23.84,1
PO-000873,17,4,1,2025-02-24,2025-03-30,2025-03-24,106,106,0,,24.19,23.91,1
PO-000874,17,4,4,2025-03-10,2025-04-13,2025-04-07,171,167,0,,24.19,23.74,1
PO-000875,17,4,4,2025-03-17,2025-04-20,2025-04-08,118,118,0,,24.19,23.66,1
PO-000876,17,4,2,2025-03-24,2025-04-27,2025-04-24,154,154,0,,24.19,24.16,1
PO-000877,17,4,1,2025-03-31,2025-05-04,2025-05-17,174,174,0,,24.19,24.02,1
PO-000878,17,4,8,2025-04-07,2025-05-11,2025-04-30,125,121,0,,24.19,23.79,1
PO-000879,17,4,2,2025-04-14,2025-05-18,2025-05-06,157,153,0,,24.19,23.97,1
PO-000880,17,4,1,2025-04-21,2025-05-25,2025-05-14,212,212,0,,24.19,24.1,1
PO-000881,17,4,3,2025-04-28,2025-06-01,2025-05-24,185,185,0,,24.19,23.93,1
PO-000882,17,4,1,2025-05-05,2025-06-08,2025-06-29,150,150,0,,24.19,24.04,1
PO-000883,17,4,6,2025-05-12,2025-06-15,2025-06-08,177,177,13,Temperature excursion in transit,24.19,24.29,1
PO-000884,17,4,4,2025-05-19,2025-06-22,2025-06-14,143,143,0,,24.19,23.95,1
PO-000885,17,4,2,2025-05-26,2025-06-29,2025-07-08,188,188,0,,24.19,24.07,1
PO-000886,17,4,7,2025-06-02,2025-07-06,2025-06-27,122,122,0,,24.19,23.99,1
PO-000887,17,4,3,2025-06-09,2025-07-13,2025-07-08,156,156,0,,24.19,23.83,1
PO-000888,17,4,8,2025-06-16,2025-07-20,2025-08-11,108,104,0,,24.19,23.71,1
PO-000889,17,4,8,2025-06-30,2025-08-03,2025-07-14,160,160,0,,24.19,24.12,1
PO-000890,17,13,7,2024-07-29,2024-08-07,2024-08-06,283,283,0,,32.19,29.75,0
PO-000891,17,13,4,2024-09-02,2024-09-11,2024-09-10,263,263,0,,32.19,30.41,0
PO-000892,17,13,2,2024-10-07,2024-10-16,2024-10-16,408,408,51,Temperature excursion in transit,32.19,29.45,0
PO-000893,17,13,8,2025-02-03,2025-02-12,2025-02-12,440,440,0,,32.19,30.25,0
PO-000894,17,13,6,2025-02-17,2025-02-26,2025-02-26,368,368,0,,32.19,29.94,0
PO-000895,17,13,5,2025-03-10,2025-03-19,2025-03-19,352,352,0,,32.19,30.35,0
PO-000896,17,13,3,2025-03-24,2025-04-02,2025-04-01,474,474,0,,32.19,29.61,0
PO-000897,17,13,5,2025-03-31,2025-04-09,2025-04-09,278,278,0,,32.19,30.34,0
PO-000898,17,13,5,2025-04-14,2025-04-23,2025-04-22,331,331,0,,32.19,30.35,0
PO-000899,17,13,8,2025-05-26,2025-06-04,2025-06-04,481,481,0,,32.19,30.23,0
PO-000900,17,13,5,2025-06-09,2025-06-18,2025-06-17,543,543,26,Failed spec check,32.19,29.93,0
PO-000901,17,13,7,2025-06-16,2025-06-25,2025-06-24,479,479,0,,32.19,29.73,0
PO-000902,18,5,2,2024-07-08,2024-07-28,2024-07-26,4260,4260,0,,32.58,33.66,1
PO-000903,18,5,8,2024-07-15,2024-08-04,2024-08-03,3388,3208,0,,32.58,33.92,1
PO-000904,18,5,8,2024-07-22,2024-08-11,2024-08-07,4736,4736,0,,32.58,33.78,1
PO-000905,18,5,1,2024-08-05,2024-08-25,2024-08-24,3791,3518,0,,32.58,33.65,1
PO-000906,18,5,7,2024-08-12,2024-09-01,2024-08-28,4237,4237,0,,32.58,33.71,1
PO-000907,18,5,4,2024-08-19,2024-09-08,2024-09-05,4501,4501,0,,32.58,33.38,1
PO-000908,18,5,4,2024-08-26,2024-09-15,2024-09-12,4335,4120,0,,32.58,34.13,1
PO-000909,18,5,1,2024-09-02,2024-09-22,2024-09-24,4649,4649,0,,32.58,34.15,1
PO-000910,18,5,2,2024-09-16,2024-10-06,2024-10-05,6094,6094,0,,32.58,33.82,1
PO-000911,18,5,3,2024-09-23,2024-10-13,2024-10-11,4232,4232,0,,32.58,34.25,1
PO-000912,18,5,1,2024-09-30,2024-10-20,2024-10-17,2529,2529,0,,32.58,33.83,1
PO-000913,18,5,6,2024-10-07,2024-10-27,2024-10-26,4767,4767,0,,32.58,34.1,1
PO-000914,18,5,4,2024-10-28,2024-11-17,2024-11-16,3616,3616,0,,32.58,33.56,1
PO-000915,18,5,6,2024-11-04,2024-11-24,2024-11-21,3202,3202,0,,32.58,34.3,1
PO-000916,18,5,4,2024-11-11,2024-12-01,2024-11-30,4221,4221,0,,32.58,33.28,1
PO-000917,18,5,6,2024-11-18,2024-12-08,2024-12-05,3824,3631,0,,32.58,33.24,1
PO-000918,18,5,6,2024-12-02,2024-12-22,2024-12-19,3701,3701,0,,32.58,33.56,1
PO-000919,18,5,5,2024-12-09,2024-12-29,2024-12-25,4768,4768,0,,32.58,33.61,1
PO-000920,18,5,2,2024-12-16,2025-01-05,2025-01-28,2955,2955,0,,32.58,33.83,1
PO-000921,18,5,3,2024-12-23,2025-01-12,2025-01-08,3651,3651,0,,32.58,33.71,1
PO-000922,18,5,7,2024-12-30,2025-01-19,2025-01-18,4599,4599,0,,32.58,33.83,1
PO-000923,18,5,4,2025-01-06,2025-01-26,2025-01-22,3699,3699,0,,32.58,33.9,1
PO-000924,18,5,1,2025-01-13,2025-02-02,2025-02-01,2500,2500,0,,32.58,33.99,1
PO-000925,18,5,7,2025-01-20,2025-02-09,2025-02-03,4430,4430,0,,32.58,33.77,1
PO-000926,18,5,8,2025-01-27,2025-02-16,2025-02-18,2895,2895,0,,32.58,33.34,1
PO-000927,18,5,1,2025-02-03,2025-02-23,2025-02-21,4606,4606,0,,32.58,33.54,1
PO-000928,18,5,2,2025-02-10,2025-03-02,2025-03-01,3116,3116,0,,32.58,33.89,1
PO-000929,18,5,7,2025-02-17,2025-03-09,2025-03-04,3100,3100,0,,32.58,33.72,1
PO-000930,18,5,4,2025-02-24,2025-03-16,2025-03-12,4010,4010,221,Short shelf life on arrival,32.58,33.76,1
PO-000931,18,5,5,2025-03-03,2025-03-23,2025-03-22,2500,2500,0,,32.58,33.55,1
PO-000932,18,5,6,2025-03-10,2025-03-30,2025-03-24,4130,4130,0,,32.58,33.93,1
PO-000933,18,5,3,2025-03-17,2025-04-06,2025-04-03,4241,4241,340,Documentation incomplete,32.58,34.24,1
PO-000934,18,5,5,2025-03-24,2025-04-13,2025-04-10,4651,4651,0,,32.58,34.02,1
PO-000935,18,5,1,2025-03-31,2025-04-20,2025-04-17,3529,3529,0,,32.58,33.74,1
PO-000936,18,5,3,2025-04-14,2025-05-04,2025-05-26,2500,2500,0,,32.58,34.22,1
PO-000937,18,5,1,2025-04-21,2025-05-11,2025-05-10,3184,3184,0,,32.58,33.58,1
PO-000938,18,5,7,2025-04-28,2025-05-18,2025-05-14,4621,4621,0,,32.58,33.8,1
PO-000939,18,5,1,2025-05-05,2025-05-25,2025-06-07,4087,4087,0,,32.58,34.06,1
PO-000940,18,5,3,2025-05-12,2025-06-01,2025-05-30,4875,4514,0,,32.58,33.78,1
PO-000941,18,5,8,2025-05-19,2025-06-08,2025-06-07,4250,4250,0,,32.58,33.95,1
PO-000942,18,5,8,2025-05-26,2025-06-15,2025-06-07,2873,2873,0,,32.58,34.14,1
PO-000943,18,5,6,2025-06-02,2025-06-22,2025-06-18,3648,3648,0,,32.58,34.06,1
PO-000944,18,5,8,2025-06-09,2025-06-29,2025-06-29,3430,3430,0,,32.58,34.09,1
PO-000945,18,5,2,2025-06-16,2025-07-06,2025-07-05,2500,2500,104,Failed spec check,32.58,33.8,1
PO-000946,18,5,4,2025-06-23,2025-07-13,2025-07-12,4756,4756,0,,32.58,33.99,1
PO-000947,18,5,7,2025-06-30,2025-07-20,2025-07-16,4161,4161,0,,32.58,34.38,1
PO-000948,18,11,4,2024-07-22,2024-08-08,2024-08-07,1588,1380,0,,31.55,30.61,0
PO-000949,18,11,7,2024-09-09,2024-09-26,2024-09-12,1023,1023,0,,31.55,30.61,0
PO-000950,18,11,6,2024-10-14,2024-10-31,2024-10-20,1341,1341,0,,31.55,30.46,0
PO-000951,18,11,2,2025-04-14,2025-05-01,2025-05-26,1835,1835,0,,31.55,30.34,0
PO-000952,18,11,1,2025-06-30,2025-07-17,2025-07-09,1744,1744,0,,31.55,29.99,0
PO-000953,19,6,5,2024-09-09,2024-09-27,2024-09-25,180,180,0,,13.13,12.75,0
PO-000954,19,6,8,2024-10-28,2024-11-15,2024-11-11,134,134,0,,13.13,12.66,0
PO-000955,19,6,8,2024-11-25,2024-12-13,2024-12-08,193,193,0,,13.13,12.71,0
PO-000956,19,6,5,2024-12-02,2024-12-20,2024-12-15,206,206,0,,13.13,12.69,0
PO-000957,19,6,3,2025-01-13,2025-01-31,2025-01-26,141,141,0,,13.13,12.67,0
PO-000958,19,6,2,2025-01-27,2025-02-14,2025-02-12,149,149,0,,13.13,12.82,0
PO-000959,19,6,3,2025-02-03,2025-02-21,2025-02-18,185,185,0,,13.13,12.93,0
PO-000960,19,6,4,2025-02-24,2025-03-14,2025-03-28,167,167,0,,13.13,12.75,0
PO-000961,19,6,3,2025-03-03,2025-03-21,2025-03-22,204,204,0,,13.13,12.93,0
PO-000962,19,6,4,2025-03-17,2025-04-04,2025-04-03,178,178,0,,13.13,12.77,0
PO-000963,19,6,1,2025-04-28,2025-05-16,2025-05-12,160,160,0,,13.13,12.8,0
PO-000964,19,6,7,2025-06-16,2025-07-04,2025-07-05,185,185,8,Short shelf life on arrival,13.13,12.84,0
PO-000965,19,6,2,2025-06-23,2025-07-11,2025-07-07,183,183,17,Damaged packaging,13.13,12.6,0
PO-000966,19,4,4,2024-07-08,2024-08-11,2024-07-28,3933,3933,0,,11.7,11.59,1
PO-000967,19,4,1,2024-07-15,2024-08-18,2024-08-15,4177,4177,0,,11.7,11.51,1
PO-000968,19,4,1,2024-07-29,2024-09-01,2024-08-30,3052,3052,0,,11.7,11.63,1
PO-000969,19,4,3,2024-08-05,2024-09-08,2024-08-11,3539,3388,0,,11.7,11.52,1
PO-000970,19,4,3,2024-09-09,2024-10-13,2024-10-10,3527,3527,0,,11.7,11.62,1
PO-000971,19,4,2,2024-09-23,2024-10-27,2024-11-03,2640,2640,0,,11.7,11.56,1
PO-000972,19,4,4,2024-10-07,2024-11-10,2024-11-01,3907,3907,0,,11.7,11.64,1
PO-000973,19,4,1,2024-10-14,2024-11-17,2024-10-30,3644,3644,0,,11.7,11.5,1
PO-000974,19,4,6,2024-10-28,2024-12-01,2024-12-16,3193,3193,0,,11.7,11.52,1
PO-000975,19,4,7,2024-11-04,2024-12-08,2024-12-01,3198,3198,0,,11.7,11.88,1
PO-000976,19,4,2,2024-11-25,2024-12-29,2024-12-17,5142,5142,0,,11.7,11.66,1
PO-000977,19,4,3,2024-12-02,2025-01-05,2024-12-26,4287,4287,0,,11.7,11.6,1
PO-000978,19,4,5,2024-12-09,2025-01-12,2024-12-10,4141,4141,0,,11.7,11.48,1
PO-000979,19,4,5,2024-12-23,2025-01-26,2025-01-25,3850,3850,0,,11.7,11.65,1
PO-000980,19,4,6,2024-12-30,2025-02-02,2025-01-19,4587,4587,397,Damaged packaging,11.7,11.66,1
PO-000981,19,4,5,2025-01-06,2025-02-09,2025-01-28,4240,4240,0,,11.7,11.68,1
PO-000982,19,4,6,2025-01-13,2025-02-16,2025-02-22,3358,3358,0,,11.7,11.51,1
PO-000983,19,4,5,2025-01-20,2025-02-23,2025-02-18,3824,3824,0,,11.7,11.75,1
PO-000984,19,4,6,2025-01-27,2025-03-02,2025-02-06,6183,6183,0,,11.7,11.66,1
PO-000985,19,4,2,2025-02-03,2025-03-09,2025-03-05,3170,3170,0,,11.7,11.51,1
PO-000986,19,4,4,2025-02-10,2025-03-16,2025-03-08,2500,2500,0,,11.7,11.64,1
PO-000987,19,4,5,2025-02-17,2025-03-23,2025-03-12,3748,3748,0,,11.7,11.59,1
PO-000988,19,4,5,2025-02-24,2025-03-30,2025-03-02,5230,5230,0,,11.7,11.59,1
PO-000989,19,4,6,2025-03-10,2025-04-13,2025-03-26,3703,3703,504,Short shelf life on arrival,11.7,11.66,1
PO-000990,19,4,3,2025-03-17,2025-04-20,2025-04-01,6195,6195,0,,11.7,11.64,1
PO-000991,19,4,7,2025-03-24,2025-04-27,2025-04-18,3965,3965,0,,11.7,11.55,1
PO-000992,19,4,8,2025-03-31,2025-05-04,2025-05-17,4646,4646,0,,11.7,11.4,1
PO-000993,19,4,7,2025-04-21,2025-05-25,2025-04-27,5306,5306,0,,11.7,11.44,1
PO-000994,19,4,1,2025-04-28,2025-06-01,2025-05-22,4839,4839,0,,11.7,11.55,1
PO-000995,19,4,6,2025-05-05,2025-06-08,2025-06-03,5024,5024,0,,11.7,11.53,1
PO-000996,19,4,6,2025-05-12,2025-06-15,2025-06-07,4580,4580,0,,11.7,11.62,1
PO-000997,19,4,7,2025-05-19,2025-06-22,2025-06-15,5056,5056,0,,11.7,11.5,1
PO-000998,19,4,3,2025-05-26,2025-06-29,2025-06-24,4281,4281,0,,11.7,11.51,1
PO-000999,19,4,3,2025-06-02,2025-07-06,2025-07-04,4686,4686,0,,11.7,11.54,1
PO-001000,19,4,7,2025-06-09,2025-07-13,2025-07-08,5464,5464,0,,11.7,11.8,1
PO-001001,19,4,3,2025-06-16,2025-07-20,2025-07-09,4829,4829,0,,11.7,11.57,1
PO-001002,19,4,1,2025-06-23,2025-07-27,2025-07-13,4592,4592,0,,11.7,11.54,1
PO-001003,19,4,2,2025-06-30,2025-08-03,2025-07-31,4718,4718,0,,11.7,11.61,1
PO-001004,20,13,3,2024-12-30,2025-01-10,2025-01-10,1000,1000,31,Failed spec check,18.73,17.4,0
PO-001005,20,13,2,2025-01-06,2025-01-17,2025-01-16,1132,1132,37,Temperature excursion in transit,18.73,17.47,0
PO-001006,20,13,4,2025-01-13,2025-01-24,2025-01-24,1425,1425,0,,18.73,17.49,0
PO-001007,20,13,2,2025-02-03,2025-02-14,2025-02-12,1561,1561,0,,18.73,17.51,0
PO-001008,20,13,2,2025-02-17,2025-02-28,2025-02-28,1418,1418,55,Damaged packaging,18.73,17.63,0
PO-001009,20,13,2,2025-03-03,2025-03-14,2025-03-14,1816,1816,0,,18.73,17.83,0
PO-001010,20,13,7,2025-05-05,2025-05-16,2025-05-16,1487,1487,181,Temperature excursion in transit,18.73,17.62,0
PO-001011,20,13,4,2025-06-16,2025-06-27,2025-06-27,1320,1320,0,,18.73,17.89,0
PO-001012,20,6,5,2024-08-12,2024-08-30,2024-08-28,1335,1335,0,,18.21,17.79,0
PO-001013,20,6,8,2024-09-09,2024-09-27,2024-09-21,1306,1306,0,,18.21,17.66,0
PO-001014,20,6,3,2024-09-16,2024-10-04,2024-10-07,1668,1668,0,,18.21,18.11,0
PO-001015,20,6,4,2024-10-14,2024-11-01,2024-10-30,2425,2425,267,Temperature excursion in transit,18.21,17.51,0
PO-001016,20,6,3,2025-01-06,2025-01-24,2025-01-21,1707,1707,58,Temperature excursion in transit,18.21,17.75,0
PO-001017,20,6,5,2025-03-17,2025-04-04,2025-03-28,1590,1590,0,,18.21,17.63,0
PO-001018,20,6,3,2025-06-16,2025-07-04,2025-07-04,1285,1285,0,,18.21,17.56,0
PO-001019,20,2,2,2024-07-08,2024-08-09,2024-08-06,333,333,0,,18.25,18.47,1
PO-001020,20,2,1,2024-07-15,2024-08-16,2024-07-24,421,405,0,,18.25,18.85,1
PO-001021,20,2,2,2024-07-22,2024-08-23,2024-08-18,517,517,0,,18.25,18.7,1
PO-001022,20,2,4,2024-08-12,2024-09-13,2024-09-05,325,325,0,,18.25,18.93,1
PO-001023,20,2,1,2024-08-19,2024-09-20,2024-09-09,616,616,0,,18.25,18.63,1
PO-001024,20,2,2,2024-09-09,2024-10-11,2024-11-04,521,521,0,,18.25,18.7,1
PO-001025,20,2,4,2024-09-16,2024-10-18,2024-10-15,371,371,0,,18.25,18.5,1
PO-001026,20,2,8,2024-10-21,2024-11-22,2024-11-20,485,485,0,,18.25,18.78,1
PO-001027,20,2,6,2024-11-04,2024-12-06,2024-12-09,558,558,0,,18.25,18.5,1
PO-001028,20,2,2,2024-11-18,2024-12-20,2024-12-19,304,304,0,,18.25,18.54,1
PO-001029,20,2,5,2024-11-25,2024-12-27,2024-12-27,346,346,0,,18.25,18.76,1
PO-001030,20,2,3,2024-12-09,2025-01-10,2025-01-13,530,530,0,,18.25,18.85,1
PO-001031,20,2,1,2024-12-16,2025-01-17,2025-01-02,422,377,0,,18.25,18.39,1
PO-001032,20,2,2,2025-01-06,2025-02-07,2025-02-03,397,397,0,,18.25,18.51,1
PO-001033,20,2,3,2025-01-27,2025-02-28,2025-03-08,331,331,0,,18.25,18.8,1
PO-001034,20,2,1,2025-02-03,2025-03-07,2025-02-26,254,254,0,,18.25,18.74,1
PO-001035,20,2,4,2025-02-10,2025-03-14,2025-02-24,325,325,0,,18.25,18.9,1
PO-001036,20,2,7,2025-02-24,2025-03-28,2025-03-27,342,342,0,,18.25,18.28,1
PO-001037,20,2,5,2025-03-03,2025-04-04,2025-04-01,250,250,0,,18.25,18.75,1
PO-001038,20,2,8,2025-03-10,2025-04-11,2025-04-07,551,551,0,,18.25,18.74,1
PO-001039,20,2,4,2025-03-17,2025-04-18,2025-04-20,327,327,14,Damaged packaging,18.25,18.9,1
PO-001040,20,2,8,2025-03-31,2025-05-02,2025-04-20,381,381,0,,18.25,18.76,1
PO-001041,20,2,1,2025-04-07,2025-05-09,2025-04-19,495,495,0,,18.25,18.9,1
PO-001042,20,2,4,2025-04-28,2025-05-30,2025-05-28,389,350,0,,18.25,19.05,1
PO-001043,20,2,4,2025-05-12,2025-06-13,2025-06-12,382,362,0,,18.25,18.77,1
PO-001044,20,2,6,2025-05-19,2025-06-20,2025-06-16,250,250,0,,18.25,18.86,1
PO-001045,20,2,3,2025-06-02,2025-07-04,2025-07-03,334,334,0,,18.25,18.54,1
PO-001046,21,11,2,2024-07-15,2024-07-31,2024-07-31,719,719,0,,20.42,19.44,1
PO-001047,21,11,1,2024-07-29,2024-08-14,2024-08-09,1013,1013,0,,20.42,19.54,1
PO-001048,21,11,3,2024-08-05,2024-08-21,2024-08-16,839,839,0,,20.42,19.79,1
PO-001049,21,11,5,2024-08-12,2024-08-28,2024-08-22,798,798,0,,20.42,19.04,1
PO-001050,21,11,2,2024-08-19,2024-09-04,2024-09-03,889,721,0,,20.42,19.61,1
PO-001051,21,11,6,2024-09-02,2024-09-18,2024-09-17,500,500,0,,20.42,19.76,1
PO-001052,21,11,1,2024-10-07,2024-10-23,2024-10-18,751,751,0,,20.42,19.56,1
PO-001053,21,11,3,2024-10-21,2024-11-06,2024-11-03,815,815,36,Short shelf life on arrival,20.42,19.65,1
PO-001054,21,11,4,2024-11-11,2024-11-27,2024-11-23,739,739,0,,20.42,19.4,1
PO-001055,21,11,1,2024-11-25,2024-12-11,2024-12-06,1204,1019,0,,20.42,19.56,1
PO-001056,21,11,5,2024-12-30,2025-01-15,2025-01-13,741,741,0,,20.42,19.49,1
PO-001057,21,11,7,2025-01-13,2025-01-29,2025-01-28,500,425,0,,20.42,19.56,1
PO-001058,21,11,4,2025-01-20,2025-02-05,2025-02-04,984,919,0,,20.42,19.58,1
PO-001059,21,11,1,2025-02-03,2025-02-19,2025-02-20,918,918,0,,20.42,19.65,1
PO-001060,21,11,4,2025-02-24,2025-03-12,2025-03-12,646,646,0,,20.42,19.72,1
PO-001061,21,11,6,2025-03-10,2025-03-26,2025-03-23,1073,1073,0,,20.42,19.51,1
PO-001062,21,11,7,2025-04-28,2025-05-14,2025-05-09,679,679,0,,20.42,19.59,1
PO-001063,21,11,8,2025-05-05,2025-05-21,2025-05-19,710,710,61,Damaged packaging,20.42,19.08,1
PO-001064,21,11,8,2025-06-02,2025-06-18,2025-06-16,629,629,0,,20.42,19.93,1
PO-001065,21,11,3,2025-06-09,2025-06-25,2025-06-20,1062,1062,0,,20.42,19.55,1
PO-001066,21,11,5,2025-06-16,2025-07-02,2025-06-30,500,500,0,,20.42,19.91,1
PO-001067,21,11,8,2025-06-23,2025-07-09,2025-07-02,806,806,80,Temperature excursion in transit,20.42,19.69,1
PO-001068,21,9,4,2024-08-12,2024-09-22,2024-09-21,1475,1475,0,,16.18,16.83,0
PO-001069,21,2,2,2024-07-15,2024-08-12,2024-08-03,1772,1724,0,,22.56,23.11,0
PO-001070,21,2,2,2024-07-29,2024-08-26,2024-08-23,1897,1897,0,,22.56,23.04,0
PO-001071,21,2,5,2024-08-12,2024-09-09,2024-09-02,1671,1671,0,,22.56,22.93,0
PO-001072,21,2,1,2024-08-19,2024-09-16,2024-09-24,1447,1447,0,,22.56,23.57,0
PO-001073,21,2,2,2024-09-09,2024-10-07,2024-10-04,1472,1472,0,,22.56,23.09,0
PO-001074,21,2,6,2024-10-07,2024-11-04,2024-11-02,2139,2139,212,Short shelf life on arrival,22.56,22.93,0
PO-001075,21,2,5,2024-11-18,2024-12-16,2024-12-12,1623,1623,159,Short shelf life on arrival,22.56,23.36,0
PO-001076,21,2,1,2024-12-02,2024-12-30,2024-12-26,1689,1689,0,,22.56,22.92,0
PO-001077,21,2,3,2024-12-09,2025-01-06,2024-12-29,1349,1201,0,,22.56,23.37,0
PO-001078,21,2,6,2024-12-16,2025-01-13,2025-01-06,1720,1584,0,,22.56,23.33,0
PO-001079,21,2,6,2024-12-30,2025-01-27,2025-01-21,1725,1725,0,,22.56,23.21,0
PO-001080,21,2,4,2025-01-06,2025-02-03,2025-01-22,1383,1383,0,,22.56,23.31,0
PO-001081,21,2,6,2025-01-13,2025-02-10,2025-02-05,1763,1763,0,,22.56,23.71,0
PO-001082,21,2,7,2025-02-24,2025-03-24,2025-03-22,1000,898,0,,22.56,23.42,0
PO-001083,21,2,3,2025-04-07,2025-05-05,2025-05-02,1305,1305,119,Failed spec check,22.56,23.28,0
PO-001084,21,2,7,2025-04-14,2025-05-12,2025-05-12,1000,858,0,,22.56,22.9,0
PO-001085,21,2,3,2025-04-21,2025-05-19,2025-05-12,1162,1162,0,,22.56,22.86,0
PO-001086,21,2,3,2025-04-28,2025-05-26,2025-05-22,1000,1000,0,,22.56,23.37,0
PO-001087,21,2,3,2025-05-26,2025-06-23,2025-06-30,1570,1570,0,,22.56,23.3,0
PO-001088,21,2,1,2025-06-09,2025-07-07,2025-06-23,2205,1983,0,,22.56,22.94,0
PO-001089,21,2,5,2025-06-16,2025-07-14,2025-06-29,1810,1810,0,,22.56,22.81,0
PO-001090,22,7,5,2024-07-29,2024-09-11,2024-09-10,374,374,0,,13.19,12.32,1
PO-001091,22,7,3,2024-08-05,2024-09-18,2024-10-05,344,344,0,,13.19,12.37,1
PO-001092,22,7,2,2024-08-12,2024-09-25,2024-09-18,417,417,0,,13.19,12.54,1
PO-001093,22,7,3,2024-09-02,2024-10-16,2024-10-12,464,464,0,,13.19,12.33,1
PO-001094,22,7,4,2024-09-30,2024-11-13,2024-10-30,354,354,0,,13.19,12.49,1
PO-001095,22,7,1,2024-10-07,2024-11-20,2024-12-02,404,404,0,,13.19,12.49,1
PO-001096,22,7,5,2024-10-14,2024-11-27,2024-11-24,362,362,0,,13.19,12.35,1
PO-001097,22,7,2,2024-10-21,2024-12-04,2024-11-27,335,335,0,,13.19,12.55,1
PO-001098,22,7,7,2024-10-28,2024-12-11,2024-11-19,317,317,0,,13.19,12.51,1
PO-001099,22,7,8,2024-11-04,2024-12-18,2024-12-17,477,477,0,,13.19,12.43,1
PO-001100,22,7,7,2024-11-18,2025-01-01,2024-12-24,351,351,0,,13.19,12.58,1
PO-001101,22,7,1,2024-11-25,2025-01-08,2024-12-19,387,387,0,,13.19,12.26,1
PO-001102,22,7,6,2024-12-02,2025-01-15,2025-01-09,483,483,0,,13.19,12.23,1
PO-001103,22,7,4,2024-12-23,2025-02-05,2025-01-31,323,323,0,,13.19,12.39,1
PO-001104,22,7,2,2024-12-30,2025-02-12,2025-01-30,412,412,0,,13.19,12.63,1
PO-001105,22,7,4,2025-01-06,2025-02-19,2025-02-12,315,315,0,,13.19,12.65,1
PO-001106,22,7,3,2025-01-13,2025-02-26,2025-02-22,390,390,0,,13.19,12.2,1
PO-001107,22,7,6,2025-01-20,2025-03-05,2025-03-05,286,286,0,,13.19,12.52,1
PO-001108,22,7,3,2025-01-27,2025-03-12,2025-03-01,508,508,0,,13.19,12.37,1
PO-001109,22,7,8,2025-02-03,2025-03-19,2025-03-25,396,396,23,Short shelf life on arrival,13.19,12.34,1
PO-001110,22,7,4,2025-02-24,2025-04-09,2025-03-26,348,348,0,,13.19,12.39,1
PO-001111,22,7,6,2025-03-03,2025-04-16,2025-04-12,529,529,0,,13.19,12.32,1
PO-001112,22,7,5,2025-03-10,2025-04-23,2025-04-15,397,397,0,,13.19,12.55,1
PO-001113,22,7,4,2025-04-07,2025-05-21,2025-05-24,468,468,0,,13.19,12.5,1
PO-001114,22,7,4,2025-04-14,2025-05-28,2025-05-28,336,336,0,,13.19,12.47,1
PO-001115,22,7,5,2025-04-21,2025-06-04,2025-05-13,399,399,0,,13.19,12.13,1
PO-001116,22,7,3,2025-04-28,2025-06-11,2025-06-08,485,485,0,,13.19,12.4,1
PO-001117,22,7,6,2025-05-12,2025-06-25,2025-06-26,535,535,0,,13.19,12.11,1
PO-001118,22,7,2,2025-05-19,2025-07-02,2025-07-01,351,351,18,Failed spec check,13.19,12.09,1
PO-001119,22,7,4,2025-06-02,2025-07-16,2025-07-08,614,614,44,Damaged packaging,13.19,12.41,1
PO-001120,22,7,2,2025-06-09,2025-07-23,2025-08-06,399,399,0,,13.19,12.14,1
PO-001121,22,7,4,2025-06-16,2025-07-30,2025-07-08,547,547,0,,13.19,12.47,1
PO-001122,22,5,2,2024-07-15,2024-07-30,2024-07-29,168,168,0,,16.18,16.43,0
PO-001123,22,5,5,2024-07-22,2024-08-06,2024-08-03,179,179,0,,16.18,17.11,0
PO-001124,22,5,3,2024-07-29,2024-08-13,2024-08-11,140,140,0,,16.18,16.65,0
PO-001125,22,5,3,2024-08-05,2024-08-20,2024-08-17,152,152,0,,16.18,16.75,0
PO-001126,22,5,4,2024-09-09,2024-09-24,2024-09-24,147,147,0,,16.18,16.7,0
PO-001127,22,5,2,2024-10-07,2024-10-22,2024-10-20,120,114,0,,16.18,16.73,0
PO-001128,22,5,2,2024-10-28,2024-11-12,2024-11-09,141,141,0,,16.18,16.49,0
PO-001129,22,5,4,2024-11-18,2024-12-03,2024-12-04,202,202,0,,16.18,16.87,0
PO-001130,22,5,5,2025-01-06,2025-01-21,2025-02-05,183,183,0,,16.18,17.05,0
PO-001131,22,5,7,2025-02-03,2025-02-18,2025-02-22,176,176,0,,16.18,16.94,0
PO-001132,22,5,2,2025-03-17,2025-04-01,2025-04-01,188,188,0,,16.18,16.87,0
PO-001133,22,5,3,2025-03-24,2025-04-08,2025-04-08,100,100,0,,16.18,16.66,0
PO-001134,22,5,4,2025-03-31,2025-04-15,2025-04-11,173,173,0,,16.18,16.95,0
PO-001135,22,5,7,2025-05-19,2025-06-03,2025-06-02,110,110,0,,16.18,16.76,0
PO-001136,22,5,6,2025-06-02,2025-06-17,2025-06-13,179,179,0,,16.18,17.03,0
PO-001137,23,2,1,2024-07-29,2024-08-29,2024-08-22,486,486,0,,19.05,19.55,0
PO-001138,23,2,5,2024-09-23,2024-10-24,2024-10-18,250,250,0,,19.05,19.74,0
PO-001139,23,2,4,2024-10-21,2024-11-21,2024-11-21,295,274,0,,19.05,19.42,0
PO-001140,23,2,1,2024-10-28,2024-11-28,2024-11-21,478,451,0,,19.05,19.53,0
PO-001141,23,2,6,2024-11-04,2024-12-05,2024-11-30,417,417,0,,19.05,19.79,0
PO-001142,23,2,7,2024-11-18,2024-12-19,2024-12-18,372,356,0,,19.05,19.51,0
PO-001143,23,2,2,2024-12-16,2025-01-16,2024-12-31,308,308,29,Failed spec check,19.05,19.52,0
PO-001144,23,2,8,2025-02-10,2025-03-13,2025-03-10,418,418,0,,19.05,19.31,0
PO-001145,23,2,8,2025-03-10,2025-04-10,2025-04-04,256,256,0,,19.05,19.66,0
PO-001146,23,2,6,2025-03-24,2025-04-24,2025-04-13,368,368,0,,19.05,19.68,0
PO-001147,23,2,6,2025-04-07,2025-05-08,2025-05-05,340,294,25,Damaged packaging,19.05,19.64,0
PO-001148,23,2,2,2025-04-28,2025-05-29,2025-05-25,432,432,0,,19.05,19.49,0
PO-001149,23,2,8,2025-05-05,2025-06-05,2025-05-28,419,419,0,,19.05,19.74,0
PO-001150,23,2,4,2025-05-26,2025-06-26,2025-06-13,384,384,0,,19.05,19.88,0
PO-001151,23,2,8,2025-06-09,2025-07-10,2025-07-08,390,390,0,,19.05,19.44,0
PO-001152,23,7,6,2024-07-08,2024-08-21,2024-08-16,3675,3675,0,,14.45,13.86,0
PO-001153,23,7,2,2024-10-21,2024-12-04,2024-12-05,4416,4416,0,,14.45,13.67,0
PO-001154,23,7,6,2024-11-04,2024-12-18,2024-12-12,4572,4572,0,,14.45,13.52,0
PO-001155,23,7,2,2025-01-06,2025-02-19,2025-02-01,5617,5617,0,,14.45,13.56,0
PO-001156,23,7,5,2025-02-03,2025-03-19,2025-03-05,4520,4520,0,,14.45,13.67,0
PO-001157,23,7,6,2025-02-10,2025-03-26,2025-03-18,4764,4764,186,Short shelf life on arrival,14.45,13.66,0
PO-001158,23,7,1,2025-03-17,2025-04-30,2025-04-20,4840,4840,0,,14.45,13.45,0
PO-001159,23,7,5,2025-03-31,2025-05-14,2025-04-28,6207,6207,0,,14.45,13.33,0
PO-001160,23,7,2,2025-05-19,2025-07-02,2025-06-19,4080,4080,0,,14.45,13.58,0
PO-001161,23,7,5,2025-06-16,2025-07-30,2025-07-30,3173,3173,183,Temperature excursion in transit,14.45,13.7,0
PO-001162,23,7,2,2025-06-30,2025-08-13,2025-08-09,3262,3262,0,,14.45,13.57,0
PO-001163,23,8,7,2024-07-29,2024-09-06,2024-08-28,3745,3745,0,,14.13,15.65,1
PO-001164,23,8,4,2024-08-26,2024-10-04,2024-09-20,5521,5521,0,,14.13,15.78,1
PO-001165,23,8,2,2024-09-23,2024-11-01,2024-10-24,5612,5612,0,,14.13,15.59,1
PO-001166,23,8,3,2024-09-30,2024-11-08,2024-11-06,4241,4241,0,,14.13,15.75,1
PO-001167,23,8,5,2024-10-07,2024-11-15,2024-11-24,3473,3473,0,,14.13,15.57,1
PO-001168,23,8,2,2024-11-11,2024-12-20,2025-01-08,5415,5415,0,,14.13,15.86,1
PO-001169,23,8,5,2024-12-16,2025-01-24,2025-01-22,3023,3023,0,,14.13,15.46,1
PO-001170,23,8,5,2024-12-23,2025-01-31,2025-01-24,3802,3802,0,,14.13,15.7,1
PO-001171,23,8,3,2025-01-13,2025-02-21,2025-02-20,4302,4302,0,,14.13,15.53,1
PO-001172,23,8,5,2025-01-27,2025-03-07,2025-02-15,4831,4831,0,,14.13,15.5,1
PO-001173,23,8,1,2025-02-03,2025-03-14,2025-03-01,2860,2860,0,,14.13,15.7,1
PO-001174,23,8,2,2025-02-17,2025-03-28,2025-03-27,4518,4518,0,,14.13,15.78,1
PO-001175,23,8,8,2025-03-03,2025-04-11,2025-04-10,3030,3030,0,,14.13,15.72,1
PO-001176,23,8,2,2025-03-10,2025-04-18,2025-04-05,4006,4006,0,,14.13,15.68,1
PO-001177,23,8,1,2025-03-17,2025-04-25,2025-05-11,4305,4305,0,,14.13,15.75,1
PO-001178,23,8,7,2025-04-07,2025-05-16,2025-05-10,3314,3314,0,,14.13,15.49,1
PO-001179,23,8,7,2025-04-28,2025-06-06,2025-05-30,3067,3067,0,,14.13,15.77,1
PO-001180,23,8,4,2025-05-26,2025-07-04,2025-07-02,5260,5260,0,,14.13,15.77,1
PO-001181,23,8,8,2025-06-02,2025-07-11,2025-07-03,4420,4420,0,,14.13,15.66,1
PO-001182,23,8,7,2025-06-09,2025-07-18,2025-06-30,3319,3319,0,,14.13,15.68,1
PO-001183,23,8,1,2025-06-23,2025-08-01,2025-07-10,3999,3999,0,,14.13,15.55,1
PO-001184,23,6,2,2024-07-15,2024-08-02,2024-07-29,484,484,0,,18.6,18.45,0
PO-001185,23,6,7,2024-08-26,2024-09-13,2024-09-12,313,313,0,,18.6,17.99,0
PO-001186,23,6,4,2024-09-30,2024-10-18,2024-10-15,294,294,0,,18.6,18.33,0
PO-001187,23,6,3,2024-10-07,2024-10-25,2024-10-22,344,344,0,,18.6,17.97,0
PO-001188,23,6,7,2024-10-28,2024-11-15,2024-11-11,474,474,0,,18.6,17.99,0
PO-001189,23,6,7,2024-12-02,2024-12-20,2024-12-16,352,352,0,,18.6,18.05,0
PO-001190,23,6,5,2024-12-09,2024-12-27,2024-12-29,338,338,0,,18.6,18.1,0
PO-001191,23,6,8,2024-12-16,2025-01-03,2024-12-28,513,513,0,,18.6,18.13,0
PO-001192,23,6,1,2024-12-23,2025-01-10,2025-01-09,347,347,0,,18.6,18.17,0
PO-001193,23,6,7,2025-02-24,2025-03-14,2025-03-14,335,335,0,,18.6,18.11,0
PO-001194,23,6,7,2025-03-03,2025-03-21,2025-03-20,334,334,0,,18.6,18.17,0
PO-001195,23,6,7,2025-03-10,2025-03-28,2025-03-27,330,330,0,,18.6,18.23,0
PO-001196,23,6,4,2025-05-12,2025-05-30,2025-05-26,394,394,0,,18.6,17.76,0
PO-001197,23,6,8,2025-06-02,2025-06-20,2025-06-17,434,434,0,,18.6,17.9,0
PO-001198,23,6,6,2025-06-23,2025-07-11,2025-07-09,335,335,0,,18.6,18.17,0
PO-001199,23,6,1,2025-06-30,2025-07-18,2025-07-17,487,487,0,,18.6,18.18,0
PO-001200,24,2,7,2024-08-05,2024-09-02,2024-08-27,100,93,0,,15.49,15.98,1
PO-001201,24,2,8,2024-08-12,2024-09-09,2024-09-08,170,170,0,,15.49,16.15,1
PO-001202,24,2,2,2024-08-19,2024-09-16,2024-09-11,140,140,0,,15.49,15.94,1
PO-001203,24,2,1,2024-08-26,2024-09-23,2024-09-18,105,105,0,,15.49,15.55,1
PO-001204,24,2,1,2024-09-02,2024-09-30,2024-09-21,151,151,0,,15.49,15.93,1
PO-001205,24,2,1,2024-09-09,2024-10-07,2024-10-19,112,112,0,,15.49,15.88,1
PO-001206,24,2,8,2024-09-16,2024-10-14,2024-10-03,139,139,0,,15.49,15.74,1
PO-001207,24,2,8,2024-10-07,2024-11-04,2024-10-27,168,168,0,,15.49,16.08,1
PO-001208,24,2,6,2024-10-21,2024-11-18,2024-11-07,229,229,0,,15.49,15.95,1
PO-001209,24,2,3,2024-11-11,2024-12-09,2024-12-03,112,112,0,,15.49,15.85,1
PO-001210,24,2,4,2024-12-09,2025-01-06,2025-02-05,211,211,0,,15.49,16.0,1
PO-001211,24,2,5,2024-12-30,2025-01-27,2025-01-26,187,187,0,,15.49,15.86,1
PO-001212,24,2,8,2025-01-06,2025-02-03,2025-01-29,147,147,0,,15.49,16.14,1
PO-001213,24,2,7,2025-01-13,2025-02-10,2025-02-04,132,132,0,,15.49,15.8,1
PO-001214,24,2,3,2025-02-10,2025-03-10,2025-03-09,187,187,26,Temperature excursion in transit,15.49,16.0,1
PO-001215,24,2,5,2025-03-03,2025-03-31,2025-03-09,172,172,0,,15.49,15.83,1
PO-001216,24,2,8,2025-03-24,2025-04-21,2025-04-08,186,186,14,Short shelf life on arrival,15.49,16.21,1
PO-001217,24,2,8,2025-04-07,2025-05-05,2025-05-08,143,143,0,,15.49,16.01,1
PO-001218,24,2,5,2025-04-28,2025-05-26,2025-05-25,156,156,0,,15.49,15.77,1
PO-001219,24,2,7,2025-05-05,2025-06-02,2025-05-25,186,186,0,,15.49,15.9,1
PO-001220,24,2,4,2025-05-12,2025-06-09,2025-06-06,123,123,0,,15.49,15.79,1
PO-001221,24,2,1,2025-06-02,2025-06-30,2025-06-23,207,182,0,,15.49,16.08,1
PO-001222,24,2,7,2025-06-16,2025-07-14,2025-07-12,211,211,0,,15.49,15.9,1
PO-001223,24,2,5,2025-06-23,2025-07-21,2025-07-15,222,222,0,,15.49,15.54,1
PO-001224,24,2,5,2025-06-30,2025-07-28,2025-08-01,187,187,0,,15.49,16.04,1
PO-001225,24,11,5,2024-07-15,2024-08-02,2024-07-30,210,210,0,,15.96,15.08,0
PO-001226,24,11,8,2024-07-22,2024-08-09,2024-09-11,214,214,0,,15.96,15.2,0
PO-001227,24,11,8,2024-07-29,2024-08-16,2024-08-13,100,100,0,,15.96,15.4,0
PO-001228,24,11,8,2024-08-19,2024-09-06,2024-09-03,162,162,0,,15.96,15.13,0
PO-001229,24,11,5,2024-09-02,2024-09-20,2024-09-21,190,190,0,,15.96,15.37,0
PO-001230,24,11,1,2024-09-09,2024-09-27,2024-09-25,139,139,0,,15.96,15.11,0
PO-001231,24,11,6,2024-09-23,2024-10-11,2024-10-09,149,149,0,,15.96,15.22,0
PO-001232,24,11,2,2024-09-30,2024-10-18,2024-10-18,178,178,0,,15.96,15.03,0
PO-001233,24,11,7,2024-10-28,2024-11-15,2024-11-12,132,132,7,Temperature excursion in transit,15.96,15.75,0
PO-001234,24,11,6,2024-11-04,2024-11-22,2024-11-21,115,111,0,,15.96,15.21,0
PO-001235,24,11,2,2024-11-11,2024-11-29,2024-12-11,204,204,0,,15.96,15.42,0
PO-001236,24,11,7,2024-12-02,2024-12-20,2024-12-12,100,100,0,,15.96,15.43,0
PO-001237,24,11,6,2024-12-09,2024-12-27,2024-12-23,164,164,0,,15.96,15.31,0
PO-001238,24,11,2,2025-01-06,2025-01-24,2025-01-20,171,171,0,,15.96,15.52,0
PO-001239,24,11,4,2025-01-20,2025-02-07,2025-02-03,141,141,0,,15.96,15.12,0
PO-001240,24,11,4,2025-01-27,2025-02-14,2025-02-11,208,178,0,,15.96,15.2,0
PO-001241,24,11,4,2025-02-03,2025-02-21,2025-02-18,111,111,0,,15.96,15.39,0
PO-001242,24,11,6,2025-02-17,2025-03-07,2025-03-06,224,224,0,,15.96,15.29,0
PO-001243,24,11,3,2025-03-10,2025-03-28,2025-03-24,148,148,0,,15.96,15.17,0
PO-001244,24,11,1,2025-03-31,2025-04-18,2025-04-18,154,154,0,,15.96,15.23,0
PO-001245,24,11,3,2025-04-21,2025-05-09,2025-05-04,152,152,0,,15.96,15.28,0
PO-001246,24,11,7,2025-05-12,2025-05-30,2025-05-31,115,101,0,,15.96,15.22,0
PO-001247,24,11,5,2025-05-19,2025-06-06,2025-06-02,142,142,0,,15.96,15.34,0
PO-001248,24,11,8,2025-06-02,2025-06-20,2025-06-19,163,163,0,,15.96,15.29,0
PO-001249,24,11,2,2025-06-16,2025-07-04,2025-07-01,177,177,0,,15.96,15.29,0
PO-001250,24,11,5,2025-06-23,2025-07-11,2025-06-28,171,171,0,,15.96,15.51,0
PO-001251,24,11,3,2025-06-30,2025-07-18,2025-07-17,216,216,13,Failed spec check,15.96,15.36,0
PO-001252,25,6,7,2024-07-08,2024-07-25,2024-07-22,456,456,0,,31.93,31.65,0
PO-001253,25,6,5,2024-08-05,2024-08-22,2024-08-19,376,376,0,,31.93,30.73,0
PO-001254,25,6,6,2024-09-09,2024-09-26,2024-10-25,485,485,0,,31.93,31.18,0
PO-001255,25,6,5,2024-09-30,2024-10-17,2024-10-10,349,349,32,Short shelf life on arrival,31.93,31.31,0
PO-001256,25,6,2,2024-10-07,2024-10-24,2024-10-24,404,404,0,,31.93,31.05,0
PO-001257,25,6,6,2024-10-21,2024-11-07,2024-11-10,372,372,0,,31.93,31.01,0
PO-001258,25,6,1,2024-10-28,2024-11-14,2024-11-11,433,433,0,,31.93,30.83,0
PO-001259,25,6,8,2024-11-04,2024-11-21,2024-11-18,482,482,0,,31.93,30.79,0
PO-001260,25,6,7,2024-11-11,2024-11-28,2024-11-27,351,351,0,,31.93,30.81,0
PO-001261,25,6,2,2024-11-18,2024-12-05,2024-12-03,250,250,0,,31.93,30.85,0
PO-001262,25,6,3,2024-11-25,2024-12-12,2024-12-08,427,427,0,,31.93,31.07,0
PO-001263,25,6,4,2024-12-09,2024-12-26,2024-12-24,250,250,0,,31.93,30.38,0
PO-001264,25,6,3,2024-12-16,2025-01-02,2024-12-31,396,396,0,,31.93,30.79,0
PO-001265,25,6,8,2025-01-06,2025-01-23,2025-01-19,441,441,0,,31.93,31.54,0
PO-001266,25,6,7,2025-01-20,2025-02-06,2025-02-05,295,295,0,,31.93,30.89,0
PO-001267,25,6,7,2025-02-17,2025-03-06,2025-03-04,385,385,0,,31.93,31.16,0
PO-001268,25,6,2,2025-02-24,2025-03-13,2025-03-12,445,445,0,,31.93,30.76,0
PO-001269,25,6,7,2025-03-03,2025-03-20,2025-03-19,430,430,0,,31.93,30.5,0
PO-001270,25,6,1,2025-03-17,2025-04-03,2025-04-03,320,320,0,,31.93,31.42,0
PO-001271,25,6,7,2025-03-24,2025-04-10,2025-04-07,572,572,0,,31.93,31.18,0
PO-001272,25,6,6,2025-03-31,2025-04-17,2025-04-12,324,324,32,Failed spec check,31.93,30.64,0
PO-001273,25,6,3,2025-04-28,2025-05-15,2025-05-14,522,522,0,,31.93,30.65,0
PO-001274,25,6,4,2025-05-12,2025-05-29,2025-05-25,467,467,30,Temperature excursion in transit,31.93,30.96,0
PO-001275,25,6,3,2025-05-26,2025-06-12,2025-06-07,250,250,0,,31.93,31.16,0
PO-001276,25,6,2,2025-06-09,2025-06-26,2025-06-25,328,328,0,,31.93,31.39,0
PO-001277,25,6,7,2025-06-16,2025-07-03,2025-07-02,287,287,28,Documentation incomplete,31.93,30.72,0
PO-001278,25,6,1,2025-06-23,2025-07-10,2025-07-09,250,250,0,,31.93,31.63,0
PO-001279,25,15,1,2024-07-22,2024-08-18,2024-08-13,1586,1586,0,,32.29,34.12,1
PO-001280,25,15,6,2024-08-05,2024-09-01,2024-08-31,1746,1699,0,,32.29,33.39,1
PO-001281,25,15,8,2024-08-19,2024-09-15,2024-09-05,1269,1269,0,,32.29,34.36,1
PO-001282,25,15,5,2024-08-26,2024-09-22,2024-09-16,1000,1000,127,Documentation incomplete,32.29,33.75,1
PO-001283,25,15,5,2024-09-02,2024-09-29,2024-09-30,1571,1571,0,,32.29,34.11,1
PO-001284,25,15,8,2024-09-09,2024-10-06,2024-10-03,1480,1480,0,,32.29,34.43,1
PO-001285,25,15,1,2024-09-23,2024-10-20,2024-10-14,1327,1327,0,,32.29,33.84,1
PO-001286,25,15,6,2024-09-30,2024-10-27,2024-10-22,1389,1389,0,,32.29,33.87,1
PO-001287,25,15,1,2024-10-21,2024-11-17,2024-11-16,1609,1539,0,,32.29,34.08,1
PO-001288,25,15,7,2024-11-18,2024-12-15,2024-12-04,1481,1481,0,,32.29,33.8,1
PO-001289,25,15,7,2024-12-02,2024-12-29,2024-12-28,1000,1000,0,,32.29,33.97,1
PO-001290,25,15,2,2024-12-16,2025-01-12,2025-01-12,1730,1730,0,,32.29,34.45,1
PO-001291,25,15,8,2024-12-30,2025-01-26,2025-01-23,1206,1206,0,,32.29,34.14,1
PO-001292,25,15,4,2025-01-06,2025-02-02,2025-01-29,1489,1489,0,,32.29,34.06,1
PO-001293,25,15,2,2025-01-20,2025-02-16,2025-02-04,1894,1894,0,,32.29,33.48,1
PO-001294,25,15,6,2025-01-27,2025-02-23,2025-02-13,1940,1940,0,,32.29,34.09,1
PO-001295,25,15,2,2025-02-03,2025-03-02,2025-02-26,1417,1417,0,,32.29,33.89,1
PO-001296,25,15,4,2025-03-24,2025-04-20,2025-04-15,1613,1613,0,,32.29,33.18,1
PO-001297,25,15,4,2025-04-07,2025-05-04,2025-04-30,2247,2247,0,,32.29,33.93,1
PO-001298,25,15,1,2025-04-14,2025-05-11,2025-05-06,1837,1783,0,,32.29,34.27,1
PO-001299,25,15,8,2025-05-05,2025-06-01,2025-05-29,1692,1692,0,,32.29,33.89,1
PO-001300,25,15,2,2025-05-12,2025-06-08,2025-06-07,1531,1531,0,,32.29,34.2,1
PO-001301,25,15,2,2025-05-19,2025-06-15,2025-06-18,1913,1913,88,Short shelf life on arrival,32.29,33.92,1
PO-001302,25,15,5,2025-06-02,2025-06-29,2025-06-25,1297,1297,0,,32.29,34.14,1
PO-001303,25,15,3,2025-06-16,2025-07-13,2025-07-13,1569,1569,0,,32.29,34.21,1
PO-001304,25,15,8,2025-06-23,2025-07-20,2025-07-16,1589,1589,0,,32.29,33.28,1
PO-001305,25,15,4,2025-06-30,2025-07-27,2025-07-11,1464,1464,0,,32.29,33.53,1
PO-001306,26,13,5,2024-07-08,2024-07-16,2024-07-15,424,424,47,Short shelf life on arrival,19.31,18.23,1
PO-001307,26,13,5,2024-07-22,2024-07-30,2024-07-29,278,278,22,Failed spec check,19.31,18.07,1
PO-001308,26,13,2,2024-08-05,2024-08-13,2024-08-12,410,410,0,,19.31,18.57,1
PO-001309,26,13,3,2024-08-12,2024-08-20,2024-08-19,383,383,46,Short shelf life on arrival,19.31,18.48,1
PO-001310,26,13,6,2024-08-19,2024-08-27,2024-08-27,449,449,0,,19.31,18.07,1
PO-001311,26,13,7,2024-09-02,2024-09-10,2024-09-10,340,340,0,,19.31,18.03,1
PO-001312,26,13,6,2024-09-16,2024-09-24,2024-09-24,308,308,0,,19.31,17.86,1
PO-001313,26,13,4,2024-10-28,2024-11-05,2024-11-05,599,599,0,,19.31,18.02,1
PO-001314,26,13,6,2024-11-11,2024-11-19,2024-11-19,399,399,0,,19.31,18.25,1
PO-001315,26,13,8,2024-11-18,2024-11-26,2024-11-25,368,368,0,,19.31,18.06,1
PO-001316,26,13,7,2024-12-02,2024-12-10,2024-12-10,300,300,0,,19.31,18.04,1
PO-001317,26,13,1,2024-12-09,2024-12-17,2024-12-17,429,429,18,Temperature excursion in transit,19.31,18.08,1
PO-001318,26,13,2,2024-12-16,2024-12-24,2024-12-24,432,432,0,,19.31,18.22,1
PO-001319,26,13,8,2025-02-10,2025-02-18,2025-02-18,413,413,0,,19.31,17.96,1
PO-001320,26,13,8,2025-02-17,2025-02-25,2025-02-24,451,451,0,,19.31,18.38,1
PO-001321,26,13,2,2025-03-03,2025-03-11,2025-03-11,547,547,0,,19.31,17.91,1
PO-001322,26,13,1,2025-03-10,2025-03-18,2025-03-18,336,336,0,,19.31,17.92,1
PO-001323,26,13,5,2025-03-17,2025-03-25,2025-03-24,434,434,34,Damaged packaging,19.31,17.76,1
PO-001324,26,13,4,2025-03-24,2025-04-01,2025-03-31,430,430,0,,19.31,18.26,1
PO-001325,26,13,2,2025-03-31,2025-04-08,2025-04-07,425,425,0,,19.31,18.14,1
PO-001326,26,13,1,2025-04-07,2025-04-15,2025-04-14,250,250,0,,19.31,18.47,1
PO-001327,26,13,1,2025-04-14,2025-04-22,2025-04-21,511,511,0,,19.31,18.07,1
PO-001328,26,13,1,2025-04-28,2025-05-06,2025-05-06,341,341,28,Damaged packaging,19.31,18.24,1
PO-001329,26,13,5,2025-05-19,2025-05-27,2025-05-27,374,374,0,,19.31,18.06,1
PO-001330,26,13,5,2025-06-16,2025-06-24,2025-06-23,297,297,0,,19.31,17.93,1
PO-001331,26,11,2,2024-08-26,2024-09-14,2024-09-11,1922,1922,0,,17.85,16.92,0
PO-001332,26,11,6,2024-10-21,2024-11-09,2024-11-09,1104,1104,0,,17.85,17.19,0
PO-001333,26,11,4,2025-02-10,2025-03-01,2025-02-21,1194,1194,0,,17.85,17.22,0
PO-001334,26,11,7,2025-02-17,2025-03-08,2025-03-07,1118,1118,0,,17.85,17.38,0
PO-001335,26,11,1,2025-03-10,2025-03-29,2025-03-17,1913,1913,0,,17.85,17.16,0
PO-001336,26,11,3,2025-04-14,2025-05-03,2025-04-30,1876,1876,0,,17.85,16.91,0
PO-001337,26,11,8,2025-06-23,2025-07-12,2025-07-03,1558,1558,0,,17.85,17.12,0
PO-001338,26,15,7,2024-07-08,2024-08-07,2024-07-30,377,377,0,,19.4,20.39,0
PO-001339,26,15,5,2024-08-19,2024-09-18,2024-09-10,250,250,0,,19.4,20.26,0
PO-001340,26,15,4,2024-08-26,2024-09-25,2024-09-21,388,388,0,,19.4,20.34,0
PO-001341,26,15,3,2024-09-09,2024-10-09,2024-10-02,404,404,0,,19.4,20.48,0
PO-001342,26,15,7,2024-09-16,2024-10-16,2024-10-07,523,508,0,,19.4,20.38,0
PO-001343,26,15,7,2024-09-23,2024-10-23,2024-10-24,562,562,0,,19.4,20.57,0
PO-001344,26,15,1,2024-09-30,2024-10-30,2024-10-23,422,422,0,,19.4,20.24,0
PO-001345,26,15,3,2024-11-11,2024-12-11,2024-11-26,383,383,0,,19.4,20.61,0
PO-001346,26,15,7,2024-11-25,2024-12-25,2024-12-15,536,536,0,,19.4,20.79,0
PO-001347,26,15,7,2024-12-16,2025-01-15,2024-12-31,403,403,0,,19.4,20.35,0
PO-001348,26,15,8,2024-12-23,2025-01-22,2025-01-13,532,532,0,,19.4,20.23,0
PO-001349,26,15,7,2025-01-06,2025-02-05,2025-02-01,380,380,0,,19.4,20.19,0
PO-001350,26,15,5,2025-01-20,2025-02-19,2025-02-16,407,407,32,Temperature excursion in transit,19.4,20.6,0
PO-001351,26,15,1,2025-02-10,2025-03-12,2025-03-16,304,304,32,Temperature excursion in transit,19.4,20.26,0
PO-001352,26,15,3,2025-03-10,2025-04-09,2025-04-02,285,285,0,,19.4,20.33,0
PO-001353,26,15,2,2025-03-24,2025-04-23,2025-04-20,547,547,0,,19.4,20.16,0
PO-001354,26,15,3,2025-04-14,2025-05-14,2025-05-10,444,444,0,,19.4,20.46,0
PO-001355,26,15,6,2025-05-05,2025-06-04,2025-05-31,434,419,0,,19.4,20.63,0
PO-001356,26,15,1,2025-05-26,2025-06-25,2025-06-18,300,300,0,,19.4,20.44,0
PO-001357,26,15,6,2025-06-16,2025-07-16,2025-07-09,474,474,0,,19.4,20.43,0
PO-001358,26,15,7,2025-06-23,2025-07-23,2025-07-19,463,463,0,,19.4,20.36,0
PO-001359,26,15,1,2025-06-30,2025-07-30,2025-07-19,331,331,0,,19.4,20.35,0
PO-001360,27,8,2,2024-07-08,2024-08-20,2024-08-11,5051,5051,0,,4.81,5.37,0
PO-001361,27,8,3,2024-07-15,2024-08-27,2024-08-16,4407,4407,0,,4.81,5.33,0
PO-001362,27,8,1,2024-07-22,2024-09-03,2024-09-20,3397,3397,0,,4.81,5.37,0
PO-001363,27,8,4,2024-08-19,2024-10-01,2024-09-19,4273,4273,0,,4.81,5.26,0
PO-001364,27,8,6,2024-09-23,2024-11-05,2024-11-03,3159,3007,0,,4.81,5.3,0
PO-001365,27,8,2,2024-10-07,2024-11-19,2024-11-01,5057,5057,0,,4.81,5.33,0
PO-001366,27,8,4,2024-11-11,2024-12-24,2024-11-24,4915,4915,0,,4.81,5.32,0
PO-001367,27,8,4,2024-11-25,2025-01-07,2024-12-22,4595,4595,0,,4.81,5.3,0
PO-001368,27,8,5,2024-12-02,2025-01-14,2025-01-07,5190,5190,0,,4.81,5.4,0
PO-001369,27,8,7,2025-01-20,2025-03-04,2025-02-28,4130,4130,0,,4.81,5.29,0
PO-001370,27,8,8,2025-02-03,2025-03-18,2025-03-11,2655,2655,0,,4.81,5.29,0
PO-001371,27,8,3,2025-03-10,2025-04-22,2025-04-16,4182,4182,0,,4.81,5.34,0
PO-001372,27,8,3,2025-03-17,2025-04-29,2025-04-25,2979,2979,0,,4.81,5.35,0
PO-001373,27,8,2,2025-04-14,2025-05-27,2025-06-08,3981,3981,0,,4.81,5.33,0
PO-001374,27,8,3,2025-04-21,2025-06-03,2025-05-10,4383,4383,0,,4.81,5.29,0
PO-001375,27,8,3,2025-05-12,2025-06-24,2025-06-10,4119,4119,0,,4.81,5.33,0
PO-001376,27,8,3,2025-05-19,2025-07-01,2025-06-13,4599,4599,0,,4.81,5.19,0
PO-001377,27,8,8,2025-06-23,2025-08-05,2025-08-04,2996,2996,0,,4.81,5.31,0
PO-001378,27,8,3,2025-06-30,2025-08-12,2025-07-31,3655,3655,0,,4.81,5.29,0
PO-001379,27,6,4,2024-08-12,2024-09-02,2024-09-02,3399,3399,0,,5.75,5.59,0
PO-001380,27,6,4,2024-08-26,2024-09-16,2024-09-20,5481,5481,0,,5.75,5.67,0
PO-001381,27,6,2,2024-09-16,2024-10-07,2024-10-06,5226,5226,0,,5.75,5.59,0
PO-001382,27,6,1,2024-12-30,2025-01-20,2025-01-17,4376,4376,316,Documentation incomplete,5.75,5.7,0
PO-001383,27,2,3,2024-07-22,2024-08-19,2024-08-14,161,152,0,,6.8,7.06,0
PO-001384,27,2,4,2024-08-05,2024-09-02,2024-08-30,190,190,0,,6.8,7.05,0
PO-001385,27,2,3,2024-08-12,2024-09-09,2024-08-26,151,151,0,,6.8,7.05,0
PO-001386,27,2,3,2024-08-26,2024-09-23,2024-09-22,149,149,0,,6.8,7.05,0
PO-001387,27,2,6,2024-09-16,2024-10-14,2024-10-13,111,111,0,,6.8,7.02,0
PO-001388,27,2,1,2024-10-21,2024-11-18,2024-11-13,161,161,0,,6.8,6.98,0
PO-001389,27,2,7,2025-01-13,2025-02-10,2025-02-03,134,134,0,,6.8,7.06,0
PO-001390,27,2,2,2025-02-10,2025-03-10,2025-03-06,124,124,0,,6.8,6.98,0
PO-001391,27,2,8,2025-04-21,2025-05-19,2025-05-15,175,175,0,,6.8,6.92,0
PO-001392,27,2,3,2025-05-05,2025-06-02,2025-06-03,162,162,0,,6.8,7.0,0
PO-001393,27,11,6,2024-07-08,2024-07-24,2024-07-19,250,250,0,,5.97,5.77,1
PO-001394,27,11,5,2024-07-22,2024-08-07,2024-08-02,398,398,0,,5.97,5.79,1
PO-001395,27,11,5,2024-08-05,2024-08-21,2024-08-14,499,499,0,,5.97,5.72,1
PO-001396,27,11,3,2024-08-19,2024-09-04,2024-09-17,337,337,0,,5.97,5.65,1
PO-001397,27,11,8,2024-08-26,2024-09-11,2024-09-05,367,367,0,,5.97,5.68,1
PO-001398,27,11,8,2024-09-16,2024-10-02,2024-10-01,385,385,0,,5.97,5.66,1
PO-001399,27,11,5,2024-11-04,2024-11-20,2024-11-17,364,364,0,,5.97,5.62,1
PO-001400,27,11,4,2024-11-18,2024-12-04,2024-11-28,409,409,0,,5.97,5.75,1
PO-001401,27,11,8,2024-12-16,2025-01-01,2024-12-27,316,301,13,Temperature excursion in transit,5.97,5.67,1
PO-001402,27,11,4,2024-12-23,2025-01-08,2025-01-01,411,411,0,,5.97,5.79,1
PO-001403,27,11,1,2024-12-30,2025-01-15,2025-01-11,386,386,0,,5.97,5.73,1
PO-001404,27,11,6,2025-01-20,2025-02-05,2025-02-02,430,378,0,,5.97,5.78,1
PO-001405,27,11,3,2025-01-27,2025-02-12,2025-02-11,358,358,0,,5.97,5.8,1
PO-001406,27,11,6,2025-02-03,2025-02-19,2025-02-14,469,469,0,,5.97,5.8,1
PO-001407,27,11,2,2025-04-21,2025-05-07,2025-05-03,413,413,0,,5.97,5.66,1
PO-001408,27,11,4,2025-04-28,2025-05-14,2025-05-07,435,435,0,,5.97,5.7,1
PO-001409,27,11,5,2025-05-19,2025-06-04,2025-05-29,376,376,0,,5.97,5.81,1
PO-001410,27,11,2,2025-06-09,2025-06-25,2025-07-08,444,367,0,,5.97,5.71,1
PO-001411,27,11,1,2025-06-16,2025-07-02,2025-06-29,374,374,0,,5.97,5.75,1
PO-001412,28,13,2,2024-07-08,2024-07-16,2024-07-15,173,173,0,,28.32,25.99,0
PO-001413,28,13,4,2024-07-22,2024-07-30,2024-07-30,135,135,0,,28.32,25.84,0
PO-001414,28,13,1,2024-07-29,2024-08-06,2024-08-05,108,108,0,,28.32,26.65,0
PO-001415,28,13,8,2024-08-05,2024-08-13,2024-08-12,190,190,0,,28.32,26.69,0
PO-001416,28,13,2,2024-08-26,2024-09-03,2024-09-03,136,136,5,Short shelf life on arrival,28.32,26.5,0
PO-001417,28,13,4,2024-09-02,2024-09-10,2024-09-10,140,140,0,,28.32,26.22,0
PO-001418,28,13,1,2024-09-09,2024-09-17,2024-09-17,182,182,0,,28.32,26.91,0
PO-001419,28,13,5,2024-10-14,2024-10-22,2024-10-21,142,142,0,,28.32,25.99,0
PO-001420,28,13,7,2024-10-28,2024-11-05,2024-11-05,191,191,0,,28.32,26.97,0
PO-001421,28,13,4,2024-11-11,2024-11-19,2024-11-19,125,125,0,,28.32,26.66,0
PO-001422,28,13,6,2024-11-25,2024-12-03,2024-12-03,229,229,0,,28.32,26.42,0
PO-001423,28,13,1,2024-12-02,2024-12-10,2024-12-10,117,117,14,Temperature excursion in transit,28.32,26.29,0
PO-001424,28,13,7,2024-12-16,2024-12-24,2024-12-23,147,147,12,Temperature excursion in transit,28.32,26.86,0
PO-001425,28,13,3,2024-12-23,2024-12-31,2024-12-31,115,115,0,,28.32,26.51,0
PO-001426,28,13,3,2025-01-27,2025-02-04,2025-02-04,227,227,0,,28.32,26.25,0
PO-001427,28,13,6,2025-02-17,2025-02-25,2025-02-25,164,164,0,,28.32,26.79,0
PO-001428,28,13,6,2025-02-24,2025-03-04,2025-03-03,105,105,0,,28.32,26.63,0
PO-001429,28,13,5,2025-03-17,2025-03-25,2025-03-25,195,195,0,,28.32,26.6,0
PO-001430,28,13,3,2025-04-14,2025-04-22,2025-04-21,173,173,0,,28.32,26.36,0
PO-001431,28,13,8,2025-04-21,2025-04-29,2025-04-29,180,180,12,Temperature excursion in transit,28.32,27.1,0
PO-001432,28,13,1,2025-06-09,2025-06-17,2025-06-16,200,200,21,Temperature excursion in transit,28.32,26.6,0
PO-001433,28,13,1,2025-06-16,2025-06-24,2025-06-24,124,124,0,,28.32,26.45,0
PO-001434,28,6,2,2024-07-08,2024-07-24,2024-07-23,102,102,0,,23.25,22.44,1
PO-001435,28,6,4,2024-07-15,2024-07-31,2024-07-27,123,123,0,,23.25,22.1,1
PO-001436,28,6,3,2024-08-12,2024-08-28,2024-08-28,140,140,0,,23.25,22.35,1
PO-001437,28,6,4,2024-09-16,2024-10-02,2024-10-10,149,149,15,Temperature excursion in transit,23.25,22.69,1
PO-001438,28,6,6,2024-09-23,2024-10-09,2024-10-04,230,230,0,,23.25,22.62,1
PO-001439,28,6,3,2024-10-07,2024-10-23,2024-10-24,186,186,0,,23.25,22.47,1
PO-001440,28,6,8,2024-10-14,2024-10-30,2024-10-24,138,138,0,,23.25,22.62,1
PO-001441,28,6,3,2024-10-28,2024-11-13,2024-11-10,128,128,0,,23.25,22.54,1
PO-001442,28,6,3,2024-11-04,2024-11-20,2024-11-19,178,178,0,,23.25,23.39,1
PO-001443,28,6,2,2024-11-18,2024-12-04,2024-12-03,176,176,0,,23.25,22.45,1
PO-001444,28,6,1,2024-11-25,2024-12-11,2024-12-09,171,171,0,,23.25,22.7,1
PO-001445,28,6,3,2024-12-02,2024-12-18,2024-12-17,113,113,7,Failed spec check,23.25,22.77,1
PO-001446,28,6,2,2024-12-09,2024-12-25,2024-12-19,127,127,0,,23.25,22.67,1
PO-001447,28,6,8,2024-12-16,2025-01-01,2024-12-30,121,121,10,Temperature excursion in transit,23.25,22.53,1
PO-001448,28,6,6,2025-01-20,2025-02-05,2025-02-04,107,107,0,,23.25,22.31,1
PO-001449,28,6,4,2025-01-27,2025-02-12,2025-02-05,172,172,0,,23.25,22.05,1
PO-001450,28,6,2,2025-02-03,2025-02-19,2025-02-18,197,197,0,,23.25,22.89,1
PO-001451,28,6,2,2025-02-10,2025-02-26,2025-03-03,118,118,0,,23.25,22.56,1
PO-001452,28,6,5,2025-03-17,2025-04-02,2025-03-30,154,154,0,,23.25,22.81,1
PO-001453,28,6,7,2025-03-24,2025-04-09,2025-04-08,128,128,0,,23.25,22.99,1
PO-001454,28,6,4,2025-03-31,2025-04-16,2025-04-12,184,184,0,,23.25,22.75,1
PO-001455,28,6,4,2025-04-07,2025-04-23,2025-04-22,108,108,0,,23.25,22.61,1
PO-001456,28,6,2,2025-04-21,2025-05-07,2025-05-04,100,100,9,Temperature excursion in transit,23.25,22.88,1
PO-001457,28,6,2,2025-04-28,2025-05-14,2025-05-12,140,140,14,Damaged packaging,23.25,22.59,1
PO-001458,28,6,5,2025-05-05,2025-05-21,2025-05-19,170,170,0,,23.25,22.69,1
PO-001459,28,6,5,2025-05-12,2025-05-28,2025-05-27,156,156,0,,23.25,22.85,1
PO-001460,28,6,7,2025-06-02,2025-06-18,2025-06-15,136,136,0,,23.25,22.34,1
PO-001461,28,6,7,2025-06-16,2025-07-02,2025-06-27,145,145,0,,23.25,22.87,1
PO-001462,28,6,2,2025-06-23,2025-07-09,2025-07-04,147,147,0,,23.25,22.97,1
PO-001463,28,6,8,2025-06-30,2025-07-16,2025-07-11,129,129,0,,23.25,22.77,1
PO-001464,29,8,5,2024-07-08,2024-08-20,2024-07-24,108,108,0,,6.31,6.9,0
PO-001465,29,8,3,2024-07-15,2024-08-27,2024-08-04,159,159,0,,6.31,6.87,0
PO-001466,29,8,1,2024-09-16,2024-10-29,2024-10-09,172,172,0,,6.31,6.9,0
PO-001467,29,8,4,2024-10-07,2024-11-19,2024-11-08,130,130,0,,6.31,7.02,0
PO-001468,29,8,1,2024-11-11,2024-12-24,2024-12-15,151,151,0,,6.31,6.98,0
PO-001469,29,8,7,2024-12-16,2025-01-28,2025-01-21,158,158,0,,6.31,7.02,0
PO-001470,29,8,2,2025-01-13,2025-02-25,2025-02-06,126,126,0,,6.31,6.99,0
PO-001471,29,8,4,2025-02-03,2025-03-18,2025-03-05,172,172,0,,6.31,6.88,0
PO-001472,29,8,3,2025-02-10,2025-03-25,2025-03-13,154,154,0,,6.31,7.03,0
PO-001473,29,8,1,2025-02-24,2025-04-08,2025-03-28,219,181,0,,6.31,6.99,0
PO-001474,29,8,1,2025-03-17,2025-04-29,2025-04-08,183,183,0,,6.31,7.0,0
PO-001475,29,8,5,2025-03-24,2025-05-06,2025-04-22,156,156,0,,6.31,7.0,0
PO-001476,29,8,2,2025-05-19,2025-07-01,2025-07-01,125,125,0,,6.31,6.91,0
PO-001477,29,8,6,2025-06-16,2025-07-29,2025-06-20,179,179,0,,6.31,7.02,0
PO-001478,29,9,3,2024-07-15,2024-08-28,2024-08-24,338,338,0,,6.35,6.49,1
PO-001479,29,9,5,2024-07-22,2024-09-04,2024-08-31,315,315,0,,6.35,6.55,1
PO-001480,29,9,8,2024-07-29,2024-09-11,2024-09-08,341,341,0,,6.35,6.53,1
PO-001481,29,9,6,2024-08-05,2024-09-18,2024-09-18,398,398,0,,6.35,6.54,1
PO-001482,29,9,4,2024-08-19,2024-10-02,2024-09-27,391,391,0,,6.35,6.44,1
PO-001483,29,9,1,2024-08-26,2024-10-09,2024-10-03,488,488,0,,6.35,6.44,1
PO-001484,29,9,7,2024-09-16,2024-10-30,2024-10-29,459,459,0,,6.35,6.57,1
PO-001485,29,9,5,2024-09-23,2024-11-06,2024-11-06,412,412,0,,6.35,6.55,1
PO-001486,29,9,2,2024-09-30,2024-11-13,2024-11-12,363,363,0,,6.35,6.6,1
PO-001487,29,9,4,2024-10-07,2024-11-20,2024-11-19,375,375,0,,6.35,6.6,1
PO-001488,29,9,1,2024-10-14,2024-11-27,2024-11-23,574,574,0,,6.35,6.5,1
PO-001489,29,9,1,2024-10-21,2024-12-04,2024-12-03,537,537,0,,6.35,6.51,1
PO-001490,29,9,3,2024-11-04,2024-12-18,2024-12-15,530,530,0,,6.35,6.59,1
PO-001491,29,9,6,2024-11-11,2024-12-25,2024-12-24,332,332,0,,6.35,6.52,1
PO-001492,29,9,3,2024-11-18,2025-01-01,2024-12-27,346,346,0,,6.35,6.66,1
PO-001493,29,9,6,2024-11-25,2025-01-08,2024-12-31,487,487,0,,6.35,6.59,1
PO-001494,29,9,3,2024-12-02,2025-01-15,2025-01-15,493,493,0,,6.35,6.66,1
PO-001495,29,9,6,2024-12-09,2025-01-22,2025-01-13,326,326,0,,6.35,6.6,1
PO-001496,29,9,3,2024-12-16,2025-01-29,2025-01-24,259,250,0,,6.35,6.59,1
PO-001497,29,9,5,2024-12-30,2025-02-12,2025-02-03,361,353,0,,6.35,6.56,1
PO-001498,29,9,7,2025-01-13,2025-02-26,2025-02-20,483,464,0,,6.35,6.54,1
PO-001499,29,9,5,2025-01-20,2025-03-05,2025-02-28,252,252,0,,6.35,6.52,1
PO-001500,29,9,2,2025-01-27,2025-03-12,2025-03-06,311,298,0,,6.35,6.57,1
PO-001501,29,9,6,2025-02-03,2025-03-19,2025-03-15,254,254,0,,6.35,6.73,1
PO-001502,29,9,7,2025-02-17,2025-04-02,2025-04-01,452,452,0,,6.35,6.51,1
PO-001503,29,9,3,2025-02-24,2025-04-09,2025-04-13,398,398,0,,6.35,6.47,1
PO-001504,29,9,6,2025-03-17,2025-04-30,2025-04-16,673,673,0,,6.35,6.68,1
PO-001505,29,9,2,2025-03-24,2025-05-07,2025-05-04,468,468,0,,6.35,6.57,1
PO-001506,29,9,1,2025-03-31,2025-05-14,2025-05-02,365,365,0,,6.35,6.58,1
PO-001507,29,9,3,2025-04-07,2025-05-21,2025-05-19,501,501,0,,6.35,6.68,1
PO-001508,29,9,7,2025-04-14,2025-05-28,2025-05-24,442,442,0,,6.35,6.58,1
PO-001509,29,9,6,2025-04-21,2025-06-04,2025-06-02,361,361,0,,6.35,6.69,1
PO-001510,29,9,8,2025-04-28,2025-06-11,2025-06-08,430,430,0,,6.35,6.63,1
PO-001511,29,9,6,2025-05-05,2025-06-18,2025-06-14,350,350,0,,6.35,6.52,1
PO-001512,29,9,3,2025-05-12,2025-06-25,2025-06-24,363,363,0,,6.35,6.53,1
PO-001513,29,9,8,2025-05-19,2025-07-02,2025-06-28,404,404,0,,6.35,6.71,1
PO-001514,29,9,2,2025-05-26,2025-07-09,2025-07-03,374,374,0,,6.35,6.52,1
PO-001515,29,9,6,2025-06-02,2025-07-16,2025-07-15,534,534,0,,6.35,6.61,1
PO-001516,29,9,4,2025-06-09,2025-07-23,2025-07-23,504,504,0,,6.35,6.46,1
PO-001517,29,9,8,2025-06-16,2025-07-30,2025-07-20,375,375,0,,6.35,6.63,1
PO-001518,29,9,2,2025-06-23,2025-08-06,2025-08-02,304,304,0,,6.35,6.6,1
PO-001519,29,9,7,2025-06-30,2025-08-13,2025-07-30,412,412,0,,6.35,6.65,1
PO-001520,30,1,4,2024-07-08,2024-07-19,2024-07-18,1877,1877,0,,12.44,13.0,1
PO-001521,30,1,5,2024-07-22,2024-08-02,2024-08-01,1000,932,0,,12.44,12.83,1
PO-001522,30,1,4,2024-08-05,2024-08-16,2024-08-14,2257,2257,0,,12.44,12.85,1
PO-001523,30,1,8,2024-08-12,2024-08-23,2024-08-23,1502,1502,0,,12.44,12.98,1
PO-001524,30,1,4,2024-09-02,2024-09-13,2024-09-12,1905,1905,0,,12.44,12.83,1
PO-001525,30,1,5,2024-09-23,2024-10-04,2024-10-01,1796,1796,0,,12.44,13.06,1
PO-001526,30,1,1,2024-09-30,2024-10-11,2024-10-06,1349,1349,0,,12.44,12.99,1
PO-001527,30,1,1,2024-10-21,2024-11-01,2024-11-01,1284,1284,0,,12.44,12.72,1
PO-001528,30,1,1,2024-11-11,2024-11-22,2024-11-21,2042,1907,0,,12.44,12.83,1
PO-001529,30,1,8,2024-11-18,2024-11-29,2024-11-27,1258,1258,0,,12.44,12.56,1
PO-001530,30,1,7,2024-11-25,2024-12-06,2024-12-05,1909,1909,0,,12.44,12.72,1
PO-001531,30,1,3,2024-12-02,2024-12-13,2024-12-12,1177,1177,0,,12.44,12.6,1
PO-001532,30,1,3,2024-12-09,2024-12-20,2024-12-20,1561,1561,0,,12.44,12.73,1
PO-001533,30,1,4,2024-12-23,2025-01-03,2024-12-31,1512,1512,206,Temperature excursion in transit,12.44,12.71,1
PO-001534,30,1,4,2025-01-06,2025-01-17,2025-01-16,1576,1576,0,,12.44,12.85,1
PO-001535,30,1,4,2025-01-20,2025-01-31,2025-01-28,1222,1222,0,,12.44,12.73,1
PO-001536,30,1,8,2025-01-27,2025-02-07,2025-02-06,1554,1554,0,,12.44,12.93,1
PO-001537,30,1,5,2025-02-24,2025-03-07,2025-03-06,1923,1923,0,,12.44,13.01,1
PO-001538,30,1,3,2025-03-03,2025-03-14,2025-03-13,2414,2344,0,,12.44,12.83,1
PO-001539,30,1,1,2025-03-31,2025-04-11,2025-04-11,1881,1881,0,,12.44,12.66,1
PO-001540,30,1,5,2025-04-21,2025-05-02,2025-05-01,2150,2150,0,,12.44,12.63,1
PO-001541,30,1,8,2025-04-28,2025-05-09,2025-05-08,1007,1007,0,,12.44,12.74,1
PO-001542,30,1,3,2025-06-02,2025-06-13,2025-06-11,1702,1702,0,,12.44,12.88,1
PO-001543,30,1,4,2025-06-09,2025-06-20,2025-06-18,1981,1981,176,Temperature excursion in transit,12.44,12.68,1
PO-001544,30,1,8,2025-06-23,2025-07-04,2025-07-03,1804,1701,0,,12.44,12.73,1
PO-001545,30,1,2,2025-06-30,2025-07-11,2025-07-07,1675,1675,0,,12.44,12.65,1
PO-001546,30,3,4,2024-07-08,2024-08-11,2024-08-03,316,316,0,,10.8,10.49,0
PO-001547,30,3,2,2024-09-02,2024-10-06,2024-10-16,471,471,44,Temperature excursion in transit,10.8,10.64,0
PO-001548,30,3,7,2024-09-09,2024-10-13,2024-10-07,506,506,46,Documentation incomplete,10.8,10.34,0
PO-001549,30,3,2,2024-09-23,2024-10-27,2024-10-21,403,403,0,,10.8,10.39,0
PO-001550,30,3,8,2024-11-04,2024-12-08,2024-12-04,625,625,77,Damaged packaging,10.8,10.25,0
PO-001551,30,3,2,2025-01-20,2025-02-23,2025-02-26,376,376,0,,10.8,10.39,0
PO-001552,30,3,6,2025-02-17,2025-03-23,2025-03-13,414,414,0,,10.8,10.17,0
PO-001553,30,3,4,2025-04-21,2025-05-25,2025-05-20,487,487,0,,10.8,10.5,0
PO-001554,30,3,7,2025-05-26,2025-06-29,2025-07-04,364,364,0,,10.8,10.5,0
PO-001555,30,3,5,2025-06-09,2025-07-13,2025-07-01,390,390,0,,10.8,10.36,0
PO-001556,30,3,8,2025-06-30,2025-08-03,2025-07-17,418,418,0,,10.8,10.44,0
PO-001557,30,4,2,2024-11-25,2024-12-30,2024-12-19,1831,1831,0,,10.26,10.16,0
PO-001558,30,4,8,2025-03-24,2025-04-28,2025-04-28,1717,1717,0,,10.26,10.29,0
PO-001559,30,4,8,2025-06-09,2025-07-14,2025-07-17,1716,1716,0,,10.26,10.03,0
PO-001560,30,7,5,2024-07-22,2024-09-06,2024-09-29,356,356,0,,9.46,8.85,0
PO-001561,30,7,7,2024-09-02,2024-10-18,2024-10-05,347,347,0,,9.46,8.84,0
PO-001562,30,7,3,2024-10-14,2024-11-29,2024-11-14,437,437,0,,9.46,8.84,0
PO-001563,30,7,6,2024-12-02,2025-01-17,2025-01-12,311,311,0,,9.46,8.8,0
PO-001564,30,7,3,2024-12-30,2025-02-14,2025-02-12,389,389,0,,9.46,8.9,0
PO-001565,30,7,1,2025-01-20,2025-03-07,2025-02-25,329,329,0,,9.46,8.95,0
PO-001566,30,7,5,2025-02-24,2025-04-11,2025-03-27,395,395,0,,9.46,8.97,0
PO-001567,30,7,8,2025-03-24,2025-05-09,2025-04-28,306,306,18,Damaged packaging,9.46,8.9,0
PO-001568,30,7,8,2025-05-12,2025-06-27,2025-06-27,336,336,18,Documentation incomplete,9.46,8.8,0
PO-001569,30,7,7,2025-05-26,2025-07-11,2025-06-04,458,458,0,,9.46,8.89,0
PO-001570,30,7,4,2025-06-23,2025-08-08,2025-07-20,389,389,28,Failed spec check,9.46,8.87,0
PO-001571,31,7,2,2024-07-08,2024-08-23,2024-07-22,5622,5622,0,,10.98,10.25,1
PO-001572,31,7,6,2024-07-15,2024-08-30,2024-08-16,5186,5186,0,,10.98,10.37,1
PO-001573,31,7,5,2024-08-26,2024-10-11,2024-10-02,5516,5516,0,,10.98,10.46,1
PO-001574,31,7,7,2024-09-09,2024-10-25,2024-09-24,2500,2500,0,,10.98,10.4,1
PO-001575,31,7,5,2024-09-16,2024-11-01,2024-10-23,5797,5797,0,,10.98,10.19,1
PO-001576,31,7,5,2024-11-04,2024-12-20,2024-12-17,3319,3319,0,,10.98,10.45,1
PO-001577,31,7,4,2024-11-11,2024-12-27,2024-12-18,3135,3135,0,,10.98,10.47,1
PO-001578,31,7,5,2024-11-25,2025-01-10,2024-12-27,3179,3179,0,,10.98,10.22,1
PO-001579,31,7,8,2024-12-02,2025-01-17,2024-12-23,3215,3215,0,,10.98,10.47,1
PO-001580,31,7,1,2024-12-23,2025-02-07,2025-02-06,2992,2992,187,Documentation incomplete,10.98,10.34,1
PO-001581,31,7,7,2025-01-06,2025-02-21,2025-01-31,3069,3069,0,,10.98,10.31,1
PO-001582,31,7,6,2025-01-13,2025-02-28,2025-02-26,4731,4731,0,,10.98,10.35,1
PO-001583,31,7,6,2025-01-20,2025-03-07,2025-02-22,3427,3427,0,,10.98,10.38,1
PO-001584,31,7,2,2025-01-27,2025-03-14,2025-03-02,4580,4580,0,,10.98,10.26,1
PO-001585,31,7,2,2025-02-03,2025-03-21,2025-03-09,4277,4277,323,Temperature excursion in transit,10.98,10.17,1
PO-001586,31,7,1,2025-02-17,2025-04-04,2025-04-01,2767,2767,0,,10.98,10.24,1
PO-001587,31,7,3,2025-03-10,2025-04-25,2025-04-16,4390,4390,0,,10.98,10.4,1
PO-001588,31,7,2,2025-03-17,2025-05-02,2025-03-29,4586,4586,0,,10.98,10.41,1
PO-001589,31,7,8,2025-03-24,2025-05-09,2025-05-08,3995,3995,0,,10.98,10.3,1
PO-001590,31,7,1,2025-04-14,2025-05-30,2025-05-17,4086,4086,0,,10.98,10.45,1
PO-001591,31,7,2,2025-04-21,2025-06-06,2025-05-30,2760,2760,0,,10.98,10.39,1
PO-001592,31,7,2,2025-04-28,2025-06-13,2025-06-11,2545,2545,0,,10.98,10.34,1
PO-001593,31,7,8,2025-05-12,2025-06-27,2025-06-04,3562,3562,0,,10.98,10.36,1
PO-001594,31,7,1,2025-05-26,2025-07-11,2025-07-08,3793,3793,0,,10.98,10.31,1
PO-001595,31,10,7,2024-07-08,2024-08-20,2024-08-29,377,377,0,,11.72,11.18,0
PO-001596,31,10,3,2024-08-19,2024-10-01,2024-09-29,445,445,0,,11.72,11.02,0
PO-001597,31,10,4,2024-09-16,2024-10-29,2024-10-19,474,474,0,,11.72,11.08,0
PO-001598,31,10,1,2024-09-23,2024-11-05,2024-11-04,333,333,0,,11.72,11.22,0
PO-001599,31,10,5,2024-10-07,2024-11-19,2024-11-18,335,335,0,,11.72,11.03,0
PO-001600,31,10,5,2024-10-21,2024-12-03,2024-11-25,484,484,0,,11.72,11.15,0
PO-001601,31,10,8,2024-11-04,2024-12-17,2024-12-16,440,440,0,,11.72,11.09,0
PO-001602,31,10,1,2024-12-09,2025-01-21,2024-12-27,426,426,0,,11.72,11.02,0
PO-001603,31,10,8,2024-12-23,2025-02-04,2025-01-22,357,357,0,,11.72,11.05,0
PO-001604,31,10,6,2025-01-13,2025-02-25,2025-02-22,462,462,0,,11.72,11.14,0
PO-001605,31,10,3,2025-03-17,2025-04-29,2025-04-14,515,515,0,,11.72,11.28,0
PO-001606,31,10,5,2025-03-31,2025-05-13,2025-05-10,446,446,0,,11.72,11.02,0
PO-001607,31,10,6,2025-06-02,2025-07-15,2025-07-20,382,373,0,,11.72,11.26,0
PO-001608,31,10,6,2025-06-16,2025-07-29,2025-07-28,290,290,0,,11.72,11.15,0
PO-001609,32,9,7,2024-07-22,2024-09-04,2024-09-02,5262,5262,0,,10.53,10.94,0
PO-001610,32,9,5,2024-12-02,2025-01-15,2025-01-14,4079,4079,0,,10.53,10.8,0
PO-001611,32,9,6,2025-03-24,2025-05-07,2025-05-03,3686,3538,0,,10.53,10.63,0
PO-001612,32,9,3,2025-03-31,2025-05-14,2025-05-09,2500,2500,0,,10.53,10.96,0
PO-001613,32,9,7,2025-04-21,2025-06-04,2025-05-31,4080,4080,0,,10.53,11.06,0
PO-001614,32,9,4,2025-06-09,2025-07-23,2025-07-14,4111,4111,0,,10.53,10.75,0
PO-001615,32,9,8,2025-06-30,2025-08-13,2025-08-09,3956,3956,0,,10.53,10.89,0
PO-001616,32,8,8,2024-07-08,2024-08-20,2024-08-11,353,353,0,,9.58,10.47,0
PO-001617,32,8,8,2024-08-05,2024-09-17,2024-09-09,250,250,0,,9.58,10.39,0
PO-001618,32,8,6,2024-08-19,2024-10-01,2024-09-29,487,487,0,,9.58,10.49,0
PO-001619,32,8,2,2024-08-26,2024-10-08,2024-10-07,311,311,0,,9.58,10.53,0
PO-001620,32,8,5,2024-09-02,2024-10-15,2024-09-29,476,476,0,,9.58,10.72,0
PO-001621,32,8,6,2024-09-16,2024-10-29,2024-10-18,413,413,0,,9.58,10.61,0
PO-001622,32,8,3,2024-10-07,2024-11-19,2024-11-08,491,472,0,,9.58,10.51,0
PO-001623,32,8,6,2024-10-14,2024-11-26,2024-12-15,300,300,0,,9.58,10.48,0
PO-001624,32,8,8,2024-10-21,2024-12-03,2024-11-30,602,602,0,,9.58,10.67,0
PO-001625,32,8,4,2024-12-02,2025-01-14,2024-12-30,339,339,0,,9.58,10.66,0
PO-001626,32,8,2,2025-01-06,2025-02-18,2025-02-18,543,543,0,,9.58,10.59,0
PO-001627,32,8,8,2025-01-13,2025-02-25,2025-02-21,492,492,0,,9.58,10.64,0
PO-001628,32,8,1,2025-01-27,2025-03-11,2025-03-10,250,250,0,,9.58,10.48,0
PO-001629,32,8,7,2025-02-17,2025-04-01,2025-03-25,359,359,0,,9.58,10.32,0
PO-001630,32,8,5,2025-02-24,2025-04-08,2025-04-29,510,510,0,,9.58,10.64,0
PO-001631,32,8,7,2025-03-03,2025-04-15,2025-04-10,435,435,0,,9.58,10.59,0
PO-001632,32,8,8,2025-03-10,2025-04-22,2025-03-23,562,562,0,,9.58,10.62,0
PO-001633,32,8,3,2025-03-17,2025-04-29,2025-04-27,310,310,0,,9.58,10.55,0
PO-001634,32,8,3,2025-04-14,2025-05-27,2025-06-08,549,549,20,Damaged packaging,9.58,10.61,0
PO-001635,32,8,2,2025-04-28,2025-06-10,2025-06-10,360,360,0,,9.58,10.74,0
PO-001636,32,8,7,2025-05-19,2025-07-01,2025-06-18,435,435,0,,9.58,10.71,0
PO-001637,32,8,5,2025-05-26,2025-07-08,2025-06-29,370,370,0,,9.58,10.59,0
PO-001638,32,8,4,2025-06-09,2025-07-22,2025-07-18,474,474,0,,9.58,10.64,0
PO-001639,32,8,3,2025-06-23,2025-08-05,2025-07-27,390,390,0,,9.58,10.51,0
PO-001640,32,6,3,2024-07-29,2024-08-14,2024-08-11,167,167,10,Failed spec check,11.78,11.43,1
PO-001641,32,6,2,2024-08-19,2024-09-04,2024-08-31,204,204,0,,11.78,11.45,1
PO-001642,32,6,2,2024-09-02,2024-09-18,2024-09-13,185,185,0,,11.78,11.51,1
PO-001643,32,6,3,2024-09-09,2024-09-25,2024-09-22,178,178,0,,11.78,11.55,1
PO-001644,32,6,5,2024-11-04,2024-11-20,2024-11-18,207,207,0,,11.78,11.4,1
PO-001645,32,6,7,2024-11-11,2024-11-27,2024-11-22,175,175,0,,11.78,11.49,1
PO-001646,32,6,4,2024-11-18,2024-12-04,2024-11-27,159,159,0,,11.78,11.59,1
PO-001647,32,6,4,2024-11-25,2024-12-11,2024-12-06,176,176,0,,11.78,11.55,1
PO-001648,32,6,8,2024-12-16,2025-01-01,2024-12-30,167,167,0,,11.78,11.56,1
PO-001649,32,6,1,2025-01-06,2025-01-22,2025-01-19,162,162,0,,11.78,11.58,1
PO-001650,32,6,2,2025-01-13,2025-01-29,2025-01-28,182,182,0,,11.78,11.53,1
PO-001651,32,6,2,2025-01-20,2025-02-05,2025-02-02,178,178,0,,11.78,11.39,1
PO-001652,32,6,7,2025-01-27,2025-02-12,2025-02-10,141,141,0,,11.78,11.23,1
PO-001653,32,6,6,2025-02-03,2025-02-19,2025-02-19,195,195,9,Temperature excursion in transit,11.78,11.35,1
PO-001654,32,6,3,2025-02-10,2025-02-26,2025-02-24,153,153,0,,11.78,11.26,1
PO-001655,32,6,6,2025-02-17,2025-03-05,2025-03-03,146,146,0,,11.78,11.42,1
PO-001656,32,6,3,2025-03-24,2025-04-09,2025-04-08,147,147,0,,11.78,11.39,1
PO-001657,32,6,4,2025-04-07,2025-04-23,2025-04-23,147,147,0,,11.78,11.59,1
PO-001658,32,6,4,2025-04-14,2025-04-30,2025-05-03,171,171,14,Short shelf life on arrival,11.78,11.49,1
PO-001659,32,6,1,2025-04-28,2025-05-14,2025-05-13,178,178,16,Temperature excursion in transit,11.78,11.36,1
PO-001660,32,6,4,2025-05-05,2025-05-21,2025-06-04,197,197,0,,11.78,11.43,1
PO-001661,32,6,1,2025-06-02,2025-06-18,2025-06-12,184,184,0,,11.78,11.55,1
PO-001662,32,6,7,2025-06-09,2025-06-25,2025-06-23,155,155,0,,11.78,11.44,1
PO-001663,32,6,6,2025-06-16,2025-07-02,2025-06-27,103,103,0,,11.78,11.5,1
PO-001664,32,12,8,2025-01-13,2025-02-15,2025-02-14,427,427,0,,11.59,11.08,0
PO-001665,33,7,1,2024-07-08,2024-08-20,2024-08-19,168,168,0,,14.67,13.82,1
PO-001666,33,7,5,2024-07-29,2024-09-10,2024-08-30,177,177,0,,14.67,14.01,1
PO-001667,33,7,8,2024-08-05,2024-09-17,2024-09-18,129,129,0,,14.67,13.74,1
PO-001668,33,7,7,2024-08-26,2024-10-08,2024-10-04,258,258,0,,14.67,13.86,1
PO-001669,33,7,3,2024-09-09,2024-10-22,2024-10-20,172,172,0,,14.67,13.78,1
PO-001670,33,7,2,2024-09-16,2024-10-29,2024-10-27,166,166,0,,14.67,13.68,1
PO-001671,33,7,6,2024-09-30,2024-11-12,2024-11-04,138,138,0,,14.67,13.92,1
PO-001672,33,7,6,2024-10-07,2024-11-19,2024-11-14,197,197,0,,14.67,13.72,1
PO-001673,33,7,7,2024-10-14,2024-11-26,2024-11-18,102,102,0,,14.67,14.03,1
PO-001674,33,7,7,2024-10-21,2024-12-03,2024-11-27,100,100,0,,14.67,13.74,1
PO-001675,33,7,4,2024-10-28,2024-12-10,2024-11-20,159,159,0,,14.67,13.64,1
PO-001676,33,7,7,2024-11-04,2024-12-17,2024-12-11,196,196,7,Short shelf life on arrival,14.67,13.88,1
PO-001677,33,7,3,2024-11-11,2024-12-24,2024-12-19,183,183,0,,14.67,13.72,1
PO-001678,33,7,5,2024-11-18,2024-12-31,2024-12-19,139,139,10,Short shelf life on arrival,14.67,13.74,1
PO-001679,33,7,1,2024-12-23,2025-02-04,2025-01-19,177,177,12,Damaged packaging,14.67,13.68,1
PO-001680,33,7,7,2024-12-30,2025-02-11,2025-02-08,108,108,0,,14.67,13.65,1
PO-001681,33,7,6,2025-01-06,2025-02-18,2025-02-18,157,157,0,,14.67,13.58,1
PO-001682,33,7,5,2025-01-20,2025-03-04,2025-02-16,171,171,0,,14.67,13.68,1
PO-001683,33,7,4,2025-01-27,2025-03-11,2025-03-07,157,157,0,,14.67,13.89,1
PO-001684,33,7,7,2025-02-03,2025-03-18,2025-03-21,124,124,0,,14.67,13.6,1
PO-001685,33,7,8,2025-02-17,2025-04-01,2025-03-30,182,182,0,,14.67,13.97,1
PO-001686,33,7,3,2025-03-03,2025-04-15,2025-03-27,186,186,0,,14.67,13.7,1
PO-001687,33,7,6,2025-03-17,2025-04-29,2025-04-03,158,158,0,,14.67,13.87,1
PO-001688,33,7,2,2025-04-14,2025-05-27,2025-05-13,122,122,9,Failed spec check,14.67,13.58,1
PO-001689,33,7,8,2025-04-21,2025-06-03,2025-05-20,133,133,8,Temperature excursion in transit,14.67,13.91,1
PO-001690,33,7,4,2025-05-05,2025-06-17,2025-06-10,109,109,0,,14.67,13.97,1
PO-001691,33,7,6,2025-05-12,2025-06-24,2025-06-25,127,127,0,,14.67,13.84,1
PO-001692,33,7,4,2025-05-19,2025-07-01,2025-06-24,121,121,0,,14.67,13.63,1
PO-001693,33,7,8,2025-06-02,2025-07-15,2025-07-11,135,135,0,,14.67,13.64,1
PO-001694,33,7,5,2025-06-09,2025-07-22,2025-07-12,137,137,0,,14.67,13.98,1
PO-001695,33,7,5,2025-06-16,2025-07-29,2025-07-18,195,195,0,,14.67,13.81,1
PO-001696,33,7,4,2025-06-23,2025-08-05,2025-07-30,159,159,0,,14.67,13.81,1
PO-001697,33,7,3,2025-06-30,2025-08-12,2025-08-05,109,109,0,,14.67,13.67,1
PO-001698,33,8,1,2024-07-15,2024-08-27,2024-08-25,700,700,0,,16.35,18.24,0
PO-001699,33,8,7,2024-07-29,2024-09-10,2024-09-21,646,646,0,,16.35,17.94,0
PO-001700,33,8,6,2024-09-09,2024-10-22,2024-09-22,500,500,0,,16.35,17.89,0
PO-001701,33,8,5,2025-01-27,2025-03-11,2025-03-04,500,500,0,,16.35,17.92,0
PO-001702,33,8,1,2025-02-03,2025-03-18,2025-03-11,824,824,0,,16.35,18.21,0
PO-001703,33,8,5,2025-02-24,2025-04-08,2025-03-26,954,954,0,,16.35,18.27,0
PO-001704,33,8,4,2025-03-03,2025-04-15,2025-03-20,745,745,0,,16.35,18.02,0
PO-001705,33,8,5,2025-03-10,2025-04-22,2025-04-13,865,865,0,,16.35,17.87,0
PO-001706,33,8,4,2025-04-21,2025-06-03,2025-06-02,632,632,0,,16.35,18.51,0
PO-001707,33,8,5,2025-05-26,2025-07-08,2025-07-05,588,492,0,,16.35,17.9,0
PO-001708,33,8,5,2025-06-02,2025-07-15,2025-07-05,755,755,0,,16.35,18.0,0
PO-001709,34,9,8,2025-03-10,2025-04-23,2025-04-15,1032,1032,0,,8.4,8.59,0
PO-001710,34,11,5,2024-07-08,2024-07-25,2024-07-24,4791,4791,0,,9.96,9.51,0
PO-001711,34,11,2,2024-08-05,2024-08-22,2024-08-19,4057,4057,0,,9.96,9.6,0
PO-001712,34,11,3,2024-09-23,2024-10-10,2024-10-08,4178,4041,0,,9.96,9.47,0
PO-001713,34,11,4,2024-10-07,2024-10-24,2024-10-21,4983,4983,0,,9.96,9.4,0
PO-001714,34,11,4,2024-12-30,2025-01-16,2025-01-14,3390,3056,0,,9.96,9.49,0
PO-001715,34,11,6,2025-01-06,2025-01-23,2025-01-22,4035,4035,0,,9.96,9.47,0
PO-001716,34,11,3,2025-01-13,2025-01-30,2025-01-24,4538,4538,0,,9.96,9.52,0
PO-001717,34,11,6,2025-02-24,2025-03-13,2025-04-08,2776,2776,0,,9.96,9.48,0
PO-001718,34,11,8,2025-06-02,2025-06-19,2025-06-19,3252,3252,0,,9.96,9.64,0
PO-001719,34,11,4,2025-06-09,2025-06-26,2025-06-17,3811,3811,0,,9.96,9.46,0
PO-001720,34,1,4,2024-07-08,2024-07-20,2024-07-18,661,661,0,,11.26,11.46,1
PO-001721,34,1,4,2024-07-15,2024-07-27,2024-07-25,728,728,61,Damaged packaging,11.26,11.3,1
PO-001722,34,1,1,2024-08-19,2024-08-31,2024-08-30,801,801,45,Failed spec check,11.26,11.69,1
PO-001723,34,1,1,2024-08-26,2024-09-07,2024-09-06,758,758,0,,11.26,11.45,1
PO-001724,34,1,8,2024-09-02,2024-09-14,2024-09-13,664,664,0,,11.26,11.62,1
PO-001725,34,1,2,2024-09-09,2024-09-21,2024-09-20,720,678,0,,11.26,11.57,1
PO-001726,34,1,5,2024-09-16,2024-09-28,2024-09-27,916,916,0,,11.26,11.47,1
PO-001727,34,1,6,2024-09-23,2024-10-05,2024-10-02,746,746,0,,11.26,11.5,1
PO-001728,34,1,8,2024-09-30,2024-10-12,2024-10-11,738,738,0,,11.26,11.66,1
PO-001729,34,1,3,2024-10-07,2024-10-19,2024-10-16,931,909,0,,11.26,11.34,1
PO-001730,34,1,7,2024-10-14,2024-10-26,2024-10-25,684,684,0,,11.26,11.63,1
PO-001731,34,1,4,2024-10-28,2024-11-09,2024-11-08,661,661,0,,11.26,11.36,1
PO-001732,34,1,3,2024-11-04,2024-11-16,2024-11-15,966,966,0,,11.26,11.38,1
PO-001733,34,1,1,2024-11-11,2024-11-23,2024-11-21,685,685,0,,11.26,11.57,1
PO-001734,34,1,6,2024-11-18,2024-11-30,2024-11-28,911,911,0,,11.26,11.44,1
PO-001735,34,1,5,2024-11-25,2024-12-07,2024-12-06,772,754,0,,11.26,11.54,1
PO-001736,34,1,1,2024-12-09,2024-12-21,2024-12-20,811,811,109,Damaged packaging,11.26,11.59,1
PO-001737,34,1,5,2024-12-16,2024-12-28,2024-12-26,966,966,0,,11.26,11.61,1
PO-001738,34,1,7,2024-12-23,2025-01-04,2025-01-03,905,905,0,,11.26,11.53,1
PO-001739,34,1,7,2024-12-30,2025-01-11,2025-01-10,747,747,0,,11.26,11.85,1
PO-001740,34,1,8,2025-01-06,2025-01-18,2025-01-16,826,826,0,,11.26,11.4,1
PO-001741,34,1,3,2025-01-13,2025-01-25,2025-01-25,792,792,0,,11.26,11.62,1
PO-001742,34,1,8,2025-01-20,2025-02-01,2025-01-30,777,777,0,,11.26,11.64,1
PO-001743,34,1,7,2025-02-03,2025-02-15,2025-02-14,872,872,0,,11.26,11.65,1
PO-001744,34,1,1,2025-02-10,2025-02-22,2025-02-21,500,500,0,,11.26,11.4,1
PO-001745,34,1,5,2025-02-17,2025-03-01,2025-02-27,902,902,47,Documentation incomplete,11.26,11.55,1
PO-001746,34,1,1,2025-02-24,2025-03-08,2025-03-06,1092,1092,0,,11.26,11.57,1
PO-001747,34,1,1,2025-03-17,2025-03-29,2025-03-26,695,695,33,Failed spec check,11.26,11.49,1
PO-001748,34,1,4,2025-03-24,2025-04-05,2025-04-05,558,558,0,,11.26,11.59,1
PO-001749,34,1,5,2025-04-14,2025-04-26,2025-04-24,711,711,0,,11.26,11.54,1
PO-001750,34,1,7,2025-04-21,2025-05-03,2025-04-29,1373,1373,0,,11.26,11.49,1
PO-001751,34,1,3,2025-05-05,2025-05-17,2025-05-12,716,716,0,,11.26,11.57,1
PO-001752,34,1,1,2025-05-12,2025-05-24,2025-05-23,765,765,0,,11.26,11.63,1
PO-001753,34,1,7,2025-06-16,2025-06-28,2025-06-28,824,824,0,,11.26,11.4,1
PO-001754,34,1,8,2025-06-23,2025-07-05,2025-07-03,909,909,0,,11.26,11.7,1
PO-001755,35,12,8,2024-07-15,2024-08-20,2024-08-16,364,346,0,,19.73,18.87,1
PO-001756,35,12,2,2024-08-05,2024-09-10,2024-09-23,431,431,0,,19.73,18.47,1
PO-001757,35,12,1,2024-08-12,2024-09-17,2024-09-10,360,349,0,,19.73,18.68,1
PO-001758,35,12,1,2024-09-02,2024-10-08,2024-10-02,486,475,0,,19.73,18.89,1
PO-001759,35,12,8,2024-09-16,2024-10-22,2024-10-13,467,450,0,,19.73,18.77,1
PO-001760,35,12,3,2024-10-14,2024-11-19,2024-11-20,525,525,0,,19.73,18.74,1
PO-001761,35,12,1,2024-10-28,2024-12-03,2024-11-17,407,407,0,,19.73,18.79,1
PO-001762,35,12,6,2024-11-04,2024-12-10,2024-12-07,404,404,0,,19.73,18.51,1
PO-001763,35,12,3,2024-11-11,2024-12-17,2024-12-16,425,425,0,,19.73,18.64,1
PO-001764,35,12,2,2024-11-18,2024-12-24,2024-12-16,440,440,0,,19.73,18.61,1
PO-001765,35,12,8,2024-12-23,2025-01-28,2025-01-27,380,380,0,,19.73,18.76,1
PO-001766,35,12,1,2024-12-30,2025-02-04,2025-02-03,374,374,0,,19.73,18.85,1
PO-001767,35,12,3,2025-01-13,2025-02-18,2025-02-13,379,379,0,,19.73,18.69,1
PO-001768,35,12,5,2025-01-20,2025-02-25,2025-02-25,363,363,0,,19.73,18.78,1
PO-001769,35,12,6,2025-01-27,2025-03-04,2025-03-01,369,369,0,,19.73,18.96,1
PO-001770,35,12,4,2025-02-17,2025-03-25,2025-03-24,511,511,0,,19.73,18.67,1
PO-001771,35,12,7,2025-03-03,2025-04-08,2025-04-06,552,528,0,,19.73,18.7,1
PO-001772,35,12,1,2025-03-24,2025-04-29,2025-04-28,423,423,0,,19.73,18.82,1
PO-001773,35,12,4,2025-03-31,2025-05-06,2025-05-03,256,256,0,,19.73,18.88,1
PO-001774,35,12,1,2025-04-14,2025-05-20,2025-05-15,377,377,14,Damaged packaging,19.73,19.16,1
PO-001775,35,12,2,2025-04-28,2025-06-03,2025-06-01,564,538,0,,19.73,18.94,1
PO-001776,35,12,7,2025-05-12,2025-06-17,2025-06-06,316,316,0,,19.73,18.72,1
PO-001777,35,12,6,2025-06-23,2025-07-29,2025-07-28,488,488,0,,19.73,18.9,1
PO-001778,35,12,3,2025-06-30,2025-08-05,2025-07-23,274,274,0,,19.73,18.79,1
PO-001779,35,13,5,2024-07-08,2024-07-19,2024-07-18,374,374,0,,24.26,22.61,0
PO-001780,35,13,5,2024-07-22,2024-08-02,2024-08-02,444,444,0,,24.26,22.51,0
PO-001781,35,13,8,2024-08-19,2024-08-30,2024-08-29,368,368,0,,24.26,22.7,0
PO-001782,35,13,6,2024-09-09,2024-09-20,2024-09-19,388,388,0,,24.26,23.08,0
PO-001783,35,13,1,2024-10-07,2024-10-18,2024-10-18,312,312,0,,24.26,23.19,0
PO-001784,35,13,5,2024-11-04,2024-11-15,2024-11-14,480,480,0,,24.26,22.85,0
PO-001785,35,13,2,2024-11-11,2024-11-22,2024-11-21,450,450,0,,24.26,22.57,0
PO-001786,35,13,5,2024-11-25,2024-12-06,2024-12-05,369,369,0,,24.26,22.81,0
PO-001787,35,13,8,2024-12-02,2024-12-13,2024-12-13,250,250,0,,24.26,22.85,0
PO-001788,35,13,5,2025-01-06,2025-01-17,2025-01-17,572,572,0,,24.26,22.39,0
PO-001789,35,13,4,2025-01-27,2025-02-07,2025-02-07,394,394,0,,24.26,23.11,0
PO-001790,35,13,5,2025-02-10,2025-02-21,2025-02-21,427,427,0,,24.26,23.04,0
PO-001791,35,13,6,2025-02-24,2025-03-07,2025-03-06,297,297,23,Failed spec check,24.26,23.11,0
PO-001792,35,13,6,2025-03-03,2025-03-14,2025-03-13,376,376,0,,24.26,22.8,0
PO-001793,35,13,5,2025-03-10,2025-03-21,2025-03-20,447,447,0,,24.26,22.64,0
PO-001794,35,13,8,2025-03-31,2025-04-11,2025-04-10,366,366,13,Damaged packaging,24.26,22.59,0
PO-001795,35,13,4,2025-04-07,2025-04-18,2025-04-18,360,360,0,,24.26,23.08,0
PO-001796,35,13,2,2025-04-21,2025-05-02,2025-05-02,353,353,0,,24.26,23.01,0
PO-001797,35,13,8,2025-05-05,2025-05-16,2025-05-16,342,342,0,,24.26,22.57,0
PO-001798,35,13,2,2025-05-12,2025-05-23,2025-05-23,319,319,0,,24.26,22.63,0
PO-001799,35,13,5,2025-06-02,2025-06-13,2025-06-11,491,491,0,,24.26,22.67,0
PO-001800,35,13,3,2025-06-30,2025-07-11,2025-07-10,352,352,0,,24.26,22.96,0
PO-001801,36,6,6,2024-07-15,2024-08-01,2024-07-27,250,250,0,,15.12,14.48,1
PO-001802,36,6,2,2024-07-22,2024-08-08,2024-08-12,250,250,0,,15.12,14.64,1
PO-001803,36,6,4,2024-08-05,2024-08-22,2024-08-21,328,328,0,,15.12,14.72,1
PO-001804,36,6,5,2024-08-12,2024-08-29,2024-08-26,263,263,0,,15.12,14.74,1
PO-001805,36,6,4,2024-08-19,2024-09-05,2024-09-03,388,388,0,,15.12,14.68,1
PO-001806,36,6,7,2024-08-26,2024-09-12,2024-09-12,448,448,0,,15.12,14.83,1
PO-001807,36,6,1,2024-09-02,2024-09-19,2024-09-14,533,533,0,,15.12,14.66,1
PO-001808,36,6,1,2024-09-16,2024-10-03,2024-10-03,616,616,0,,15.12,14.54,1
PO-001809,36,6,8,2024-09-23,2024-10-10,2024-10-10,259,259,30,Short shelf life on arrival,15.12,14.65,1
PO-001810,36,6,3,2024-09-30,2024-10-17,2024-10-12,438,438,0,,15.12,14.59,1
PO-001811,36,6,4,2024-10-07,2024-10-24,2024-10-28,368,368,0,,15.12,14.6,1
PO-001812,36,6,1,2024-10-14,2024-10-31,2024-10-30,494,494,0,,15.12,14.73,1
PO-001813,36,6,7,2024-10-21,2024-11-07,2024-11-06,397,397,0,,15.12,14.77,1
PO-001814,36,6,5,2024-10-28,2024-11-14,2024-11-13,363,363,0,,15.12,14.41,1
PO-001815,36,6,8,2024-11-04,2024-11-21,2024-11-20,452,452,22,Temperature excursion in transit,15.12,14.47,1
PO-001816,36,6,4,2024-11-11,2024-11-28,2024-11-25,411,411,0,,15.12,14.46,1
PO-001817,36,6,5,2024-11-18,2024-12-05,2024-12-02,346,346,0,,15.12,14.72,1
PO-001818,36,6,7,2024-12-02,2024-12-19,2024-12-15,561,561,0,,15.12,14.68,1
PO-001819,36,6,1,2024-12-30,2025-01-16,2025-01-13,250,250,0,,15.12,14.44,1
PO-001820,36,6,5,2025-01-06,2025-01-23,2025-01-22,372,372,0,,15.12,14.42,1
PO-001821,36,6,7,2025-01-20,2025-02-06,2025-02-04,415,415,0,,15.12,14.71,1
PO-001822,36,6,2,2025-01-27,2025-02-13,2025-02-09,316,316,0,,15.12,14.53,1
PO-001823,36,6,6,2025-03-03,2025-03-20,2025-03-20,436,436,0,,15.12,14.64,1
PO-001824,36,6,1,2025-03-24,2025-04-10,2025-04-10,428,428,36,Documentation incomplete,15.12,14.65,1
PO-001825,36,6,7,2025-03-31,2025-04-17,2025-04-13,495,495,0,,15.12,14.49,1
PO-001826,36,6,4,2025-04-07,2025-04-24,2025-04-20,505,505,0,,15.12,14.7,1
PO-001827,36,6,3,2025-04-14,2025-05-01,2025-04-30,457,457,0,,15.12,14.78,1
PO-001828,36,6,1,2025-04-21,2025-05-08,2025-05-06,429,429,35,Short shelf life on arrival,15.12,14.76,1
PO-001829,36,6,6,2025-04-28,2025-05-15,2025-05-12,415,415,0,,15.12,14.68,1
PO-001830,36,6,6,2025-05-05,2025-05-22,2025-05-21,487,487,0,,15.12,14.43,1
PO-001831,36,6,6,2025-06-09,2025-06-26,2025-06-24,250,250,0,,15.12,14.87,1
PO-001832,36,6,4,2025-06-16,2025-07-03,2025-06-29,518,518,0,,15.12,14.51,1
PO-001833,36,6,2,2025-06-23,2025-07-10,2025-07-07,330,330,0,,15.12,14.61,1
PO-001834,36,6,3,2025-06-30,2025-07-17,2025-07-14,333,333,32,Short shelf life on arrival,15.12,14.6,1
PO-001835,36,1,4,2024-07-22,2024-08-02,2024-08-02,794,794,0,,16.26,16.37,0
PO-001836,36,1,1,2024-08-19,2024-08-30,2024-08-28,841,841,77,Documentation incomplete,16.26,16.48,0
PO-001837,36,1,7,2024-09-09,2024-09-20,2024-09-17,631,611,0,,16.26,16.43,0
PO-001838,36,1,3,2024-09-30,2024-10-11,2024-10-11,885,885,0,,16.26,16.82,0
PO-001839,36,1,5,2024-11-11,2024-11-22,2024-11-22,802,802,0,,16.26,16.73,0
PO-001840,36,1,2,2024-12-02,2024-12-13,2024-12-12,586,553,0,,16.26,16.55,0
PO-001841,36,1,8,2024-12-30,2025-01-10,2025-01-08,832,777,0,,16.26,16.83,0
PO-001842,36,1,2,2025-01-06,2025-01-17,2025-01-16,1018,1018,0,,16.26,16.72,0
PO-001843,36,1,3,2025-01-13,2025-01-24,2025-01-22,500,500,36,Temperature excursion in transit,16.26,16.72,0
PO-001844,36,1,4,2025-02-10,2025-02-21,2025-02-21,787,787,0,,16.26,17.03,0
PO-001845,36,1,2,2025-02-17,2025-02-28,2025-02-26,848,848,0,,16.26,16.53,0
PO-001846,36,1,8,2025-02-24,2025-03-07,2025-03-06,858,858,0,,16.26,16.76,0
PO-001847,36,1,7,2025-03-10,2025-03-21,2025-03-19,592,546,34,Short shelf life on arrival,16.26,16.66,0
PO-001848,36,1,4,2025-03-24,2025-04-04,2025-04-03,905,905,0,,16.26,16.59,0
PO-001849,36,1,1,2025-04-07,2025-04-18,2025-04-18,997,997,0,,16.26,16.59,0
PO-001850,36,1,8,2025-04-21,2025-05-02,2025-04-29,720,720,0,,16.26,16.86,0
PO-001851,36,1,5,2025-05-12,2025-05-23,2025-05-23,969,969,0,,16.26,16.69,0
PO-001852,36,1,8,2025-06-23,2025-07-04,2025-07-03,673,673,0,,16.26,16.6,0
PO-001853,37,3,5,2024-07-08,2024-08-10,2024-08-06,2803,2803,0,,5.16,4.9,0
PO-001854,37,3,3,2024-07-15,2024-08-17,2024-08-17,3958,3958,276,Failed spec check,5.16,4.89,0
PO-001855,37,3,5,2024-07-22,2024-08-24,2024-08-22,3388,3388,0,,5.16,4.94,0
PO-001856,37,3,7,2024-08-26,2024-09-28,2024-09-23,3782,3782,0,,5.16,4.97,0
PO-001857,37,3,3,2024-09-09,2024-10-12,2024-09-28,2500,2500,0,,5.16,4.92,0
PO-001858,37,3,6,2024-09-23,2024-10-26,2024-10-20,3643,3643,0,,5.16,4.88,0
PO-001859,37,3,1,2024-11-04,2024-12-07,2024-11-27,4287,4287,0,,5.16,5.01,0
PO-001860,37,3,7,2024-12-09,2025-01-11,2024-12-30,3730,3629,0,,5.16,4.83,0
PO-001861,37,3,5,2024-12-16,2025-01-18,2025-01-16,4396,4396,0,,5.16,5.01,0
PO-001862,37,3,4,2024-12-23,2025-01-25,2025-02-05,4499,4499,0,,5.16,4.94,0
PO-001863,37,3,2,2024-12-30,2025-02-01,2025-02-01,2500,2500,0,,5.16,4.9,0
PO-001864,37,3,8,2025-01-13,2025-02-15,2025-02-14,5021,5021,0,,5.16,4.93,0
PO-001865,37,3,5,2025-02-03,2025-03-08,2025-03-03,3466,3466,0,,5.16,4.95,0
PO-001866,37,3,5,2025-03-10,2025-04-12,2025-04-08,4595,4595,0,,5.16,4.92,0
PO-001867,37,3,7,2025-03-17,2025-04-19,2025-04-14,2500,2395,0,,5.16,4.89,0
PO-001868,37,3,5,2025-03-24,2025-04-26,2025-04-20,4362,4362,0,,5.16,4.9,0
PO-001869,37,3,3,2025-03-31,2025-05-03,2025-04-24,2838,2838,0,,5.16,4.87,0
PO-001870,37,3,4,2025-04-07,2025-05-10,2025-05-10,5041,5041,0,,5.16,5.0,0
PO-001871,37,3,2,2025-05-19,2025-06-21,2025-07-04,3100,3100,0,,5.16,5.06,0
PO-001872,37,3,7,2025-06-23,2025-07-26,2025-07-23,3481,3481,0,,5.16,4.92,0
PO-001873,37,5,5,2024-07-08,2024-07-24,2024-07-22,256,235,0,,5.15,5.37,1
PO-001874,37,5,5,2024-07-22,2024-08-07,2024-08-06,130,120,0,,5.15,5.37,1
PO-001875,37,5,3,2024-08-12,2024-08-28,2024-08-28,181,181,0,,5.15,5.4,1
PO-001876,37,5,2,2024-08-19,2024-09-04,2024-08-31,130,126,0,,5.15,5.29,1
PO-001877,37,5,1,2024-09-09,2024-09-25,2024-09-23,181,181,0,,5.15,5.36,1
PO-001878,37,5,5,2024-09-16,2024-10-02,2024-10-02,164,164,0,,5.15,5.34,1
PO-001879,37,5,4,2024-09-23,2024-10-09,2024-10-08,100,94,0,,5.15,5.37,1
PO-001880,37,5,6,2024-10-07,2024-10-23,2024-10-21,162,162,0,,5.15,5.27,1
PO-001881,37,5,7,2024-10-14,2024-10-30,2024-10-27,167,167,0,,5.15,5.47,1
PO-001882,37,5,3,2024-10-21,2024-11-06,2024-11-06,179,179,0,,5.15,5.36,1
PO-001883,37,5,1,2024-10-28,2024-11-13,2024-11-08,147,147,0,,5.15,5.27,1
PO-001884,37,5,4,2024-11-04,2024-11-20,2024-12-16,149,149,0,,5.15,5.25,1
PO-001885,37,5,5,2024-11-25,2024-12-11,2024-12-10,139,139,0,,5.15,5.31,1
PO-001886,37,5,4,2024-12-02,2024-12-18,2024-12-16,210,210,0,,5.15,5.26,1
PO-001887,37,5,7,2024-12-23,2025-01-08,2025-01-06,189,189,0,,5.15,5.38,1
PO-001888,37,5,6,2025-01-06,2025-01-22,2025-01-21,143,143,0,,5.15,5.37,1
PO-001889,37,5,4,2025-01-20,2025-02-05,2025-02-04,204,204,0,,5.15,5.35,1
PO-001890,37,5,4,2025-01-27,2025-02-12,2025-02-10,160,148,0,,5.15,5.31,1
PO-001891,37,5,3,2025-02-03,2025-02-19,2025-02-18,146,146,0,,5.15,5.32,1
PO-001892,37,5,8,2025-02-10,2025-02-26,2025-02-26,174,174,0,,5.15,5.28,1
PO-001893,37,5,3,2025-02-17,2025-03-05,2025-03-03,140,140,0,,5.15,5.27,1
PO-001894,37,5,6,2025-03-03,2025-03-19,2025-04-05,213,213,0,,5.15,5.46,1
PO-001895,37,5,3,2025-04-07,2025-04-23,2025-04-23,170,170,0,,5.15,5.33,1
PO-001896,37,5,2,2025-04-21,2025-05-07,2025-05-10,113,113,0,,5.15,5.35,1
PO-001897,37,5,6,2025-05-12,2025-05-28,2025-05-27,110,110,3,Short shelf life on arrival,5.15,5.25,1
PO-001898,37,5,7,2025-05-19,2025-06-04,2025-06-03,100,97,0,,5.15,5.32,1
PO-001899,37,5,2,2025-05-26,2025-06-11,2025-06-10,204,204,0,,5.15,5.38,1
PO-001900,37,5,5,2025-06-02,2025-06-18,2025-06-15,149,149,6,Temperature excursion in transit,5.15,5.3,1
PO-001901,37,5,4,2025-06-09,2025-06-25,2025-06-23,100,100,0,,5.15,5.37,1
PO-001902,37,5,4,2025-06-23,2025-07-09,2025-07-06,148,148,0,,5.15,5.34,1
PO-001903,37,5,1,2025-06-30,2025-07-16,2025-07-15,165,165,0,,5.15,5.27,1
PO-001904,38,1,6,2024-07-08,2024-07-18,2024-07-13,813,783,0,,23.25,23.41,0
PO-001905,38,1,4,2024-07-22,2024-08-01,2024-07-30,894,894,0,,23.25,23.98,0
PO-001906,38,1,2,2024-07-29,2024-08-08,2024-08-06,615,615,0,,23.25,23.51,0
PO-001907,38,1,4,2024-08-05,2024-08-15,2024-08-10,919,919,0,,23.25,23.8,0
PO-001908,38,1,8,2024-08-26,2024-09-05,2024-09-03,659,659,0,,23.25,23.87,0
PO-001909,38,1,5,2024-09-23,2024-10-03,2024-10-06,647,647,0,,23.25,24.31,0
PO-001910,38,1,8,2024-10-07,2024-10-17,2024-10-14,903,903,0,,23.25,23.97,0
PO-001911,38,1,7,2024-11-11,2024-11-21,2024-11-18,733,733,0,,23.25,23.65,0
PO-001912,38,1,6,2024-11-18,2024-11-28,2024-11-27,864,864,0,,23.25,23.93,0
PO-001913,38,1,4,2024-11-25,2024-12-05,2024-12-02,787,787,0,,23.25,24.11,0
PO-001914,38,1,3,2024-12-16,2024-12-26,2024-12-25,507,481,0,,23.25,24.12,0
PO-001915,38,1,6,2024-12-23,2025-01-02,2025-01-02,776,776,0,,23.25,23.99,0
PO-001916,38,1,4,2025-01-13,2025-01-23,2025-01-20,853,813,0,,23.25,24.06,0
PO-001917,38,1,6,2025-01-20,2025-01-30,2025-01-27,511,511,0,,23.25,23.27,0
PO-001918,38,1,5,2025-03-24,2025-04-03,2025-04-01,1003,1003,0,,23.25,23.98,0
PO-001919,38,1,2,2025-04-14,2025-04-24,2025-04-24,824,824,0,,23.25,23.68,0
PO-001920,38,1,2,2025-05-05,2025-05-15,2025-05-15,1000,1000,0,,23.25,23.67,0
PO-001921,38,1,8,2025-05-12,2025-05-22,2025-05-21,1050,1050,0,,23.25,23.86,0
PO-001922,38,1,8,2025-06-09,2025-06-19,2025-06-16,779,779,0,,23.25,23.94,0
PO-001923,38,1,8,2025-06-30,2025-07-10,2025-07-07,1048,1048,0,,23.25,23.77,0
PO-001924,38,15,6,2024-07-15,2024-08-09,2024-08-13,3413,3329,0,,22.19,23.19,1
PO-001925,38,15,7,2024-07-22,2024-08-16,2024-08-02,4968,4968,0,,22.19,23.52,1
PO-001926,38,15,3,2024-07-29,2024-08-23,2024-08-23,3551,3551,0,,22.19,22.87,1
PO-001927,38,15,2,2024-08-05,2024-08-30,2024-08-25,3004,3004,0,,22.19,23.28,1
PO-001928,38,15,8,2024-08-26,2024-09-20,2024-09-13,3420,3420,0,,22.19,23.45,1
PO-001929,38,15,4,2024-09-09,2024-10-04,2024-09-25,2602,2502,0,,22.19,23.41,1
PO-001930,38,15,4,2024-09-16,2024-10-11,2024-10-04,3222,3222,0,,22.19,23.04,1
PO-001931,38,15,2,2024-09-23,2024-10-18,2024-10-14,4272,4272,0,,22.19,22.8,1
PO-001932,38,15,4,2024-09-30,2024-10-25,2024-10-15,3869,3869,122,Damaged packaging,22.19,23.67,1
PO-001933,38,15,7,2024-10-14,2024-11-08,2024-11-03,4336,4336,0,,22.19,22.91,1
PO-001934,38,15,5,2024-10-21,2024-11-15,2024-11-03,4143,4035,0,,22.19,23.5,1
PO-001935,38,15,2,2024-11-18,2024-12-13,2024-11-27,3095,3095,0,,22.19,23.7,1
PO-001936,38,15,5,2024-11-25,2024-12-20,2024-12-17,2927,2927,0,,22.19,22.91,1
PO-001937,38,15,3,2024-12-09,2025-01-03,2025-01-01,4756,4756,0,,22.19,23.12,1
PO-001938,38,15,2,2024-12-16,2025-01-10,2025-01-02,3349,3349,0,,22.19,23.17,1
PO-001939,38,15,3,2024-12-23,2025-01-17,2025-01-09,5516,5516,0,,22.19,23.51,1
PO-001940,38,15,7,2025-01-13,2025-02-07,2025-02-04,3633,3633,0,,22.19,22.92,1
PO-001941,38,15,4,2025-01-27,2025-02-21,2025-02-20,3762,3762,0,,22.19,22.88,1
PO-001942,38,15,6,2025-02-03,2025-02-28,2025-02-27,4512,4512,0,,22.19,22.89,1
PO-001943,38,15,7,2025-02-10,2025-03-07,2025-03-05,4309,4309,0,,22.19,23.2,1
PO-001944,38,15,6,2025-02-17,2025-03-14,2025-03-06,5027,5027,0,,22.19,23.54,1
PO-001945,38,15,6,2025-02-24,2025-03-21,2025-03-20,3905,3905,0,,22.19,23.48,1
PO-001946,38,15,8,2025-03-03,2025-03-28,2025-03-18,4169,4169,0,,22.19,23.49,1
PO-001947,38,15,1,2025-03-10,2025-04-04,2025-03-26,3764,3645,0,,22.19,23.25,1
PO-001948,38,15,8,2025-03-17,2025-04-11,2025-04-07,4767,4588,0,,22.19,23.42,1
PO-001949,38,15,6,2025-03-31,2025-04-25,2025-04-18,3410,3410,0,,22.19,23.37,1
PO-001950,38,15,2,2025-04-07,2025-05-02,2025-04-27,4307,4307,0,,22.19,23.19,1
PO-001951,38,15,8,2025-04-28,2025-05-23,2025-05-13,3382,3382,0,,22.19,23.05,1
PO-001952,38,15,3,2025-05-05,2025-05-30,2025-05-20,3989,3989,0,,22.19,23.38,1
PO-001953,38,15,3,2025-05-26,2025-06-20,2025-06-17,3414,3264,0,,22.19,23.41,1
PO-001954,38,15,2,2025-06-02,2025-06-27,2025-06-23,4164,4164,0,,22.19,23.29,1
PO-001955,38,15,7,2025-06-16,2025-07-11,2025-07-12,3429,3330,0,,22.19,23.38,1
PO-001956,38,15,7,2025-06-23,2025-07-18,2025-07-03,2862,2862,0,,22.19,23.16,1
PO-001957,38,15,1,2025-06-30,2025-07-25,2025-07-31,6414,6414,0,,22.19,23.01,1
PO-001958,39,15,2,2024-07-08,2024-08-07,2024-08-05,3555,3555,0,,10.47,11.08,1
PO-001959,39,15,1,2024-07-15,2024-08-14,2024-08-11,4779,4779,0,,10.47,11.09,1
PO-001960,39,15,1,2024-07-22,2024-08-21,2024-08-17,4631,4631,0,,10.47,10.94,1
PO-001961,39,15,3,2024-07-29,2024-08-28,2024-08-25,2696,2696,0,,10.47,10.98,1
PO-001962,39,15,4,2024-08-05,2024-09-04,2024-09-14,2500,2500,0,,10.47,11.11,1
PO-001963,39,15,2,2024-08-12,2024-09-11,2024-09-13,3959,3959,0,,10.47,11.24,1
PO-001964,39,15,8,2024-08-19,2024-09-18,2024-09-12,4607,4607,0,,10.47,11.2,1
PO-001965,39,15,4,2024-08-26,2024-09-25,2024-09-13,3745,3745,127,Damaged packaging,10.47,11.0,1
PO-001966,39,15,4,2024-09-02,2024-10-02,2024-09-20,3586,3463,0,,10.47,11.06,1
PO-001967,39,15,2,2024-09-09,2024-10-09,2024-09-21,2998,2998,0,,10.47,11.1,1
PO-001968,39,15,1,2024-09-16,2024-10-16,2024-10-17,6134,6134,0,,10.47,10.89,1
PO-001969,39,15,7,2024-09-23,2024-10-23,2024-10-09,3967,3869,0,,10.47,11.1,1
PO-001970,39,15,5,2024-09-30,2024-10-30,2024-10-28,5270,5270,0,,10.47,11.03,1
PO-001971,39,15,4,2024-10-07,2024-11-06,2024-10-30,2500,2414,0,,10.47,10.68,1
PO-001972,39,15,4,2024-10-14,2024-11-13,2024-11-06,4326,4326,0,,10.47,11.04,1
PO-001973,39,15,8,2024-10-21,2024-11-20,2024-11-11,3198,3198,0,,10.47,11.21,1
PO-001974,39,15,4,2024-10-28,2024-11-27,2024-11-23,4737,4737,0,,10.47,11.09,1
PO-001975,39,15,6,2024-11-04,2024-12-04,2024-12-11,4280,4280,0,,10.47,11.1,1
PO-001976,39,15,6,2024-11-11,2024-12-11,2024-12-02,3275,3275,0,,10.47,10.95,1
PO-001977,39,15,4,2024-11-18,2024-12-18,2024-12-07,4152,4152,0,,10.47,10.93,1
PO-001978,39,15,7,2024-12-02,2025-01-01,2024-12-30,3867,3867,0,,10.47,10.86,1
PO-001979,39,15,1,2024-12-09,2025-01-08,2025-01-07,4030,4030,0,,10.47,10.92,1
PO-001980,39,15,2,2024-12-16,2025-01-15,2025-01-11,5053,5053,0,,10.47,11.13,1
PO-001981,39,15,6,2024-12-23,2025-01-22,2025-01-19,4159,4159,0,,10.47,11.0,1
PO-001982,39,15,5,2024-12-30,2025-01-29,2025-01-31,3510,3510,0,,10.47,10.89,1
PO-001983,39,15,1,2025-01-06,2025-02-05,2025-02-03,4633,4633,0,,10.47,11.09,1
PO-001984,39,15,3,2025-01-13,2025-02-12,2025-02-11,3577,3577,521,Short shelf life on arrival,10.47,10.98,1
PO-001985,39,15,2,2025-01-20,2025-02-19,2025-02-12,5097,4922,0,,10.47,11.09,1
PO-001986,39,15,8,2025-01-27,2025-02-26,2025-02-15,6224,6008,0,,10.47,10.97,1
PO-001987,39,15,5,2025-02-10,2025-03-12,2025-02-27,4167,4167,0,,10.47,11.17,1
PO-001988,39,15,6,2025-02-17,2025-03-19,2025-03-12,5088,5088,0,,10.47,10.86,1
PO-001989,39,15,1,2025-02-24,2025-03-26,2025-03-24,3719,3719,0,,10.47,11.02,1
PO-001990,39,15,1,2025-03-03,2025-04-02,2025-03-24,5114,5114,0,,10.47,11.01,1
PO-001991,39,15,5,2025-03-10,2025-04-09,2025-04-07,3077,3077,0,,10.47,10.91,1
PO-001992,39,15,4,2025-03-17,2025-04-16,2025-04-16,5687,5687,0,,10.47,11.02,1
PO-001993,39,15,4,2025-03-24,2025-04-23,2025-04-20,2500,2500,0,,10.47,11.07,1
PO-001994,39,15,2,2025-03-31,2025-04-30,2025-04-24,2629,2629,0,,10.47,10.97,1
PO-001995,39,15,5,2025-04-07,2025-05-07,2025-05-06,3259,3259,0,,10.47,10.97,1
PO-001996,39,15,5,2025-04-14,2025-05-14,2025-05-10,4679,4679,0,,10.47,10.77,1
PO-001997,39,15,8,2025-04-21,2025-05-21,2025-05-09,4006,4006,0,,10.47,10.95,1
PO-001998,39,15,1,2025-04-28,2025-05-28,2025-05-25,3922,3922,0,,10.47,10.95,1
PO-001999,39,15,4,2025-05-05,2025-06-04,2025-06-02,4686,4686,0,,10.47,10.9,1
PO-002000,39,15,3,2025-05-12,2025-06-11,2025-06-10,3034,3034,0,,10.47,11.0,1
PO-002001,39,15,8,2025-05-19,2025-06-18,2025-06-15,4361,4361,0,,10.47,11.05,1
PO-002002,39,15,3,2025-05-26,2025-06-25,2025-06-20,4031,4031,0,,10.47,11.06,1
PO-002003,39,15,1,2025-06-02,2025-07-02,2025-07-18,2611,2555,0,,10.47,11.11,1
PO-002004,39,15,2,2025-06-09,2025-07-09,2025-07-04,5546,5546,0,,10.47,11.04,1
PO-002005,39,15,3,2025-06-16,2025-07-16,2025-07-12,3824,3824,0,,10.47,11.17,1
PO-002006,39,15,5,2025-06-23,2025-07-23,2025-07-18,3237,3237,0,,10.47,10.94,1
PO-002007,39,15,2,2025-06-30,2025-07-30,2025-07-27,3304,3304,0,,10.47,11.03,1
PO-002008,39,12,5,2024-08-26,2024-09-29,2024-09-29,1045,1045,0,,8.77,8.36,0
PO-002009,39,12,6,2024-09-16,2024-10-20,2024-10-16,973,945,54,Damaged packaging,8.77,8.29,0
PO-002010,39,12,3,2025-01-27,2025-03-02,2025-02-17,1062,1062,0,,8.77,8.33,0
PO-002011,39,12,1,2025-03-31,2025-05-04,2025-05-02,744,719,0,,8.77,8.5,0
PO-002012,40,8,8,2024-07-08,2024-08-18,2024-08-14,582,582,0,,26.79,30.0,1
PO-002013,40,8,1,2024-07-22,2024-09-01,2024-08-21,852,852,0,,26.79,29.71,1
PO-002014,40,8,1,2024-07-29,2024-09-08,2024-09-08,633,633,0,,26.79,29.67,1
PO-002015,40,8,8,2024-08-05,2024-09-15,2024-09-14,842,842,0,,26.79,29.5,1
PO-002016,40,8,4,2024-08-26,2024-10-06,2024-09-28,884,884,0,,26.79,29.65,1
PO-002017,40,8,8,2024-09-02,2024-10-13,2024-10-08,759,759,0,,26.79,29.7,1
PO-002018,40,8,6,2024-10-07,2024-11-17,2024-10-15,747,747,0,,26.79,29.65,1
PO-002019,40,8,2,2024-10-14,2024-11-24,2024-11-22,939,939,0,,26.79,29.54,1
PO-002020,40,8,8,2024-10-28,2024-12-08,2024-11-17,790,790,0,,26.79,29.71,1
PO-002021,40,8,8,2024-11-11,2024-12-22,2024-12-08,761,761,0,,26.79,29.49,1
PO-002022,40,8,6,2025-01-06,2025-02-16,2025-02-01,861,861,0,,26.79,29.65,1
PO-002023,40,8,4,2025-01-20,2025-03-02,2025-02-03,610,610,0,,26.79,29.58,1
PO-002024,40,8,4,2025-01-27,2025-03-09,2025-02-26,803,803,0,,26.79,29.61,1
PO-002025,40,8,8,2025-03-24,2025-05-04,2025-04-27,1023,1023,0,,26.79,29.62,1
PO-002026,40,8,1,2025-04-14,2025-05-25,2025-05-20,873,873,0,,26.79,29.67,1
PO-002027,40,8,3,2025-04-21,2025-06-01,2025-05-25,865,865,0,,26.79,29.71,1
PO-002028,40,8,6,2025-06-09,2025-07-20,2025-07-14,767,767,65,Temperature excursion in transit,26.79,29.73,1
PO-002029,40,8,8,2025-06-30,2025-08-10,2025-08-09,758,758,0,,26.79,29.48,1
PO-002030,40,6,2,2024-08-12,2024-08-30,2024-08-29,694,694,0,,33.72,32.98,0
PO-002031,40,6,7,2024-09-16,2024-10-04,2024-09-30,791,791,0,,33.72,33.06,0
PO-002032,40,6,6,2024-10-07,2024-10-25,2024-10-24,628,628,0,,33.72,32.87,0
PO-002033,40,6,3,2024-11-11,2024-11-29,2024-11-22,1128,1128,0,,33.72,32.79,0
PO-002034,40,6,6,2024-12-16,2025-01-03,2024-12-31,961,961,0,,33.72,32.55,0
PO-002035,40,6,1,2024-12-30,2025-01-17,2025-01-14,683,683,0,,33.72,32.8,0
PO-002036,40,6,8,2025-01-13,2025-01-31,2025-01-30,860,860,0,,33.72,32.06,0
PO-002037,40,6,2,2025-04-07,2025-04-25,2025-04-22,736,736,0,,33.72,33.01,0
PO-002038,40,6,8,2025-05-05,2025-05-23,2025-05-21,814,814,0,,33.72,32.17,0
PO-002039,40,6,1,2025-06-30,2025-07-18,2025-07-12,881,881,0,,33.72,32.89,0
PO-002040,40,11,3,2024-07-22,2024-08-08,2024-08-08,377,377,0,,32.02,30.71,0
PO-002041,40,11,3,2024-08-26,2024-09-12,2024-09-06,571,571,0,,32.02,30.81,0
PO-002042,40,11,4,2024-09-02,2024-09-19,2024-09-19,393,393,0,,32.02,30.84,0
PO-002043,40,11,6,2024-09-09,2024-09-26,2024-09-23,324,324,0,,32.02,31.08,0
PO-002044,40,11,4,2024-10-28,2024-11-14,2024-11-08,354,354,0,,32.02,30.66,0
PO-002045,40,11,2,2024-11-11,2024-11-28,2024-11-18,393,393,0,,32.02,30.54,0
PO-002046,40,11,4,2024-12-02,2024-12-19,2024-12-17,285,285,0,,32.02,30.72,0
PO-002047,40,11,2,2024-12-30,2025-01-16,2025-01-14,381,381,0,,32.02,30.22,0
PO-002048,40,11,3,2025-01-13,2025-01-30,2025-01-27,343,343,0,,32.02,30.17,0
PO-002049,40,11,7,2025-01-20,2025-02-06,2025-01-31,508,508,0,,32.02,30.18,0
PO-002050,40,11,6,2025-01-27,2025-02-13,2025-02-13,454,454,0,,32.02,29.93,0
PO-002051,40,11,4,2025-02-17,2025-03-06,2025-02-26,401,401,0,,32.02,31.02,0
PO-002052,40,11,3,2025-02-24,2025-03-13,2025-03-02,250,250,0,,32.02,30.3,0
PO-002053,40,11,5,2025-03-10,2025-03-27,2025-03-25,369,369,0,,32.02,30.9,0
PO-002054,40,11,4,2025-04-07,2025-04-24,2025-04-22,469,407,0,,32.02,30.66,0
PO-002055,40,11,2,2025-05-05,2025-05-22,2025-05-20,463,463,0,,32.02,31.16,0
PO-002056,40,11,6,2025-05-12,2025-05-29,2025-05-26,250,213,0,,32.02,30.3,0
PO-002057,40,11,2,2025-05-26,2025-06-12,2025-06-11,427,427,0,,32.02,30.73,0
PO-002058,40,11,6,2025-06-09,2025-06-26,2025-06-28,500,500,0,,32.02,31.01,0
PO-002059,40,11,3,2025-06-23,2025-07-10,2025-07-08,450,450,0,,32.02,30.03,0
PO-002060,40,11,3,2025-06-30,2025-07-17,2025-07-28,292,292,0,,32.02,31.28,0
PO-002061,41,4,3,2024-07-08,2024-08-12,2024-07-25,868,868,0,,19.59,19.53,1
PO-002062,41,4,4,2024-07-15,2024-08-19,2024-08-18,994,964,0,,19.59,19.45,1
PO-002063,41,4,8,2024-07-22,2024-08-26,2024-08-14,534,511,31,Damaged packaging,19.59,19.34,1
PO-002064,41,4,8,2024-08-05,2024-09-09,2024-09-03,500,500,0,,19.59,19.15,1
PO-002065,41,4,8,2024-08-12,2024-09-16,2024-09-09,997,997,0,,19.59,19.43,1
PO-002066,41,4,2,2024-08-19,2024-09-23,2024-09-22,678,678,0,,19.59,19.36,1
PO-002067,41,4,4,2024-09-02,2024-10-07,2024-09-29,633,633,52,Temperature excursion in transit,19.59,19.45,1
PO-002068,41,4,3,2024-09-09,2024-10-14,2024-10-05,837,837,0,,19.59,19.42,1
PO-002069,41,4,4,2024-09-16,2024-10-21,2024-10-22,766,741,0,,19.59,19.32,1
PO-002070,41,4,1,2024-09-23,2024-10-28,2024-10-23,811,811,46,Failed spec check,19.59,19.26,1
PO-002071,41,4,4,2024-09-30,2024-11-04,2024-10-29,833,833,0,,19.59,19.62,1
PO-002072,41,4,1,2024-10-07,2024-11-11,2024-11-03,779,779,0,,19.59,19.3,1
PO-002073,41,4,6,2024-10-21,2024-11-25,2024-11-19,875,875,140,Temperature excursion in transit,19.59,19.36,1
PO-002074,41,4,4,2024-10-28,2024-12-02,2024-12-03,690,690,0,,19.59,19.11,1
PO-002075,41,4,5,2024-11-04,2024-12-09,2024-12-05,536,519,0,,19.59,19.38,1
PO-002076,41,4,6,2024-11-11,2024-12-16,2024-12-10,1102,1102,0,,19.59,19.26,1
PO-002077,41,4,5,2024-11-18,2024-12-23,2024-12-17,607,607,0,,19.59,19.25,1
PO-002078,41,4,1,2024-11-25,2024-12-30,2024-12-19,851,851,163,Short shelf life on arrival,19.59,19.37,1
PO-002079,41,4,3,2024-12-02,2025-01-06,2024-12-31,834,809,0,,19.59,19.73,1
PO-002080,41,4,1,2024-12-09,2025-01-13,2025-01-10,1076,1076,208,Short shelf life on arrival,19.59,19.2,1
PO-002081,41,4,6,2024-12-16,2025-01-20,2025-01-24,990,990,0,,19.59,19.41,1
PO-002082,41,4,6,2024-12-23,2025-01-27,2025-01-27,644,644,0,,19.59,19.22,1
PO-002083,41,4,3,2024-12-30,2025-02-03,2025-02-14,849,849,0,,19.59,19.37,1
PO-002084,41,4,3,2025-01-06,2025-02-10,2025-02-16,804,804,0,,19.59,19.54,1
PO-002085,41,4,1,2025-01-13,2025-02-17,2025-01-26,800,800,0,,19.59,19.49,1
PO-002086,41,4,7,2025-01-20,2025-02-24,2025-03-16,961,961,0,,19.59,19.28,1
PO-002087,41,4,4,2025-01-27,2025-03-03,2025-02-18,864,864,0,,19.59,19.49,1
PO-002088,41,4,1,2025-02-03,2025-03-10,2025-03-02,958,958,0,,19.59,19.47,1
PO-002089,41,4,5,2025-02-10,2025-03-17,2025-03-05,981,981,0,,19.59,19.18,1
PO-002090,41,4,5,2025-02-24,2025-03-31,2025-03-25,680,680,0,,19.59,19.24,1
PO-002091,41,4,6,2025-03-10,2025-04-14,2025-04-13,656,656,0,,19.59,19.67,1
PO-002092,41,4,8,2025-03-17,2025-04-21,2025-04-12,977,977,0,,19.59,19.44,1
PO-002093,41,4,3,2025-03-24,2025-04-28,2025-04-29,815,815,0,,19.59,19.3,1
PO-002094,41,4,5,2025-03-31,2025-05-05,2025-04-07,880,880,0,,19.59,19.46,1
PO-002095,41,4,6,2025-04-07,2025-05-12,2025-05-02,814,814,0,,19.59,19.45,1
PO-002096,41,4,2,2025-04-14,2025-05-19,2025-05-02,854,854,0,,19.59,19.15,1
PO-002097,41,4,5,2025-04-21,2025-05-26,2025-05-21,1118,1118,0,,19.59,19.3,1
PO-002098,41,4,3,2025-04-28,2025-06-02,2025-05-28,1041,1041,0,,19.59,19.07,1
PO-002099,41,4,3,2025-05-12,2025-06-16,2025-06-05,858,858,0,,19.59,19.23,1
PO-002100,41,4,4,2025-05-19,2025-06-23,2025-06-18,832,832,0,,19.59,19.04,1
PO-002101,41,4,7,2025-05-26,2025-06-30,2025-06-22,919,919,0,,19.59,19.12,1
PO-002102,41,4,1,2025-06-02,2025-07-07,2025-07-09,655,655,0,,19.59,19.42,1
PO-002103,41,4,7,2025-06-09,2025-07-14,2025-07-06,862,862,0,,19.59,19.5,1
PO-002104,41,4,3,2025-06-16,2025-07-21,2025-06-29,802,802,0,,19.59,19.62,1
PO-002105,41,4,1,2025-06-23,2025-07-28,2025-07-29,704,704,0,,19.59,19.4,1
PO-002106,41,10,2,2024-07-22,2024-09-05,2024-08-24,812,812,0,,17.05,16.28,0
PO-002107,41,10,5,2024-10-21,2024-12-05,2024-11-27,807,807,0,,17.05,16.32,0
PO-002108,41,10,1,2025-01-20,2025-03-06,2025-03-21,947,947,0,,17.05,16.12,0
PO-002109,41,10,3,2025-02-17,2025-04-03,2025-03-29,696,696,0,,17.05,16.09,0
PO-002110,41,10,1,2025-03-03,2025-04-17,2025-04-12,870,870,0,,17.05,16.21,0
PO-002111,42,12,7,2024-07-08,2024-08-11,2024-08-10,362,345,0,,19.01,17.81,1
PO-002112,42,12,6,2024-07-15,2024-08-18,2024-08-17,461,461,0,,19.01,17.86,1
PO-002113,42,12,2,2024-09-02,2024-10-06,2024-09-30,433,433,0,,19.01,17.93,1
PO-002114,42,12,3,2024-09-09,2024-10-13,2024-10-01,446,446,0,,19.01,17.82,1
PO-002115,42,12,1,2024-09-23,2024-10-27,2024-10-21,479,453,0,,19.01,18.27,1
PO-002116,42,12,8,2024-10-07,2024-11-10,2024-11-02,399,399,0,,19.01,18.01,1
PO-002117,42,12,4,2024-10-14,2024-11-17,2024-11-16,251,251,0,,19.01,18.13,1
PO-002118,42,12,5,2024-10-21,2024-11-24,2024-11-18,386,386,0,,19.01,17.81,1
PO-002119,42,12,7,2024-11-04,2024-12-08,2024-12-08,293,293,0,,19.01,17.92,1
PO-002120,42,12,5,2024-11-11,2024-12-15,2024-12-13,489,489,0,,19.01,18.17,1
PO-002121,42,12,6,2024-12-09,2025-01-12,2025-01-10,423,423,0,,19.01,17.89,1
PO-002122,42,12,3,2024-12-23,2025-01-26,2025-02-05,307,307,0,,19.01,17.98,1
PO-002123,42,12,2,2025-01-06,2025-02-09,2025-02-04,477,477,0,,19.01,18.01,1
PO-002124,42,12,1,2025-01-20,2025-02-23,2025-03-06,518,518,0,,19.01,17.91,1
PO-002125,42,12,6,2025-02-03,2025-03-09,2025-03-09,471,471,0,,19.01,17.94,1
PO-002126,42,12,6,2025-02-10,2025-03-16,2025-03-13,386,386,0,,19.01,17.8,1
PO-002127,42,12,6,2025-02-17,2025-03-23,2025-03-13,297,297,0,,19.01,18.42,1
PO-002128,42,12,6,2025-02-24,2025-03-30,2025-03-27,286,286,0,,19.01,18.38,1
PO-002129,42,12,2,2025-03-03,2025-04-06,2025-04-04,578,578,0,,19.01,18.17,1
PO-002130,42,12,3,2025-03-17,2025-04-20,2025-04-16,458,458,0,,19.01,18.15,1
PO-002131,42,12,4,2025-03-24,2025-04-27,2025-04-27,360,360,0,,19.01,18.09,1
PO-002132,42,12,8,2025-04-14,2025-05-18,2025-05-11,455,455,0,,19.01,18.06,1
PO-002133,42,12,5,2025-05-05,2025-06-08,2025-06-04,342,342,0,,19.01,18.03,1
PO-002134,42,12,5,2025-05-12,2025-06-15,2025-06-19,390,390,0,,19.01,18.17,1
PO-002135,42,12,2,2025-05-26,2025-06-29,2025-06-28,383,361,0,,19.01,17.95,1
PO-002136,42,12,5,2025-06-02,2025-07-06,2025-07-02,444,444,0,,19.01,18.46,1
PO-002137,42,12,7,2025-06-09,2025-07-13,2025-07-05,329,329,0,,19.01,18.19,1
PO-002138,42,12,4,2025-06-16,2025-07-20,2025-07-16,416,416,0,,19.01,18.26,1
PO-002139,42,15,2,2024-07-08,2024-08-09,2024-07-26,503,503,0,,21.83,23.11,0
PO-002140,42,15,6,2024-07-22,2024-08-23,2024-08-24,776,776,0,,21.83,22.97,0
PO-002141,42,15,7,2024-09-23,2024-10-25,2024-10-21,1056,1056,0,,21.83,23.02,0
PO-002142,42,15,5,2024-10-14,2024-11-15,2024-11-12,922,887,0,,21.83,23.04,0
PO-002143,42,15,8,2024-12-16,2025-01-17,2025-01-18,880,880,0,,21.83,22.8,0
PO-002144,42,15,2,2025-03-03,2025-04-04,2025-03-29,728,728,0,,21.83,22.96,0
PO-002145,42,15,3,2025-03-10,2025-04-11,2025-04-07,537,537,0,,21.83,22.74,0
PO-002146,42,15,2,2025-03-17,2025-04-18,2025-04-08,500,500,0,,21.83,22.59,0
PO-002147,42,15,7,2025-06-09,2025-07-11,2025-07-10,712,712,58,Failed spec check,21.83,22.7,0
PO-002148,42,5,5,2024-09-23,2024-10-08,2024-10-08,100,100,0,,21.24,22.45,0
PO-002149,42,5,7,2024-12-09,2024-12-24,2024-12-22,162,162,0,,21.24,22.25,0
PO-002150,42,5,3,2024-12-23,2025-01-07,2025-01-07,114,105,0,,21.24,21.93,0
PO-002151,42,5,2,2025-01-20,2025-02-04,2025-02-01,173,173,0,,21.24,22.3,0
PO-002152,42,1,2,2024-07-15,2024-07-27,2024-07-27,838,838,0,,22.25,22.52,0
PO-002153,42,1,7,2024-08-12,2024-08-24,2024-08-22,810,810,0,,22.25,23.06,0
PO-002154,42,1,3,2024-08-19,2024-08-31,2024-08-31,661,661,86,Short shelf life on arrival,22.25,22.71,0
PO-002155,42,1,7,2024-08-26,2024-09-07,2024-09-06,764,764,0,,22.25,22.82,0
PO-002156,42,1,8,2024-09-02,2024-09-14,2024-09-10,673,673,0,,22.25,22.82,0
PO-002157,42,1,6,2024-09-09,2024-09-21,2024-09-21,945,945,0,,22.25,22.47,0
PO-002158,42,1,8,2024-10-07,2024-10-19,2024-10-18,922,874,78,Damaged packaging,22.25,22.86,0
PO-002159,42,1,7,2024-10-21,2024-11-02,2024-10-27,873,803,0,,22.25,22.63,0
PO-002160,42,1,8,2024-11-04,2024-11-16,2024-11-13,663,663,0,,22.25,23.46,0
PO-002161,42,1,6,2024-12-30,2025-01-11,2025-01-09,1317,1317,0,,22.25,22.98,0
PO-002162,42,1,6,2025-01-06,2025-01-18,2025-01-18,758,758,0,,22.25,22.82,0
PO-002163,42,1,2,2025-02-24,2025-03-08,2025-03-07,880,839,0,,22.25,22.91,0
PO-002164,42,1,7,2025-03-24,2025-04-05,2025-04-03,953,928,0,,22.25,22.89,0
PO-002165,42,1,6,2025-04-14,2025-04-26,2025-04-25,628,628,0,,22.25,22.63,0
PO-002166,42,1,8,2025-04-21,2025-05-03,2025-05-01,828,828,0,,22.25,22.91,0
PO-002167,42,1,1,2025-05-12,2025-05-24,2025-05-23,576,576,33,Temperature excursion in transit,22.25,23.18,0
PO-002168,42,1,1,2025-05-19,2025-05-31,2025-05-29,950,950,77,Documentation incomplete,22.25,22.63,0
PO-002169,43,1,8,2024-08-05,2024-08-16,2024-08-16,360,360,0,,33.47,34.66,0
PO-002170,43,1,6,2024-09-02,2024-09-13,2024-09-09,340,340,0,,33.47,34.4,0
PO-002171,43,1,2,2024-09-23,2024-10-04,2024-10-03,464,464,0,,33.47,34.47,0
PO-002172,43,1,1,2024-10-21,2024-11-01,2024-11-01,474,474,0,,33.47,34.43,0
PO-002173,43,1,4,2025-06-30,2025-07-11,2025-07-11,494,494,0,,33.47,34.89,0
PO-002174,43,5,6,2024-07-08,2024-07-24,2024-07-27,1059,1059,0,,32.9,34.06,1
PO-002175,43,5,6,2024-07-15,2024-07-31,2024-08-05,500,500,0,,32.9,34.16,1
PO-002176,43,5,3,2024-07-22,2024-08-07,2024-08-05,787,787,0,,32.9,33.99,1
PO-002177,43,5,5,2024-08-19,2024-09-04,2024-08-30,891,891,0,,32.9,34.07,1
PO-002178,43,5,1,2024-08-26,2024-09-11,2024-09-07,877,877,0,,32.9,34.79,1
PO-002179,43,5,4,2024-09-02,2024-09-18,2024-09-16,582,582,0,,32.9,33.83,1
PO-002180,43,5,8,2024-09-09,2024-09-25,2024-09-22,811,811,0,,32.9,34.28,1
PO-002181,43,5,5,2024-09-16,2024-10-02,2024-10-15,977,977,0,,32.9,34.61,1
PO-002182,43,5,8,2024-09-23,2024-10-09,2024-10-06,576,576,0,,32.9,34.05,1
PO-002183,43,5,7,2024-09-30,2024-10-16,2024-10-14,873,873,0,,32.9,34.39,1
PO-002184,43,5,8,2024-10-07,2024-10-23,2024-10-21,1019,1019,0,,32.9,34.34,1
PO-002185,43,5,8,2024-10-14,2024-10-30,2024-10-26,1031,993,79,Short shelf life on arrival,32.9,33.91,1
PO-002186,43,5,4,2024-10-21,2024-11-06,2024-11-06,642,642,0,,32.9,34.14,1
PO-002187,43,5,4,2024-10-28,2024-11-13,2024-11-08,713,659,0,,32.9,34.54,1
PO-002188,43,5,7,2024-11-04,2024-11-20,2024-11-16,850,832,0,,32.9,34.3,1
PO-002189,43,5,8,2024-11-18,2024-12-04,2024-12-01,1148,1148,0,,32.9,34.36,1
PO-002190,43,5,1,2024-11-25,2024-12-11,2024-12-09,811,811,0,,32.9,34.44,1
PO-002191,43,5,8,2024-12-02,2024-12-18,2024-12-16,611,589,0,,32.9,34.15,1
PO-002192,43,5,2,2024-12-09,2024-12-25,2024-12-17,794,794,0,,32.9,34.33,1
PO-002193,43,5,4,2024-12-16,2025-01-01,2024-12-29,763,763,0,,32.9,33.9,1
PO-002194,43,5,2,2024-12-23,2025-01-08,2025-01-07,696,696,47,Damaged packaging,32.9,33.98,1
PO-002195,43,5,1,2024-12-30,2025-01-15,2025-01-16,597,575,0,,32.9,34.58,1
PO-002196,43,5,7,2025-01-06,2025-01-22,2025-02-10,833,833,0,,32.9,34.24,1
PO-002197,43,5,2,2025-01-20,2025-02-05,2025-02-05,995,995,0,,32.9,34.1,1
PO-002198,43,5,4,2025-01-27,2025-02-12,2025-02-11,701,701,0,,32.9,34.76,1
PO-002199,43,5,2,2025-02-03,2025-02-19,2025-02-18,778,778,0,,32.9,34.05,1
PO-002200,43,5,5,2025-02-10,2025-02-26,2025-03-20,949,949,0,,32.9,33.99,1
PO-002201,43,5,4,2025-02-17,2025-03-05,2025-03-01,622,588,0,,32.9,33.62,1
PO-002202,43,5,7,2025-02-24,2025-03-12,2025-03-29,871,871,0,,32.9,33.82,1
PO-002203,43,5,7,2025-03-03,2025-03-19,2025-04-09,707,707,0,,32.9,34.01,1
PO-002204,43,5,6,2025-03-17,2025-04-02,2025-04-01,1021,984,0,,32.9,34.21,1
PO-002205,43,5,2,2025-03-24,2025-04-09,2025-04-08,796,776,0,,32.9,33.63,1
PO-002206,43,5,8,2025-04-07,2025-04-23,2025-04-20,751,751,0,,32.9,34.24,1
PO-002207,43,5,3,2025-04-21,2025-05-07,2025-05-06,794,756,0,,32.9,34.37,1
PO-002208,43,5,5,2025-04-28,2025-05-14,2025-05-10,500,500,40,Damaged packaging,32.9,34.28,1
PO-002209,43,5,6,2025-05-05,2025-05-21,2025-05-18,800,800,0,,32.9,33.9,1
PO-002210,43,5,8,2025-05-12,2025-05-28,2025-05-25,500,500,0,,32.9,33.74,1
PO-002211,43,5,6,2025-05-19,2025-06-04,2025-06-01,565,565,0,,32.9,34.16,1
PO-002212,43,5,3,2025-05-26,2025-06-11,2025-06-10,500,500,0,,32.9,33.62,1
PO-002213,43,5,8,2025-06-02,2025-06-18,2025-06-15,748,748,0,,32.9,34.45,1
PO-002214,43,5,2,2025-06-09,2025-06-25,2025-06-21,1061,963,0,,32.9,34.22,1
PO-002215,43,5,7,2025-06-23,2025-07-09,2025-07-07,917,917,0,,32.9,34.78,1
PO-002216,43,5,3,2025-06-30,2025-07-16,2025-07-10,823,823,0,,32.9,34.68,1
PO-002217,44,4,6,2024-07-29,2024-09-01,2024-08-22,284,284,0,,12.75,12.59,1
PO-002218,44,4,7,2024-08-05,2024-09-08,2024-09-04,415,403,0,,12.75,12.65,1
PO-002219,44,4,5,2024-08-19,2024-09-22,2024-09-17,495,495,0,,12.75,12.49,1
PO-002220,44,4,6,2024-08-26,2024-09-29,2024-09-17,314,314,0,,12.75,12.54,1
PO-002221,44,4,8,2024-09-02,2024-10-06,2024-09-22,290,279,0,,12.75,12.73,1
PO-002222,44,4,8,2024-09-09,2024-10-13,2024-10-11,327,327,0,,12.75,12.52,1
PO-002223,44,4,3,2024-09-16,2024-10-20,2024-10-15,405,405,0,,12.75,12.59,1
PO-002224,44,4,7,2024-09-30,2024-11-03,2024-10-28,379,379,0,,12.75,12.82,1
PO-002225,44,4,2,2024-10-07,2024-11-10,2024-11-04,490,490,0,,12.75,12.86,1
PO-002226,44,4,5,2024-10-14,2024-11-17,2024-11-04,327,327,0,,12.75,12.74,1
PO-002227,44,4,6,2024-10-21,2024-11-24,2024-11-15,444,444,0,,12.75,12.49,1
PO-002228,44,4,8,2024-10-28,2024-12-01,2024-12-05,346,346,0,,12.75,12.68,1
PO-002229,44,4,4,2024-11-04,2024-12-08,2024-12-02,417,417,0,,12.75,12.6,1
PO-002230,44,4,5,2024-11-11,2024-12-15,2025-01-04,364,364,0,,12.75,12.56,1
PO-002231,44,4,8,2024-12-02,2025-01-05,2024-12-31,376,376,0,,12.75,12.53,1
PO-002232,44,4,2,2024-12-09,2025-01-12,2025-01-05,338,338,0,,12.75,12.7,1
PO-002233,44,4,1,2024-12-16,2025-01-19,2025-01-09,382,382,20,Failed spec check,12.75,12.68,1
PO-002234,44,4,6,2024-12-23,2025-01-26,2025-01-08,340,340,0,,12.75,12.64,1
PO-002235,44,4,6,2025-01-13,2025-02-16,2025-02-03,289,289,0,,12.75,12.66,1
PO-002236,44,4,5,2025-02-10,2025-03-16,2025-03-06,331,331,0,,12.75,12.22,1
PO-002237,44,4,7,2025-02-17,2025-03-23,2025-03-11,424,424,0,,12.75,12.64,1
PO-002238,44,4,2,2025-03-03,2025-04-06,2025-03-23,386,375,0,,12.75,12.53,1
PO-002239,44,4,7,2025-03-24,2025-04-27,2025-04-11,549,549,0,,12.75,12.74,1
PO-002240,44,4,6,2025-04-14,2025-05-18,2025-05-07,546,546,0,,12.75,12.49,1
PO-002241,44,4,1,2025-04-28,2025-06-01,2025-05-20,322,322,0,,12.75,12.87,1
PO-002242,44,4,1,2025-05-05,2025-06-08,2025-06-06,557,557,0,,12.75,12.82,1
PO-002243,44,4,7,2025-05-19,2025-06-22,2025-06-11,379,379,56,Documentation incomplete,12.75,12.86,1
PO-002244,44,4,6,2025-06-16,2025-07-20,2025-07-14,464,464,0,,12.75,12.78,1
PO-002245,44,4,5,2025-06-23,2025-07-27,2025-07-30,250,250,0,,12.75,12.69,1
PO-002246,44,4,2,2025-06-30,2025-08-03,2025-08-02,314,314,0,,12.75,12.41,1
PO-002247,44,13,5,2024-07-15,2024-07-26,2024-07-25,2878,2878,0,,16.01,15.0,0
PO-002248,44,13,6,2024-08-12,2024-08-23,2024-08-22,4601,4601,0,,16.01,14.84,0
PO-002249,44,13,3,2024-08-19,2024-08-30,2024-08-30,4156,4156,0,,16.01,15.0,0
PO-002250,44,13,7,2024-08-26,2024-09-06,2024-09-05,2901,2901,0,,16.01,15.16,0
PO-002251,44,13,2,2024-09-09,2024-09-20,2024-09-19,4916,4916,0,,16.01,15.05,0
PO-002252,44,13,2,2024-09-16,2024-09-27,2024-09-27,3839,3839,249,Damaged packaging,16.01,14.77,0
PO-002253,44,13,7,2024-09-23,2024-10-04,2024-10-04,3458,3458,0,,16.01,14.95,0
PO-002254,44,13,8,2024-10-07,2024-10-18,2024-10-18,3711,3711,0,,16.01,15.22,0
PO-002255,44,13,7,2024-10-28,2024-11-08,2024-11-07,4490,4490,0,,16.01,15.09,0
PO-002256,44,13,2,2024-11-18,2024-11-29,2024-11-28,5049,5049,549,Temperature excursion in transit,16.01,14.91,0
PO-002257,44,13,5,2024-11-25,2024-12-06,2024-12-04,4520,4520,0,,16.01,14.77,0
PO-002258,44,13,1,2025-01-20,2025-01-31,2025-01-31,4196,4196,0,,16.01,15.08,0
PO-002259,44,13,1,2025-01-27,2025-02-07,2025-02-06,4233,4233,0,,16.01,15.04,0
PO-002260,44,13,8,2025-02-10,2025-02-21,2025-02-21,4357,4357,0,,16.01,15.16,0
PO-002261,44,13,2,2025-02-24,2025-03-07,2025-03-07,4911,4911,452,Temperature excursion in transit,16.01,14.8,0
PO-002262,44,13,7,2025-03-03,2025-03-14,2025-03-14,3571,3571,324,Short shelf life on arrival,16.01,15.0,0
PO-002263,44,13,4,2025-03-10,2025-03-21,2025-03-20,3768,3768,0,,16.01,15.08,0
PO-002264,44,13,2,2025-03-31,2025-04-11,2025-04-11,3718,3718,0,,16.01,15.12,0
PO-002265,44,13,3,2025-04-07,2025-04-18,2025-04-17,3718,3718,0,,16.01,15.0,0
PO-002266,44,13,2,2025-04-14,2025-04-25,2025-04-24,4636,4636,0,,16.01,15.19,0
PO-002267,44,13,6,2025-05-05,2025-05-16,2025-05-14,4714,4714,0,,16.01,15.12,0
PO-002268,44,13,4,2025-05-26,2025-06-06,2025-06-05,3731,3731,0,,16.01,14.92,0
PO-002269,44,13,8,2025-06-02,2025-06-13,2025-06-12,3524,3524,0,,16.01,15.29,0
PO-002270,44,13,3,2025-06-09,2025-06-20,2025-06-20,5261,5261,0,,16.01,15.11,0
PO-002271,44,13,3,2025-06-16,2025-06-27,2025-06-27,4060,4060,0,,16.01,14.92,0
PO-002272,44,13,4,2025-06-23,2025-07-04,2025-07-04,3590,3590,359,Documentation incomplete,16.01,15.13,0
PO-002273,45,13,2,2024-08-19,2024-08-27,2024-08-26,3878,3878,0,,34.79,32.75,0
PO-002274,45,13,6,2024-09-09,2024-09-17,2024-09-16,3437,3437,0,,34.79,31.99,0
PO-002275,45,13,4,2024-09-23,2024-10-01,2024-10-01,4375,4375,358,Damaged packaging,34.79,32.65,0
PO-002276,45,13,2,2024-11-04,2024-11-12,2024-11-11,4635,4635,0,,34.79,32.93,0
PO-002277,45,13,6,2025-02-03,2025-02-11,2025-02-10,4781,4781,0,,34.79,32.52,0
PO-002278,45,13,4,2025-03-10,2025-03-18,2025-03-18,3546,3546,0,,34.79,32.99,0
PO-002279,45,13,3,2025-04-14,2025-04-22,2025-04-21,2694,2694,0,,34.79,32.43,0
PO-002280,45,13,3,2025-04-28,2025-05-06,2025-05-05,3399,3399,283,Damaged packaging,34.79,32.88,0
PO-002281,45,13,7,2025-05-05,2025-05-13,2025-05-13,5180,5180,745,Temperature excursion in transit,34.79,31.73,0
PO-002282,45,13,8,2025-05-12,2025-05-20,2025-05-19,4478,4478,0,,34.79,33.13,0
PO-002283,45,13,7,2025-05-19,2025-05-27,2025-05-27,2759,2759,0,,34.79,32.2,0
PO-002284,45,13,3,2025-06-23,2025-07-01,2025-06-30,3125,3125,0,,34.79,32.28,0
PO-002285,45,3,5,2024-07-22,2024-08-23,2024-08-20,170,170,11,Temperature excursion in transit,30.28,28.82,0
PO-002286,45,3,1,2024-09-23,2024-10-25,2024-10-22,173,173,0,,30.28,29.06,0
PO-002287,45,3,4,2024-10-28,2024-11-29,2024-11-16,187,187,0,,30.28,29.54,0
PO-002288,45,3,5,2024-12-23,2025-01-24,2025-01-21,147,147,0,,30.28,28.87,0
PO-002289,45,3,8,2025-01-06,2025-02-07,2025-02-09,114,114,0,,30.28,28.82,0
PO-002290,45,3,5,2025-01-13,2025-02-14,2025-02-08,137,137,0,,30.28,28.85,0
PO-002291,45,3,3,2025-02-10,2025-03-14,2025-03-11,175,175,0,,30.28,28.97,0
PO-002292,45,3,1,2025-03-17,2025-04-18,2025-04-08,234,234,12,Temperature excursion in transit,30.28,29.06,0
PO-002293,45,3,3,2025-03-31,2025-05-02,2025-04-16,201,201,0,,30.28,29.24,0
PO-002294,45,3,6,2025-05-19,2025-06-20,2025-06-12,206,206,0,,30.28,29.13,0
PO-002295,45,3,7,2025-06-16,2025-07-18,2025-07-12,140,140,0,,30.28,28.65,0
PO-002296,45,3,7,2025-06-30,2025-08-01,2025-07-28,178,178,0,,30.28,28.49,0
PO-002297,45,4,8,2024-07-08,2024-08-11,2024-07-31,163,163,0,,31.21,31.07,1
PO-002298,45,4,3,2024-07-15,2024-08-18,2024-08-15,130,130,0,,31.21,31.16,1
PO-002299,45,4,5,2024-07-22,2024-08-25,2024-08-23,144,144,0,,31.21,31.02,1
PO-002300,45,4,2,2024-07-29,2024-09-01,2024-08-29,151,151,0,,31.21,30.39,1
PO-002301,45,4,3,2024-08-05,2024-09-08,2024-09-05,116,116,0,,31.21,30.8,1
PO-002302,45,4,8,2024-09-02,2024-10-06,2024-10-05,187,187,0,,31.21,31.13,1
PO-002303,45,4,5,2024-09-09,2024-10-13,2024-10-05,150,150,0,,31.21,30.84,1
PO-002304,45,4,6,2024-09-16,2024-10-20,2024-09-29,100,96,0,,31.21,30.63,1
PO-002305,45,4,1,2024-10-07,2024-11-10,2024-11-04,118,118,0,,31.21,31.22,1
PO-002306,45,4,6,2024-10-21,2024-11-24,2024-11-17,186,186,0,,31.21,30.43,1
PO-002307,45,4,6,2024-10-28,2024-12-01,2024-12-13,136,136,11,Short shelf life on arrival,31.21,31.32,1
PO-002308,45,4,6,2024-11-11,2024-12-15,2024-12-12,244,244,0,,31.21,30.58,1
PO-002309,45,4,4,2024-11-18,2024-12-22,2024-12-15,166,166,0,,31.21,31.4,1
PO-002310,45,4,6,2024-11-25,2024-12-29,2024-12-16,166,166,0,,31.21,30.61,1
PO-002311,45,4,6,2024-12-16,2025-01-19,2025-02-01,210,210,0,,31.21,30.91,1
PO-002312,45,4,4,2024-12-23,2025-01-26,2025-01-14,188,188,0,,31.21,30.47,1
PO-002313,45,4,1,2024-12-30,2025-02-02,2025-01-22,180,180,0,,31.21,30.9,1
PO-002314,45,4,8,2025-01-06,2025-02-09,2025-02-07,165,165,0,,31.21,31.05,1
PO-002315,45,4,7,2025-01-20,2025-02-23,2025-02-18,116,116,0,,31.21,30.5,1
PO-002316,45,4,5,2025-02-10,2025-03-16,2025-04-19,181,181,0,,31.21,30.99,1
PO-002317,45,4,6,2025-02-24,2025-03-30,2025-03-16,160,160,0,,31.21,31.02,1
PO-002318,45,4,3,2025-04-07,2025-05-11,2025-05-24,148,148,0,,31.21,31.08,1
PO-002319,45,4,4,2025-04-14,2025-05-18,2025-05-05,134,134,0,,31.21,30.24,1
PO-002320,45,4,2,2025-04-21,2025-05-25,2025-05-17,181,181,0,,31.21,31.08,1
PO-002321,45,4,2,2025-04-28,2025-06-01,2025-05-22,149,149,0,,31.21,31.2,1
PO-002322,45,4,6,2025-05-12,2025-06-15,2025-06-07,167,167,0,,31.21,30.49,1
PO-002323,45,4,4,2025-05-19,2025-06-22,2025-06-18,129,126,0,,31.21,30.99,1
PO-002324,45,4,4,2025-06-09,2025-07-13,2025-07-05,159,159,0,,31.21,30.46,1
PO-002325,45,4,7,2025-06-16,2025-07-20,2025-07-27,161,161,0,,31.21,31.12,1
PO-002326,45,4,5,2025-06-23,2025-07-27,2025-07-20,171,171,0,,31.21,30.64,1
PO-002327,45,4,7,2025-06-30,2025-08-03,2025-07-27,165,165,0,,31.21,30.62,1
PO-002328,46,6,5,2024-08-26,2024-09-13,2024-09-12,144,144,10,Damaged packaging,22.59,21.75,0
PO-002329,46,6,6,2024-10-28,2024-11-15,2024-11-14,167,167,0,,22.59,21.86,0
PO-002330,46,10,6,2024-07-08,2024-08-22,2024-08-16,3036,3036,0,,18.3,17.33,0
PO-002331,46,10,5,2024-07-15,2024-08-29,2024-08-23,5365,5365,0,,18.3,17.26,0
PO-002332,46,10,1,2024-07-29,2024-09-12,2024-09-07,4016,3926,0,,18.3,17.29,0
PO-002333,46,10,3,2024-08-05,2024-09-19,2024-09-08,4261,4261,0,,18.3,17.33,0
PO-002334,46,10,4,2024-08-26,2024-10-10,2024-10-04,4207,4207,149,Failed spec check,18.3,17.64,0
PO-002335,46,10,6,2024-09-16,2024-10-31,2024-10-17,4453,4453,0,,18.3,17.52,0
PO-002336,46,10,6,2024-10-14,2024-11-28,2024-11-28,3828,3828,0,,18.3,17.11,0
PO-002337,46,10,7,2024-10-21,2024-12-05,2024-12-02,4606,4606,0,,18.3,17.26,0
PO-002338,46,10,2,2024-11-18,2025-01-02,2024-12-30,4712,4546,0,,18.3,17.24,0
PO-002339,46,10,3,2024-12-02,2025-01-16,2025-01-13,4945,4828,0,,18.3,17.16,0
PO-002340,46,10,5,2024-12-09,2025-01-23,2025-01-08,6047,6047,0,,18.3,17.44,0
PO-002341,46,10,6,2024-12-16,2025-01-30,2025-01-21,3795,3795,0,,18.3,17.51,0
PO-002342,46,10,8,2024-12-30,2025-02-13,2025-02-23,4965,4965,0,,18.3,17.38,0
PO-002343,46,10,2,2025-01-06,2025-02-20,2025-02-14,5385,5385,0,,18.3,17.55,0
PO-002344,46,10,6,2025-01-20,2025-03-06,2025-02-25,4000,4000,0,,18.3,17.37,0
PO-002345,46,10,5,2025-01-27,2025-03-13,2025-02-13,3938,3938,0,,18.3,17.01,0
PO-002346,46,10,6,2025-02-03,2025-03-20,2025-03-18,4106,4106,0,,18.3,17.26,0
PO-002347,46,10,1,2025-02-24,2025-04-10,2025-03-31,2544,2544,0,,18.3,17.63,0
PO-002348,46,10,6,2025-03-03,2025-04-17,2025-04-07,4373,4373,0,,18.3,17.18,0
PO-002349,46,10,4,2025-03-10,2025-04-24,2025-04-17,3446,3446,0,,18.3,17.0,0
PO-002350,46,10,3,2025-04-07,2025-05-22,2025-05-03,3242,3172,0,,18.3,17.33,0
PO-002351,46,10,7,2025-04-21,2025-06-05,2025-06-01,3044,3044,0,,18.3,17.35,0
PO-002352,46,10,7,2025-04-28,2025-06-12,2025-05-29,3036,3036,0,,18.3,17.83,0
PO-002353,46,10,2,2025-05-05,2025-06-19,2025-06-07,2802,2705,0,,18.3,17.46,0
PO-002354,46,10,5,2025-05-19,2025-07-03,2025-07-02,3999,3999,0,,18.3,17.42,0
PO-002355,46,10,3,2025-06-23,2025-08-07,2025-07-31,2500,2500,0,,18.3,17.46,0
PO-002356,46,10,8,2025-06-30,2025-08-14,2025-08-01,4751,4751,0,,18.3,17.16,0
PO-002357,46,12,2,2024-07-15,2024-08-16,2024-08-10,4705,4705,0,,19.41,18.62,1
PO-002358,46,12,2,2024-07-29,2024-08-30,2024-10-05,5182,5067,0,,19.41,18.45,1
PO-002359,46,12,3,2024-08-05,2024-09-06,2024-08-30,4918,4918,0,,19.41,18.11,1
PO-002360,46,12,1,2024-08-19,2024-09-20,2024-09-18,2937,2937,0,,19.41,18.52,1
PO-002361,46,12,3,2024-09-02,2024-10-04,2024-09-28,2500,2500,171,Damaged packaging,19.41,18.48,1
PO-002362,46,12,6,2024-09-16,2024-10-18,2024-10-12,3447,3292,238,Temperature excursion in transit,19.41,18.22,1
PO-002363,46,12,2,2024-09-23,2024-10-25,2024-10-24,3926,3926,0,,19.41,18.2,1
PO-002364,46,12,1,2024-09-30,2024-11-01,2024-10-27,5401,5401,0,,19.41,18.79,1
PO-002365,46,12,3,2024-10-07,2024-11-08,2024-11-09,4932,4932,0,,19.41,18.32,1
PO-002366,46,12,7,2024-10-14,2024-11-15,2024-11-14,2813,2660,0,,19.41,18.61,1
PO-002367,46,12,7,2024-11-04,2024-12-06,2024-12-03,3910,3910,0,,19.41,18.05,1
PO-002368,46,12,3,2024-11-11,2024-12-13,2024-12-12,2863,2863,172,Failed spec check,19.41,18.42,1
PO-002369,46,12,3,2024-12-02,2025-01-03,2025-01-23,4397,4397,0,,19.41,18.69,1
PO-002370,46,12,8,2024-12-09,2025-01-10,2025-01-05,4146,4146,0,,19.41,18.69,1
PO-002371,46,12,6,2024-12-16,2025-01-17,2025-01-12,4391,4391,0,,19.41,18.89,1
PO-002372,46,12,3,2024-12-23,2025-01-24,2025-01-27,3740,3740,0,,19.41,18.46,1
PO-002373,46,12,1,2025-01-13,2025-02-14,2025-02-06,4709,4709,0,,19.41,18.34,1
PO-002374,46,12,3,2025-02-17,2025-03-21,2025-03-17,4401,4401,0,,19.41,18.68,1
PO-002375,46,12,3,2025-02-24,2025-03-28,2025-03-24,3483,3483,0,,19.41,18.17,1
PO-002376,46,12,3,2025-03-03,2025-04-04,2025-03-31,5006,4794,0,,19.41,18.44,1
PO-002377,46,12,4,2025-03-10,2025-04-11,2025-04-07,5422,5422,0,,19.41,18.45,1
PO-002378,46,12,5,2025-03-17,2025-04-18,2025-04-18,4012,3881,0,,19.41,18.31,1
PO-002379,46,12,8,2025-03-31,2025-05-02,2025-04-27,5586,5586,0,,19.41,18.32,1
PO-002380,46,12,5,2025-04-07,2025-05-09,2025-05-04,3527,3527,0,,19.41,18.45,1
PO-002381,46,12,1,2025-04-28,2025-05-30,2025-05-30,3614,3614,0,,19.41,18.41,1
PO-002382,46,12,4,2025-05-12,2025-06-13,2025-06-10,3186,3186,0,,19.41,18.67,1
PO-002383,46,12,4,2025-05-19,2025-06-20,2025-07-14,4747,4747,0,,19.41,18.61,1
PO-002384,46,12,2,2025-05-26,2025-06-27,2025-07-03,3459,3459,0,,19.41,18.29,1
PO-002385,46,12,1,2025-06-16,2025-07-18,2025-08-02,3160,2971,0,,19.41,18.58,1
PO-002386,46,12,5,2025-06-30,2025-08-01,2025-07-26,3662,3662,0,,19.41,18.73,1
PO-002387,47,13,7,2024-07-08,2024-07-16,2024-07-15,125,125,0,,2.54,2.38,0
PO-002388,47,13,3,2024-07-15,2024-07-23,2024-07-23,162,162,0,,2.54,2.38,0
PO-002389,47,13,1,2024-09-23,2024-10-01,2024-10-01,189,189,0,,2.54,2.33,0
PO-002390,47,13,5,2024-10-21,2024-10-29,2024-10-29,247,247,0,,2.54,2.41,0
PO-002391,47,13,2,2024-11-04,2024-11-12,2024-11-12,141,141,0,,2.54,2.4,0
PO-002392,47,13,1,2024-12-09,2024-12-17,2024-12-17,132,132,0,,2.54,2.41,0
PO-002393,47,13,1,2024-12-23,2024-12-31,2024-12-30,174,174,0,,2.54,2.38,0
PO-002394,47,13,3,2024-12-30,2025-01-07,2025-01-06,149,149,0,,2.54,2.38,0
PO-002395,47,13,4,2025-01-06,2025-01-14,2025-01-13,215,215,23,Temperature excursion in transit,2.54,2.37,0
PO-002396,47,13,1,2025-01-13,2025-01-21,2025-01-21,196,196,0,,2.54,2.38,0
PO-002397,47,13,2,2025-01-27,2025-02-04,2025-02-03,109,109,11,Short shelf life on arrival,2.54,2.37,0
PO-002398,47,13,1,2025-02-03,2025-02-11,2025-02-11,150,150,0,,2.54,2.41,0
PO-002399,47,13,6,2025-03-10,2025-03-18,2025-03-19,145,145,0,,2.54,2.36,0
PO-002400,47,13,2,2025-03-17,2025-03-25,2025-03-24,138,138,8,Failed spec check,2.54,2.42,0
PO-002401,47,13,6,2025-03-31,2025-04-08,2025-04-08,183,183,20,Temperature excursion in transit,2.54,2.38,0
PO-002402,47,13,8,2025-06-16,2025-06-24,2025-06-23,143,143,14,Short shelf life on arrival,2.54,2.39,0
PO-002403,47,13,3,2025-06-30,2025-07-08,2025-07-08,144,144,0,,2.54,2.43,0
PO-002404,47,9,4,2024-07-08,2024-08-19,2024-08-14,1349,1349,0,,1.97,2.06,1
PO-002405,47,9,7,2024-07-15,2024-08-26,2024-08-23,2333,2333,0,,1.97,2.0,1
PO-002406,47,9,3,2024-07-22,2024-09-02,2024-08-28,1856,1856,0,,1.97,2.04,1
PO-002407,47,9,6,2024-07-29,2024-09-09,2024-09-09,1504,1504,0,,1.97,2.06,1
PO-002408,47,9,2,2024-08-05,2024-09-16,2024-09-13,1831,1831,0,,1.97,2.03,1
PO-002409,47,9,4,2024-08-19,2024-09-30,2024-09-30,1521,1521,97,Short shelf life on arrival,1.97,2.08,1
PO-002410,47,9,8,2024-09-02,2024-10-14,2024-10-12,1761,1699,0,,1.97,2.07,1
PO-002411,47,9,8,2024-09-09,2024-10-21,2024-10-15,1753,1753,0,,1.97,2.04,1
PO-002412,47,9,4,2024-09-16,2024-10-28,2024-10-19,2243,2243,0,,1.97,2.04,1
PO-002413,47,9,2,2024-09-23,2024-11-04,2024-10-23,1586,1586,0,,1.97,2.04,1
PO-002414,47,9,5,2024-09-30,2024-11-11,2024-11-04,1626,1626,0,,1.97,2.05,1
PO-002415,47,9,1,2024-10-07,2024-11-18,2024-11-15,1780,1780,0,,1.97,2.04,1
PO-002416,47,9,6,2024-10-21,2024-12-02,2024-12-02,1011,1011,0,,1.97,2.02,1
PO-002417,47,9,7,2024-10-28,2024-12-09,2024-12-08,1817,1817,0,,1.97,2.02,1
PO-002418,47,9,8,2024-11-04,2024-12-16,2024-12-14,1063,1018,0,,1.97,2.02,1
PO-002419,47,9,7,2024-11-25,2025-01-06,2025-01-02,1761,1761,0,,1.97,2.04,1
PO-002420,47,9,8,2024-12-02,2025-01-13,2025-01-08,1607,1607,0,,1.97,2.04,1
PO-002421,47,9,2,2024-12-16,2025-01-27,2025-01-23,1500,1500,0,,1.97,2.04,1
PO-002422,47,9,8,2024-12-23,2025-02-03,2025-02-02,2079,2079,0,,1.97,2.09,1
PO-002423,47,9,6,2024-12-30,2025-02-10,2025-02-08,1000,1000,0,,1.97,2.04,1
PO-002424,47,9,6,2025-01-13,2025-02-24,2025-02-23,1841,1841,0,,1.97,2.04,1
PO-002425,47,9,7,2025-02-03,2025-03-17,2025-03-02,1367,1367,0,,1.97,2.02,1
PO-002426,47,9,3,2025-02-10,2025-03-24,2025-03-11,1598,1531,0,,1.97,2.06,1
PO-002427,47,9,3,2025-02-24,2025-04-07,2025-04-01,1289,1289,0,,1.97,2.03,1
PO-002428,47,9,6,2025-03-03,2025-04-14,2025-04-10,1460,1460,0,,1.97,2.05,1
PO-002429,47,9,1,2025-03-10,2025-04-21,2025-04-20,1366,1366,0,,1.97,2.04,1
PO-002430,47,9,6,2025-03-17,2025-04-28,2025-04-23,1997,1997,0,,1.97,2.04,1
PO-002431,47,9,3,2025-03-24,2025-05-05,2025-05-01,1573,1573,0,,1.97,2.04,1
PO-002432,47,9,7,2025-03-31,2025-05-12,2025-05-10,1883,1883,0,,1.97,2.09,1
PO-002433,47,9,8,2025-04-14,2025-05-26,2025-05-20,1630,1630,0,,1.97,2.03,1
PO-002434,47,9,5,2025-04-21,2025-06-02,2025-05-30,1429,1429,0,,1.97,2.06,1
PO-002435,47,9,4,2025-04-28,2025-06-09,2025-06-06,1793,1727,0,,1.97,2.02,1
PO-002436,47,9,6,2025-05-12,2025-06-23,2025-06-19,1396,1396,0,,1.97,2.04,1
PO-002437,47,9,4,2025-05-19,2025-06-30,2025-06-27,1812,1812,0,,1.97,2.03,1
PO-002438,47,9,1,2025-05-26,2025-07-07,2025-07-06,1549,1549,0,,1.97,2.03,1
PO-002439,47,9,7,2025-06-02,2025-07-14,2025-07-11,1744,1707,164,Documentation incomplete,1.97,2.06,1
PO-002440,47,9,6,2025-06-16,2025-07-28,2025-07-28,1253,1222,0,,1.97,2.0,1
PO-002441,47,9,1,2025-06-23,2025-08-04,2025-08-08,1581,1581,0,,1.97,2.02,1
PO-002442,48,12,7,2024-07-15,2024-08-17,2024-08-23,1000,1000,0,,21.86,20.83,0
PO-002443,48,12,1,2024-08-12,2024-09-14,2024-09-13,1858,1780,0,,21.86,20.79,0
PO-002444,48,12,4,2024-08-26,2024-09-28,2024-09-14,1273,1235,0,,21.86,20.87,0
PO-002445,48,12,3,2024-09-02,2024-10-05,2024-10-04,1460,1460,0,,21.86,20.96,0
PO-002446,48,12,7,2024-09-16,2024-10-19,2024-10-19,2366,2366,0,,21.86,20.73,0
PO-002447,48,12,3,2024-10-07,2024-11-09,2024-11-01,1822,1822,0,,21.86,20.91,0
PO-002448,48,12,5,2024-10-14,2024-11-16,2024-11-06,1467,1467,0,,21.86,20.93,0
PO-002449,48,12,2,2024-11-04,2024-12-07,2024-12-05,1465,1465,0,,21.86,20.84,0
PO-002450,48,12,5,2024-11-25,2024-12-28,2025-01-25,1420,1420,0,,21.86,20.63,0
PO-002451,48,12,3,2024-12-02,2025-01-04,2025-01-03,1059,1059,0,,21.86,20.87,0
PO-002452,48,12,5,2024-12-09,2025-01-11,2025-01-17,1403,1403,0,,21.86,20.4,0
PO-002453,48,12,8,2024-12-16,2025-01-18,2025-01-10,1049,1049,0,,21.86,20.77,0
PO-002454,48,12,1,2024-12-30,2025-02-01,2025-02-05,1505,1505,0,,21.86,20.91,0
PO-002455,48,12,5,2025-01-20,2025-02-22,2025-02-21,1384,1384,0,,21.86,20.81,0
PO-002456,48,12,3,2025-02-10,2025-03-15,2025-03-06,1583,1521,0,,21.86,20.55,0
PO-002457,48,12,1,2025-02-17,2025-03-22,2025-03-18,1491,1491,0,,21.86,20.25,0
PO-002458,48,12,3,2025-02-24,2025-03-29,2025-03-21,1962,1962,0,,21.86,20.7,0
PO-002459,48,12,6,2025-03-03,2025-04-05,2025-04-03,1000,943,0,,21.86,21.32,0
PO-002460,48,12,8,2025-03-17,2025-04-19,2025-04-17,1726,1726,0,,21.86,20.23,0
PO-002461,48,12,4,2025-04-07,2025-05-10,2025-05-07,1098,1098,0,,21.86,20.74,0
PO-002462,48,12,1,2025-04-21,2025-05-24,2025-05-22,1989,1989,0,,21.86,20.76,0
PO-002463,48,12,2,2025-05-05,2025-06-07,2025-06-05,1698,1698,0,,21.86,20.15,0
PO-002464,48,12,5,2025-05-12,2025-06-14,2025-06-12,1368,1368,0,,21.86,20.61,0
PO-002465,48,12,3,2025-05-26,2025-06-28,2025-06-18,1582,1582,0,,21.86,20.69,0
PO-002466,48,12,3,2025-06-02,2025-07-05,2025-06-29,2118,2118,0,,21.86,20.67,0
PO-002467,48,11,5,2024-07-08,2024-07-27,2024-07-26,140,140,0,,23.1,21.84,1
PO-002468,48,11,4,2024-07-22,2024-08-10,2024-08-07,171,158,0,,23.1,22.18,1
PO-002469,48,11,1,2024-07-29,2024-08-17,2024-08-17,155,155,0,,23.1,22.19,1
PO-002470,48,11,7,2024-08-05,2024-08-24,2024-08-21,161,161,14,Failed spec check,23.1,22.09,1
PO-002471,48,11,4,2024-08-12,2024-08-31,2024-08-30,184,184,0,,23.1,21.84,1
PO-002472,48,11,6,2024-08-19,2024-09-07,2024-09-05,200,177,0,,23.1,21.79,1
PO-002473,48,11,8,2024-09-02,2024-09-21,2024-09-18,166,137,0,,23.1,21.97,1
PO-002474,48,11,3,2024-09-09,2024-09-28,2024-09-22,159,159,0,,23.1,22.21,1
PO-002475,48,11,4,2024-09-23,2024-10-12,2024-10-17,162,162,0,,23.1,22.14,1
PO-002476,48,11,4,2024-10-14,2024-11-02,2024-11-01,167,167,0,,23.1,22.19,1
PO-002477,48,11,7,2024-10-21,2024-11-09,2024-11-05,161,161,0,,23.1,22.41,1
PO-002478,48,11,6,2024-12-02,2024-12-21,2024-12-15,158,158,0,,23.1,22.4,1
PO-002479,48,11,7,2024-12-16,2025-01-04,2024-12-31,141,141,0,,23.1,21.98,1
PO-002480,48,11,7,2024-12-30,2025-01-18,2025-01-21,184,184,0,,23.1,22.45,1
PO-002481,48,11,8,2025-01-13,2025-02-01,2025-01-29,186,186,0,,23.1,22.06,1
PO-002482,48,11,3,2025-02-03,2025-02-22,2025-02-19,183,183,0,,23.1,21.84,1
PO-002483,48,11,5,2025-02-10,2025-03-01,2025-02-19,161,161,11,Damaged packaging,23.1,22.09,1
PO-002484,48,11,8,2025-02-24,2025-03-15,2025-03-15,178,178,0,,23.1,21.72,1
PO-002485,48,11,1,2025-03-17,2025-04-05,2025-03-29,158,158,0,,23.1,22.03,1
PO-002486,48,11,3,2025-03-24,2025-04-12,2025-04-08,162,162,16,Damaged packaging,23.1,21.93,1
PO-002487,48,11,3,2025-03-31,2025-04-19,2025-04-03,165,165,0,,23.1,22.3,1
PO-002488,48,11,1,2025-04-07,2025-04-26,2025-04-21,164,164,14,Damaged packaging,23.1,21.82,1
PO-002489,48,11,3,2025-04-14,2025-05-03,2025-05-03,156,156,0,,23.1,21.96,1
PO-002490,48,11,1,2025-04-21,2025-05-10,2025-05-02,143,143,0,,23.1,21.8,1
PO-002491,48,11,2,2025-05-12,2025-05-31,2025-05-30,202,202,0,,23.1,22.32,1
PO-002492,48,11,5,2025-05-19,2025-06-07,2025-06-07,146,146,0,,23.1,22.35,1
PO-002493,48,11,4,2025-05-26,2025-06-14,2025-06-09,162,162,0,,23.1,22.2,1
PO-002494,48,11,4,2025-06-02,2025-06-21,2025-06-17,170,157,0,,23.1,22.55,1
PO-002495,48,11,8,2025-06-09,2025-06-28,2025-06-27,139,139,0,,23.1,22.03,1
PO-002496,48,11,2,2025-06-23,2025-07-12,2025-07-09,174,174,13,Short shelf life on arrival,23.1,21.84,1
PO-002497,48,11,7,2025-06-30,2025-07-19,2025-07-19,175,153,0,,23.1,22.5,1
PO-002498,49,1,1,2024-07-08,2024-07-16,2024-07-15,362,362,0,,13.64,14.02,1
PO-002499,49,1,3,2024-07-15,2024-07-23,2024-07-19,429,429,0,,13.64,13.98,1
PO-002500,49,1,3,2024-07-22,2024-07-30,2024-07-30,474,474,0,,13.64,14.0,1
PO-002501,49,1,8,2024-07-29,2024-08-06,2024-08-03,303,303,25,Temperature excursion in transit,13.64,14.1,1
PO-002502,49,1,7,2024-08-05,2024-08-13,2024-08-12,449,449,0,,13.64,13.94,1
PO-002503,49,1,1,2024-08-12,2024-08-20,2024-08-20,456,456,0,,13.64,13.95,1
PO-002504,49,1,3,2024-08-19,2024-08-27,2024-08-25,331,331,0,,13.64,14.1,1
PO-002505,49,1,7,2024-08-26,2024-09-03,2024-09-02,408,387,0,,13.64,14.0,1
PO-002506,49,1,6,2024-09-02,2024-09-10,2024-09-07,420,420,0,,13.64,13.87,1
PO-002507,49,1,7,2024-09-09,2024-09-17,2024-09-14,364,364,0,,13.64,14.04,1
PO-002508,49,1,5,2024-09-23,2024-10-01,2024-09-29,475,475,0,,13.64,14.1,1
PO-002509,49,1,7,2024-09-30,2024-10-08,2024-10-07,310,310,0,,13.64,13.92,1
PO-002510,49,1,7,2024-10-07,2024-10-15,2024-10-13,378,378,36,Short shelf life on arrival,13.64,13.84,1
PO-002511,49,1,5,2024-10-21,2024-10-29,2024-10-27,407,407,0,,13.64,14.18,1
PO-002512,49,1,5,2024-10-28,2024-11-05,2024-11-04,541,504,0,,13.64,13.93,1
PO-002513,49,1,7,2024-11-04,2024-11-12,2024-11-12,447,415,17,Damaged packaging,13.64,13.69,1
PO-002514,49,1,6,2024-11-11,2024-11-19,2024-11-18,313,313,0,,13.64,13.95,1
PO-002515,49,1,5,2024-11-18,2024-11-26,2024-11-25,389,389,0,,13.64,13.83,1
PO-002516,49,1,2,2024-11-25,2024-12-03,2024-12-02,408,408,0,,13.64,13.87,1
PO-002517,49,1,8,2024-12-02,2024-12-10,2024-12-10,367,367,0,,13.64,13.61,1
PO-002518,49,1,7,2024-12-09,2024-12-17,2024-12-16,459,459,0,,13.64,13.67,1
PO-002519,49,1,1,2024-12-16,2024-12-24,2024-12-23,461,431,0,,13.64,13.97,1
PO-002520,49,1,3,2024-12-23,2024-12-31,2024-12-29,438,414,0,,13.64,13.96,1
PO-002521,49,1,6,2024-12-30,2025-01-07,2025-01-06,360,360,14,Temperature excursion in transit,13.64,14.19,1
PO-002522,49,1,6,2025-01-13,2025-01-21,2025-01-20,499,499,0,,13.64,13.99,1
PO-002523,49,1,2,2025-01-20,2025-01-28,2025-01-26,340,340,0,,13.64,14.09,1
PO-002524,49,1,1,2025-01-27,2025-02-04,2025-02-04,532,509,0,,13.64,14.09,1
PO-002525,49,1,8,2025-02-10,2025-02-18,2025-02-17,338,338,0,,13.64,14.04,1
PO-002526,49,1,4,2025-02-17,2025-02-25,2025-02-23,473,473,0,,13.64,14.19,1
PO-002527,49,1,1,2025-02-24,2025-03-04,2025-03-03,448,448,0,,13.64,13.87,1
PO-002528,49,1,8,2025-03-03,2025-03-11,2025-03-10,469,469,0,,13.64,14.21,1
PO-002529,49,1,3,2025-03-10,2025-03-18,2025-03-17,250,241,11,Temperature excursion in transit,13.64,13.84,1
PO-002530,49,1,7,2025-03-17,2025-03-25,2025-03-25,303,303,0,,13.64,13.88,1
PO-002531,49,1,2,2025-03-24,2025-04-01,2025-04-01,477,477,0,,13.64,13.98,1
PO-002532,49,1,7,2025-03-31,2025-04-08,2025-04-04,511,511,0,,13.64,13.82,1
PO-002533,49,1,2,2025-04-07,2025-04-15,2025-04-14,452,441,0,,13.64,13.77,1
PO-002534,49,1,1,2025-04-14,2025-04-22,2025-04-20,261,261,0,,13.64,13.87,1
PO-002535,49,1,5,2025-04-21,2025-04-29,2025-04-25,424,424,0,,13.64,13.77,1
PO-002536,49,1,1,2025-04-28,2025-05-06,2025-05-06,359,359,0,,13.64,14.11,1
PO-002537,49,1,6,2025-05-05,2025-05-13,2025-05-12,444,444,49,Temperature excursion in transit,13.64,13.88,1
PO-002538,49,1,2,2025-05-12,2025-05-20,2025-05-19,478,448,0,,13.64,13.94,1
PO-002539,49,1,6,2025-05-19,2025-05-27,2025-05-26,256,256,0,,13.64,14.0,1
PO-002540,49,1,7,2025-05-26,2025-06-03,2025-06-03,575,575,25,Damaged packaging,13.64,14.13,1
PO-002541,49,1,3,2025-06-02,2025-06-10,2025-06-11,413,413,0,,13.64,14.19,1
PO-002542,49,1,2,2025-06-09,2025-06-17,2025-06-15,317,317,0,,13.64,13.93,1
PO-002543,49,1,8,2025-06-23,2025-07-01,2025-06-30,377,377,0,,13.64,13.81,1
PO-002544,49,1,3,2025-06-30,2025-07-08,2025-07-07,475,475,0,,13.64,14.13,1
PO-002545,49,10,7,2024-10-14,2024-11-30,2024-11-27,3385,3385,0,,10.69,10.08,0
PO-002546,49,10,3,2024-10-21,2024-12-07,2024-12-02,3327,3327,0,,10.69,10.3,0
PO-002547,49,10,4,2025-01-20,2025-03-08,2025-03-11,3137,3137,0,,10.69,10.1,0
PO-002548,50,3,2,2024-07-22,2024-08-24,2024-08-19,1362,1362,0,,19.65,18.73,0
PO-002549,50,3,3,2024-08-19,2024-09-21,2024-09-14,1588,1588,0,,19.65,19.01,0
PO-002550,50,3,1,2024-10-28,2024-11-30,2024-11-25,1829,1829,0,,19.65,18.73,0
PO-002551,50,3,6,2024-11-11,2024-12-14,2024-12-13,1733,1733,218,Short shelf life on arrival,19.65,18.72,0
PO-002552,50,3,3,2024-11-18,2024-12-21,2024-12-17,2291,2291,126,Temperature excursion in transit,19.65,19.09,0
PO-002553,50,3,2,2024-11-25,2024-12-28,2024-12-18,1776,1776,0,,19.65,18.88,0
PO-002554,50,3,6,2025-01-13,2025-02-15,2025-02-16,1000,1000,0,,19.65,19.0,0
PO-002555,50,3,8,2025-01-20,2025-02-22,2025-02-20,1000,1000,0,,19.65,18.82,0
PO-002556,50,3,7,2025-01-27,2025-03-01,2025-02-22,1559,1559,0,,19.65,18.74,0
PO-002557,50,3,1,2025-02-10,2025-03-15,2025-03-11,1108,1108,0,,19.65,18.8,0
PO-002558,50,3,8,2025-03-03,2025-04-05,2025-03-30,1477,1477,0,,19.65,19.21,0
PO-002559,50,3,3,2025-03-17,2025-04-19,2025-04-10,1772,1772,77,Documentation incomplete,19.65,18.57,0
PO-002560,50,3,2,2025-03-24,2025-04-26,2025-04-26,1875,1875,0,,19.65,18.65,0
PO-002561,50,3,8,2025-05-12,2025-06-14,2025-05-31,1926,1926,0,,19.65,18.85,0
PO-002562,50,4,1,2024-07-22,2024-08-25,2024-08-09,5006,5006,0,,18.69,18.18,0
PO-002563,50,4,2,2024-11-04,2024-12-08,2024-12-28,2642,2572,0,,18.69,18.41,0
PO-002564,50,4,1,2025-03-31,2025-05-04,2025-05-03,3930,3930,0,,18.69,18.33,0
PO-002565,50,4,6,2025-04-28,2025-06-01,2025-05-27,3940,3940,0,,18.69,18.62,0
PO-002566,50,4,4,2025-06-02,2025-07-06,2025-07-07,4181,4181,0,,18.69,18.27,0
PO-002567,50,15,2,2024-07-08,2024-08-08,2024-07-30,150,150,0,,20.75,21.65,1
PO-002568,50,15,6,2024-07-22,2024-08-22,2024-08-17,191,191,0,,20.75,21.95,1
PO-002569,50,15,1,2024-08-12,2024-09-12,2024-09-09,195,195,0,,20.75,21.74,1
PO-002570,50,15,8,2024-08-19,2024-09-19,2024-09-11,137,137,0,,20.75,21.7,1
PO-002571,50,15,6,2024-08-26,2024-09-26,2024-09-25,133,126,0,,20.75,21.65,1
PO-002572,50,15,4,2024-09-09,2024-10-10,2024-10-05,169,169,0,,20.75,21.74,1
PO-002573,50,15,5,2024-10-07,2024-11-07,2024-10-26,156,156,0,,20.75,21.78,1
PO-002574,50,15,2,2024-10-21,2024-11-21,2024-11-15,184,184,0,,20.75,22.06,1
PO-002575,50,15,2,2024-12-02,2025-01-02,2025-01-01,143,143,0,,20.75,21.81,1
PO-002576,50,15,3,2024-12-09,2025-01-09,2025-01-07,154,154,0,,20.75,21.92,1
PO-002577,50,15,5,2024-12-16,2025-01-16,2025-01-09,181,181,0,,20.75,22.06,1
PO-002578,50,15,1,2024-12-30,2025-01-30,2025-01-28,114,114,0,,20.75,22.08,1
PO-002579,50,15,1,2025-01-13,2025-02-13,2025-02-09,135,135,0,,20.75,22.09,1
PO-002580,50,15,7,2025-01-27,2025-02-27,2025-02-22,198,198,0,,20.75,21.9,1
PO-002581,50,15,8,2025-02-24,2025-03-27,2025-03-20,108,108,0,,20.75,21.67,1
PO-002582,50,15,3,2025-03-10,2025-04-10,2025-04-03,176,176,0,,20.75,21.31,1
PO-002583,50,15,4,2025-03-24,2025-04-24,2025-04-08,187,187,0,,20.75,22.05,1
PO-002584,50,15,7,2025-04-07,2025-05-08,2025-04-27,182,182,0,,20.75,21.7,1
PO-002585,50,15,1,2025-04-14,2025-05-15,2025-05-13,196,196,0,,20.75,21.97,1
PO-002586,50,15,4,2025-05-19,2025-06-19,2025-06-18,160,160,0,,20.75,22.38,1
PO-002587,50,15,2,2025-05-26,2025-06-26,2025-06-23,154,154,0,,20.75,21.98,1
PO-002588,50,15,7,2025-06-09,2025-07-10,2025-07-03,189,189,11,Short shelf life on arrival,20.75,21.81,1
PO-002589,50,15,4,2025-06-16,2025-07-17,2025-07-08,231,231,0,,20.75,21.95,1
PO-002590,50,15,2,2025-06-23,2025-07-24,2025-07-19,163,163,0,,20.75,21.63,1
PO-002591,51,12,1,2024-07-08,2024-08-06,2024-08-05,1000,1000,0,,20.66,19.66,1
PO-002592,51,12,8,2024-07-15,2024-08-13,2024-08-11,1681,1681,0,,20.66,19.49,1
PO-002593,51,12,4,2024-07-22,2024-08-20,2024-08-16,1708,1708,0,,20.66,19.81,1
PO-002594,51,12,2,2024-07-29,2024-08-27,2024-08-24,1551,1551,146,Temperature excursion in transit,20.66,19.77,1
PO-002595,51,12,6,2024-08-05,2024-09-03,2024-09-01,1546,1546,0,,20.66,19.76,1
PO-002596,51,12,2,2024-08-12,2024-09-10,2024-09-05,1151,1151,0,,20.66,19.6,1
PO-002597,51,12,2,2024-08-19,2024-09-17,2024-09-16,1682,1631,0,,20.66,19.73,1
PO-002598,51,12,5,2024-08-26,2024-09-24,2024-09-20,1870,1870,0,,20.66,19.64,1
PO-002599,51,12,6,2024-09-02,2024-10-01,2024-09-21,1503,1503,0,,20.66,19.37,1
PO-002600,51,12,8,2024-09-09,2024-10-08,2024-10-06,1088,1088,0,,20.66,19.57,1
PO-002601,51,12,8,2024-09-16,2024-10-15,2024-10-13,1181,1126,0,,20.66,19.29,1
PO-002602,51,12,3,2024-09-23,2024-10-22,2024-10-21,1684,1684,0,,20.66,19.77,1
PO-002603,51,12,7,2024-09-30,2024-10-29,2024-10-26,1805,1805,0,,20.66,19.58,1
PO-002604,51,12,5,2024-10-07,2024-11-05,2024-10-29,1564,1564,0,,20.66,19.72,1
PO-002605,51,12,2,2024-10-14,2024-11-12,2024-12-31,1926,1926,0,,20.66,19.55,1
PO-002606,51,12,4,2024-10-21,2024-11-19,2024-11-18,1703,1703,0,,20.66,19.73,1
PO-002607,51,12,8,2024-10-28,2024-11-26,2024-11-21,1659,1659,0,,20.66,19.55,1
PO-002608,51,12,8,2024-11-04,2024-12-03,2024-12-15,1598,1598,0,,20.66,19.56,1
PO-002609,51,12,1,2024-11-11,2024-12-10,2024-12-03,1308,1308,0,,20.66,19.69,1
PO-002610,51,12,2,2024-11-18,2024-12-17,2024-12-12,1754,1655,0,,20.66,19.88,1
PO-002611,51,12,3,2024-11-25,2024-12-24,2024-12-23,1000,1000,0,,20.66,19.64,1
PO-002612,51,12,1,2024-12-02,2024-12-31,2024-12-27,1425,1425,0,,20.66,19.58,1
PO-002613,51,12,7,2024-12-09,2025-01-07,2025-01-06,1943,1943,0,,20.66,19.6,1
PO-002614,51,12,3,2024-12-16,2025-01-14,2025-01-10,1699,1699,124,Damaged packaging,20.66,19.29,1
PO-002615,51,12,2,2024-12-23,2025-01-21,2025-03-09,1883,1833,0,,20.66,19.7,1
PO-002616,51,12,8,2024-12-30,2025-01-28,2025-01-26,1639,1584,0,,20.66,19.59,1
PO-002617,51,12,3,2025-01-06,2025-02-04,2025-02-02,1311,1311,115,Failed spec check,20.66,19.51,1
PO-002618,51,12,6,2025-01-13,2025-02-11,2025-02-09,1835,1835,0,,20.66,19.89,1
PO-002619,51,12,3,2025-01-20,2025-02-18,2025-02-12,1574,1574,0,,20.66,19.51,1
PO-002620,51,12,5,2025-01-27,2025-02-25,2025-02-14,1351,1273,0,,20.66,19.73,1
PO-002621,51,12,8,2025-02-03,2025-03-04,2025-02-23,1362,1362,0,,20.66,19.77,1
PO-002622,51,12,6,2025-02-10,2025-03-11,2025-03-11,1605,1512,0,,20.66,19.37,1
PO-002623,51,12,1,2025-02-17,2025-03-18,2025-03-23,1386,1328,0,,20.66,19.8,1
PO-002624,51,12,1,2025-02-24,2025-03-25,2025-03-24,1532,1532,0,,20.66,19.46,1
PO-002625,51,12,5,2025-03-03,2025-04-01,2025-03-26,1401,1401,0,,20.66,19.8,1
PO-002626,51,12,2,2025-03-10,2025-04-08,2025-03-25,1402,1373,0,,20.66,19.96,1
PO-002627,51,12,5,2025-03-17,2025-04-15,2025-04-14,2088,2088,0,,20.66,19.88,1
PO-002628,51,12,7,2025-03-24,2025-04-22,2025-04-20,1254,1254,0,,20.66,19.94,1
PO-002629,51,12,4,2025-03-31,2025-04-29,2025-04-28,1716,1716,0,,20.66,19.48,1
PO-002630,51,12,3,2025-04-07,2025-05-06,2025-05-04,1717,1717,0,,20.66,19.61,1
PO-002631,51,12,3,2025-04-14,2025-05-13,2025-05-28,2015,1927,0,,20.66,19.42,1
PO-002632,51,12,6,2025-04-21,2025-05-20,2025-05-16,1100,1100,0,,20.66,19.58,1
PO-002633,51,12,6,2025-04-28,2025-05-27,2025-05-25,1549,1549,0,,20.66,19.61,1
PO-002634,51,12,7,2025-05-05,2025-06-03,2025-06-02,1065,1065,0,,20.66,19.87,1
PO-002635,51,12,2,2025-05-12,2025-06-10,2025-06-03,1340,1340,0,,20.66,19.53,1
PO-002636,51,12,2,2025-05-19,2025-06-17,2025-06-16,1690,1690,0,,20.66,19.59,1
PO-002637,51,12,2,2025-05-26,2025-06-24,2025-06-16,1000,1000,0,,20.66,19.52,1
PO-002638,51,12,5,2025-06-02,2025-07-01,2025-06-29,1490,1490,0,,20.66,19.52,1
PO-002639,51,12,6,2025-06-09,2025-07-08,2025-07-03,1441,1392,0,,20.66,19.49,1
PO-002640,51,12,5,2025-06-16,2025-07-15,2025-07-12,1606,1606,0,,20.66,19.65,1
PO-002641,51,12,2,2025-06-23,2025-07-22,2025-07-18,2079,1996,0,,20.66,19.7,1
PO-002642,51,12,3,2025-06-30,2025-07-29,2025-07-21,1769,1769,0,,20.66,19.47,1
PO-002643,52,5,1,2024-07-08,2024-07-25,2024-08-26,104,104,0,,27.21,28.26,1
PO-002644,52,5,4,2024-07-15,2024-08-01,2024-07-28,154,154,0,,27.21,27.66,1
PO-002645,52,5,1,2024-07-22,2024-08-08,2024-08-21,136,136,0,,27.21,28.04,1
PO-002646,52,5,6,2024-07-29,2024-08-15,2024-08-11,170,170,0,,27.21,28.08,1
PO-002647,52,5,3,2024-08-05,2024-08-22,2024-08-20,135,128,0,,27.21,28.33,1
PO-002648,52,5,8,2024-08-12,2024-08-29,2024-08-27,231,231,0,,27.21,28.45,1
PO-002649,52,5,7,2024-08-19,2024-09-05,2024-09-07,144,144,9,Short shelf life on arrival,27.21,28.34,1
PO-002650,52,5,8,2024-08-26,2024-09-12,2024-09-08,191,191,0,,27.21,27.81,1
PO-002651,52,5,6,2024-09-02,2024-09-19,2024-09-22,163,163,0,,27.21,28.47,1
PO-002652,52,5,6,2024-09-09,2024-09-26,2024-09-25,134,134,0,,27.21,28.31,1
PO-002653,52,5,7,2024-09-16,2024-10-03,2024-09-30,186,178,0,,27.21,28.48,1
PO-002654,52,5,3,2024-09-23,2024-10-10,2024-10-08,152,152,0,,27.21,27.98,1
PO-002655,52,5,6,2024-09-30,2024-10-17,2024-10-17,165,165,0,,27.21,28.6,1
PO-002656,52,5,2,2024-10-07,2024-10-24,2024-10-30,152,152,0,,27.21,27.87,1
PO-002657,52,5,6,2024-10-14,2024-10-31,2024-11-18,116,116,0,,27.21,28.35,1
PO-002658,52,5,5,2024-10-21,2024-11-07,2024-11-06,104,104,0,,27.21,28.4,1
PO-002659,52,5,1,2024-10-28,2024-11-14,2024-11-13,182,182,0,,27.21,27.83,1
PO-002660,52,5,7,2024-11-04,2024-11-21,2024-11-15,126,120,0,,27.21,27.85,1
PO-002661,52,5,3,2024-11-11,2024-11-28,2024-11-17,187,187,0,,27.21,28.49,1
PO-002662,52,5,7,2024-11-18,2024-12-05,2024-12-02,139,131,0,,27.21,28.07,1
PO-002663,52,5,3,2024-11-25,2024-12-12,2024-12-11,157,157,0,,27.21,28.02,1
PO-002664,52,5,7,2024-12-02,2024-12-19,2024-12-18,193,193,0,,27.21,27.99,1
PO-002665,52,5,2,2024-12-09,2024-12-26,2024-12-21,159,159,0,,27.21,28.51,1
PO-002666,52,5,1,2024-12-16,2025-01-02,2025-01-05,120,120,0,,27.21,28.49,1
PO-002667,52,5,8,2024-12-23,2025-01-09,2025-01-05,144,144,0,,27.21,28.37,1
PO-002668,52,5,6,2024-12-30,2025-01-16,2025-01-19,211,211,0,,27.21,28.13,1
PO-002669,52,5,3,2025-01-06,2025-01-23,2025-01-22,118,118,0,,27.21,28.18,1
PO-002670,52,5,5,2025-01-13,2025-01-30,2025-01-28,119,119,0,,27.21,28.04,1
PO-002671,52,5,4,2025-01-20,2025-02-06,2025-02-03,184,170,0,,27.21,28.47,1
PO-002672,52,5,1,2025-01-27,2025-02-13,2025-02-12,174,174,0,,27.21,28.13,1
PO-002673,52,5,7,2025-02-03,2025-02-20,2025-02-19,144,144,0,,27.21,28.18,1
PO-002674,52,5,4,2025-02-10,2025-02-27,2025-02-26,197,191,0,,27.21,28.3,1
PO-002675,52,5,5,2025-02-17,2025-03-06,2025-03-02,101,101,0,,27.21,27.94,1
PO-002676,52,5,8,2025-02-24,2025-03-13,2025-03-11,170,170,0,,27.21,28.48,1
PO-002677,52,5,4,2025-03-03,2025-03-20,2025-04-06,124,124,0,,27.21,28.07,1
PO-002678,52,5,6,2025-03-10,2025-03-27,2025-03-26,164,164,0,,27.21,28.3,1
PO-002679,52,5,4,2025-03-17,2025-04-03,2025-04-01,132,123,0,,27.21,28.46,1
PO-002680,52,5,3,2025-03-24,2025-04-10,2025-04-05,148,148,0,,27.21,28.64,1
PO-002681,52,5,1,2025-03-31,2025-04-17,2025-04-16,200,200,0,,27.21,28.24,1
PO-002682,52,5,1,2025-04-07,2025-04-24,2025-04-21,142,138,0,,27.21,28.22,1
PO-002683,52,5,3,2025-04-14,2025-05-01,2025-04-29,147,136,0,,27.21,28.12,1
PO-002684,52,5,6,2025-04-21,2025-05-08,2025-05-07,135,135,0,,27.21,28.3,1
PO-002685,52,5,4,2025-04-28,2025-05-15,2025-05-18,119,112,0,,27.21,28.39,1
PO-002686,52,5,6,2025-05-05,2025-05-22,2025-06-06,169,169,0,,27.21,28.2,1
PO-002687,52,5,2,2025-05-12,2025-05-29,2025-05-26,179,169,0,,27.21,27.88,1
PO-002688,52,5,8,2025-05-19,2025-06-05,2025-06-03,201,201,0,,27.21,28.23,1
PO-002689,52,5,3,2025-05-26,2025-06-12,2025-06-25,124,124,0,,27.21,28.51,1
PO-002690,52,5,2,2025-06-02,2025-06-19,2025-06-19,179,179,0,,27.21,27.99,1
PO-002691,52,5,5,2025-06-09,2025-06-26,2025-07-04,104,104,0,,27.21,28.25,1
PO-002692,52,5,5,2025-06-16,2025-07-03,2025-07-02,117,117,0,,27.21,28.0,1
PO-002693,52,5,6,2025-06-23,2025-07-10,2025-07-10,193,193,0,,27.21,28.27,1
PO-002694,52,5,7,2025-06-30,2025-07-17,2025-07-17,213,213,0,,27.21,28.4,1
PO-002695,53,11,3,2024-07-22,2024-08-07,2024-08-04,1933,1933,0,,17.76,17.05,0
PO-002696,53,11,1,2024-07-29,2024-08-14,2024-08-10,1642,1642,0,,17.76,16.96,0
PO-002697,53,11,1,2024-08-19,2024-09-04,2024-09-02,1151,1125,0,,17.76,17.04,0
PO-002698,53,11,6,2024-09-16,2024-10-02,2024-09-18,1597,1597,0,,17.76,17.24,0
PO-002699,53,11,2,2024-09-30,2024-10-16,2024-10-10,1824,1824,100,Short shelf life on arrival,17.76,16.97,0
PO-002700,53,11,3,2024-10-07,2024-10-23,2024-10-17,1868,1868,0,,17.76,17.33,0
PO-002701,53,11,7,2024-10-28,2024-11-13,2024-11-08,2091,2091,0,,17.76,17.2,0
PO-002702,53,11,5,2024-11-25,2024-12-11,2024-12-05,1141,1141,0,,17.76,16.99,0
PO-002703,53,11,3,2024-12-09,2024-12-25,2024-12-23,1569,1569,0,,17.76,17.15,0
PO-002704,53,11,5,2024-12-16,2025-01-01,2025-01-01,2142,2142,0,,17.76,16.87,0
PO-002705,53,11,7,2025-01-20,2025-02-05,2025-02-04,1911,1911,0,,17.76,17.28,0
PO-002706,53,11,2,2025-02-03,2025-02-19,2025-02-19,1900,1900,0,,17.76,17.16,0
PO-002707,53,11,6,2025-02-10,2025-02-26,2025-02-23,1314,1314,0,,17.76,17.07,0
PO-002708,53,11,1,2025-02-24,2025-03-12,2025-03-01,1759,1759,0,,17.76,17.09,0
PO-002709,53,11,5,2025-03-10,2025-03-26,2025-03-22,1695,1695,0,,17.76,17.01,0
PO-002710,53,11,2,2025-03-24,2025-04-09,2025-03-30,2106,2106,141,Temperature excursion in transit,17.76,17.01,0
PO-002711,53,11,8,2025-04-21,2025-05-07,2025-05-01,1066,1066,0,,17.76,16.86,0
PO-002712,53,11,7,2025-04-28,2025-05-14,2025-05-03,1910,1910,66,Temperature excursion in transit,17.76,16.99,0
PO-002713,53,11,2,2025-06-02,2025-06-18,2025-06-10,1664,1498,0,,17.76,16.85,0
PO-002714,53,11,8,2025-06-16,2025-07-02,2025-06-13,1547,1547,0,,17.76,17.19,0
PO-002715,53,11,7,2025-06-23,2025-07-09,2025-07-08,2101,2101,0,,17.76,17.12,0
PO-002716,53,11,1,2025-06-30,2025-07-16,2025-07-09,1935,1730,0,,17.76,16.93,0
PO-002717,53,7,7,2024-07-15,2024-08-27,2024-08-14,1623,1623,84,Failed spec check,14.98,14.15,1
PO-002718,53,7,1,2024-07-22,2024-09-03,2024-09-04,1569,1569,0,,14.98,14.15,1
PO-002719,53,7,2,2024-07-29,2024-09-10,2024-09-04,1641,1641,0,,14.98,14.23,1
PO-002720,53,7,3,2024-08-12,2024-09-24,2024-09-15,1275,1275,0,,14.98,14.0,1
PO-002721,53,7,8,2024-08-19,2024-10-01,2024-09-17,1559,1559,0,,14.98,13.9,1
PO-002722,53,7,7,2024-09-02,2024-10-15,2024-10-15,1754,1754,0,,14.98,13.91,1
PO-002723,53,7,4,2024-09-09,2024-10-22,2024-10-07,1488,1488,0,,14.98,14.19,1
PO-002724,53,7,8,2024-09-16,2024-10-29,2024-10-29,1674,1674,0,,14.98,14.14,1
PO-002725,53,7,3,2024-09-23,2024-11-05,2024-10-19,1469,1469,0,,14.98,14.3,1
PO-002726,53,7,3,2024-10-07,2024-11-19,2024-11-07,1071,1071,0,,14.98,14.17,1
PO-002727,53,7,7,2024-10-21,2024-12-03,2024-11-26,1622,1622,0,,14.98,14.18,1
PO-002728,53,7,5,2024-10-28,2024-12-10,2024-11-30,1998,1998,0,,14.98,13.91,1
PO-002729,53,7,7,2024-11-11,2024-12-24,2024-12-20,1417,1417,0,,14.98,14.0,1
PO-002730,53,7,1,2024-11-25,2025-01-07,2025-01-09,1000,1000,84,Damaged packaging,14.98,14.17,1
PO-002731,53,7,2,2024-12-02,2025-01-14,2025-01-30,1593,1593,130,Temperature excursion in transit,14.98,13.8,1
PO-002732,53,7,7,2024-12-09,2025-01-21,2025-01-16,1589,1589,0,,14.98,14.25,1
PO-002733,53,7,3,2024-12-16,2025-01-28,2025-01-01,1370,1370,0,,14.98,14.24,1
PO-002734,53,7,1,2024-12-23,2025-02-04,2025-02-02,1793,1793,0,,14.98,14.15,1
PO-002735,53,7,8,2024-12-30,2025-02-11,2025-01-26,2163,2163,127,Short shelf life on arrival,14.98,14.04,1
PO-002736,53,7,1,2025-01-13,2025-02-25,2025-02-10,1025,1025,0,,14.98,14.17,1
PO-002737,53,7,3,2025-01-20,2025-03-04,2025-02-27,1749,1749,116,Temperature excursion in transit,14.98,14.03,1
PO-002738,53,7,7,2025-01-27,2025-03-11,2025-03-11,1831,1831,0,,14.98,14.08,1
PO-002739,53,7,6,2025-02-03,2025-03-18,2025-03-16,1739,1739,0,,14.98,13.89,1
PO-002740,53,7,7,2025-02-10,2025-03-25,2025-03-24,2280,2280,0,,14.98,14.22,1
PO-002741,53,7,4,2025-02-24,2025-04-08,2025-04-06,1629,1629,0,,14.98,14.21,1
PO-002742,53,7,3,2025-03-03,2025-04-15,2025-04-11,1000,1000,0,,14.98,14.13,1
PO-002743,53,7,6,2025-03-10,2025-04-22,2025-04-17,1705,1705,130,Failed spec check,14.98,14.17,1
PO-002744,53,7,2,2025-03-17,2025-04-29,2025-04-25,2366,2366,0,,14.98,14.07,1
PO-002745,53,7,4,2025-03-24,2025-05-06,2025-05-17,1184,1184,0,,14.98,14.09,1
PO-002746,53,7,8,2025-03-31,2025-05-13,2025-05-04,1696,1696,0,,14.98,14.16,1
PO-002747,53,7,7,2025-04-28,2025-06-10,2025-05-24,1263,1263,0,,14.98,14.32,1
PO-002748,53,7,3,2025-05-05,2025-06-17,2025-06-10,2046,2046,0,,14.98,14.2,1
PO-002749,53,7,6,2025-06-02,2025-07-15,2025-07-25,1661,1661,0,,14.98,13.89,1
PO-002750,53,7,6,2025-06-16,2025-07-29,2025-07-18,1153,1153,0,,14.98,13.87,1
PO-002751,53,7,3,2025-06-23,2025-08-05,2025-08-09,1405,1405,0,,14.98,14.11,1
PO-002752,53,7,4,2025-06-30,2025-08-12,2025-08-09,1000,1000,0,,14.98,14.34,1
PO-002753,54,4,6,2024-08-05,2024-09-06,2024-08-24,500,500,0,,31.12,31.2,0
PO-002754,54,15,6,2024-07-22,2024-08-18,2024-08-06,590,590,0,,34.37,35.98,1
PO-002755,54,15,1,2024-08-05,2024-09-01,2024-08-28,500,485,34,Failed spec check,34.37,35.68,1
PO-002756,54,15,7,2024-08-12,2024-09-08,2024-09-14,584,584,0,,34.37,36.28,1
PO-002757,54,15,7,2024-08-19,2024-09-15,2024-09-12,674,674,0,,34.37,35.68,1
PO-002758,54,15,3,2024-09-02,2024-09-29,2024-09-23,732,732,0,,34.37,36.19,1
PO-002759,54,15,4,2024-09-09,2024-10-06,2024-09-21,855,855,0,,34.37,36.29,1
PO-002760,54,15,6,2024-09-16,2024-10-13,2024-10-10,1093,1093,0,,34.37,36.14,1
PO-002761,54,15,4,2024-09-23,2024-10-20,2024-10-19,928,928,0,,34.37,36.74,1
PO-002762,54,15,7,2024-09-30,2024-10-27,2024-10-30,1037,1037,0,,34.37,36.47,1
PO-002763,54,15,6,2024-10-07,2024-11-03,2024-11-03,798,798,0,,34.37,35.93,1
PO-002764,54,15,4,2024-10-14,2024-11-10,2024-10-31,637,637,0,,34.37,35.87,1
PO-002765,54,15,6,2024-10-21,2024-11-17,2024-11-16,587,572,0,,34.37,36.37,1
PO-002766,54,15,7,2024-10-28,2024-11-24,2024-11-14,638,638,0,,34.37,36.28,1
PO-002767,54,15,8,2024-11-04,2024-12-01,2024-11-30,854,854,0,,34.37,36.67,1
PO-002768,54,15,2,2024-11-11,2024-12-08,2024-12-03,599,599,0,,34.37,36.26,1
PO-002769,54,15,3,2024-11-18,2024-12-15,2024-12-14,804,784,0,,34.37,36.09,1
PO-002770,54,15,5,2024-11-25,2024-12-22,2024-12-17,1019,1019,0,,34.37,36.52,1
PO-002771,54,15,5,2024-12-02,2024-12-29,2024-12-18,765,765,0,,34.37,36.36,1
PO-002772,54,15,3,2024-12-09,2025-01-05,2025-01-03,810,810,0,,34.37,35.95,1
PO-002773,54,15,5,2024-12-16,2025-01-12,2025-01-11,778,778,0,,34.37,36.35,1
PO-002774,54,15,2,2024-12-23,2025-01-19,2025-01-18,770,748,0,,34.37,36.58,1
PO-002775,54,15,8,2025-01-13,2025-02-09,2025-02-09,1071,1071,0,,34.37,36.07,1
PO-002776,54,15,8,2025-02-03,2025-03-02,2025-02-25,839,839,0,,34.37,36.13,1
PO-002777,54,15,7,2025-02-17,2025-03-16,2025-03-11,738,716,0,,34.37,36.03,1
PO-002778,54,15,1,2025-02-24,2025-03-23,2025-03-14,762,762,0,,34.37,35.15,1
PO-002779,54,15,2,2025-03-03,2025-03-30,2025-03-21,997,997,0,,34.37,36.15,1
PO-002780,54,15,7,2025-03-10,2025-04-06,2025-03-27,893,893,0,,34.37,36.21,1
PO-002781,54,15,5,2025-03-17,2025-04-13,2025-04-09,722,722,0,,34.37,36.17,1
PO-002782,54,15,7,2025-03-24,2025-04-20,2025-04-13,836,836,0,,34.37,37.02,1
PO-002783,54,15,4,2025-03-31,2025-04-27,2025-04-13,1141,1141,0,,34.37,34.97,1
PO-002784,54,15,3,2025-04-07,2025-05-04,2025-05-03,697,697,0,,34.37,35.97,1
PO-002785,54,15,8,2025-04-21,2025-05-18,2025-05-15,920,920,0,,34.37,36.26,1
PO-002786,54,15,1,2025-04-28,2025-05-25,2025-05-13,832,832,0,,34.37,36.72,1
PO-002787,54,15,6,2025-05-05,2025-06-01,2025-05-27,996,996,0,,34.37,35.44,1
PO-002788,54,15,1,2025-06-02,2025-06-29,2025-06-22,1084,1084,0,,34.37,35.54,1
PO-002789,54,15,8,2025-06-09,2025-07-06,2025-06-28,855,855,0,,34.37,35.79,1
PO-002790,54,15,2,2025-06-16,2025-07-13,2025-07-13,848,848,0,,34.37,36.0,1
PO-002791,54,15,2,2025-06-23,2025-07-20,2025-07-14,884,884,0,,34.37,35.98,1
PO-002792,54,15,5,2025-06-30,2025-07-27,2025-07-25,555,555,0,,34.37,36.57,1
PO-002793,54,13,1,2024-07-22,2024-08-01,2024-07-31,3281,3281,0,,36.71,34.38,0
PO-002794,54,13,5,2024-09-02,2024-09-12,2024-09-12,4489,4489,301,Failed spec check,36.71,34.34,0
PO-002795,54,13,8,2024-09-30,2024-10-10,2024-10-09,4045,4045,0,,36.71,34.48,0
PO-002796,54,13,1,2024-10-21,2024-10-31,2024-10-29,2863,2863,0,,36.71,34.58,0
PO-002797,54,13,5,2025-02-03,2025-02-13,2025-02-12,4381,4381,0,,36.71,34.68,0
PO-002798,54,13,7,2025-03-10,2025-03-20,2025-03-19,3587,3587,0,,36.71,34.47,0
PO-002799,54,13,1,2025-04-07,2025-04-17,2025-04-15,4695,4695,0,,36.71,34.58,0
PO-002800,54,13,2,2025-05-05,2025-05-15,2025-05-15,4301,4301,0,,36.71,34.3,0
PO-002801,54,13,6,2025-06-02,2025-06-12,2025-06-12,3597,3597,0,,36.71,34.07,0
PO-002802,55,6,8,2024-08-19,2024-09-05,2024-09-03,158,158,0,,2.64,2.58,0
PO-002803,55,6,4,2024-09-23,2024-10-10,2024-10-08,159,159,0,,2.64,2.58,0
PO-002804,55,6,8,2024-10-07,2024-10-24,2024-10-24,179,179,0,,2.64,2.58,0
PO-002805,55,6,8,2024-10-14,2024-10-31,2024-10-27,209,209,0,,2.64,2.58,0
PO-002806,55,6,6,2024-12-02,2024-12-19,2024-12-17,157,157,0,,2.64,2.55,0
PO-002807,55,6,5,2024-12-16,2025-01-02,2025-01-02,169,169,0,,2.64,2.53,0
PO-002808,55,6,3,2024-12-30,2025-01-16,2025-01-26,178,178,0,,2.64,2.57,0
PO-002809,55,6,5,2025-01-06,2025-01-23,2025-01-21,168,168,0,,2.64,2.54,0
PO-002810,55,6,4,2025-02-03,2025-02-20,2025-02-16,169,169,0,,2.64,2.55,0
PO-002811,55,6,1,2025-02-17,2025-03-06,2025-03-17,105,105,0,,2.64,2.58,0
PO-002812,55,6,7,2025-03-10,2025-03-27,2025-03-27,155,155,0,,2.64,2.59,0
PO-002813,55,6,1,2025-04-14,2025-05-01,2025-05-13,103,103,0,,2.64,2.56,0
PO-002814,55,6,6,2025-04-21,2025-05-08,2025-05-16,164,164,0,,2.64,2.6,0
PO-002815,55,6,4,2025-04-28,2025-05-15,2025-05-13,100,100,0,,2.64,2.57,0
PO-002816,55,6,2,2025-05-19,2025-06-05,2025-06-02,160,160,0,,2.64,2.53,0
PO-002817,55,6,4,2025-06-02,2025-06-19,2025-06-15,162,162,0,,2.64,2.59,0
PO-002818,55,6,4,2025-06-09,2025-06-26,2025-06-20,260,260,0,,2.64,2.58,0
PO-002819,55,8,2,2024-07-08,2024-08-18,2024-08-03,1023,1023,0,,2.16,2.4,1
PO-002820,55,8,6,2024-07-15,2024-08-25,2024-08-08,629,629,0,,2.16,2.38,1
PO-002821,55,8,2,2024-07-22,2024-09-01,2024-08-22,810,810,0,,2.16,2.36,1
PO-002822,55,8,6,2024-07-29,2024-09-08,2024-08-20,634,634,0,,2.16,2.37,1
PO-002823,55,8,4,2024-08-05,2024-09-15,2024-09-04,715,715,0,,2.16,2.4,1
PO-002824,55,8,5,2024-08-19,2024-09-29,2024-09-10,557,557,0,,2.16,2.37,1
PO-002825,55,8,6,2024-09-02,2024-10-13,2024-10-04,965,965,0,,2.16,2.38,1
PO-002826,55,8,4,2024-09-09,2024-10-20,2024-10-17,501,501,0,,2.16,2.39,1
PO-002827,55,8,6,2024-10-07,2024-11-17,2024-11-17,583,583,0,,2.16,2.41,1
PO-002828,55,8,8,2024-10-21,2024-12-01,2024-11-29,763,682,0,,2.16,2.41,1
PO-002829,55,8,1,2024-10-28,2024-12-08,2024-11-21,799,743,0,,2.16,2.4,1
PO-002830,55,8,4,2024-11-11,2024-12-22,2025-01-19,597,597,0,,2.16,2.4,1
PO-002831,55,8,2,2024-11-18,2024-12-29,2024-12-07,710,710,0,,2.16,2.41,1
PO-002832,55,8,5,2024-11-25,2025-01-05,2025-01-03,854,854,0,,2.16,2.41,1
PO-002833,55,8,4,2024-12-02,2025-01-12,2024-12-06,849,849,0,,2.16,2.36,1
PO-002834,55,8,5,2024-12-16,2025-01-26,2025-01-26,711,711,0,,2.16,2.42,1
PO-002835,55,8,3,2025-01-06,2025-02-16,2025-01-30,569,569,0,,2.16,2.42,1
PO-002836,55,8,4,2025-01-13,2025-02-23,2025-02-20,712,712,0,,2.16,2.36,1
PO-002837,55,8,4,2025-02-03,2025-03-16,2025-03-15,791,791,0,,2.16,2.36,1
PO-002838,55,8,3,2025-02-24,2025-04-06,2025-03-13,864,864,0,,2.16,2.37,1
PO-002839,55,8,5,2025-03-03,2025-04-13,2025-04-12,774,774,0,,2.16,2.35,1
PO-002840,55,8,6,2025-03-10,2025-04-20,2025-04-17,551,551,0,,2.16,2.41,1
PO-002841,55,8,4,2025-03-17,2025-04-27,2025-04-03,812,812,0,,2.16,2.39,1
PO-002842,55,8,2,2025-03-31,2025-05-11,2025-04-30,589,589,0,,2.16,2.38,1
PO-002843,55,8,2,2025-04-07,2025-05-18,2025-05-20,962,962,0,,2.16,2.35,1
PO-002844,55,8,4,2025-04-21,2025-06-01,2025-05-18,715,715,0,,2.16,2.41,1
PO-002845,55,8,4,2025-04-28,2025-06-08,2025-06-06,712,712,0,,2.16,2.41,1
PO-002846,55,8,4,2025-05-05,2025-06-15,2025-05-23,500,500,0,,2.16,2.38,1
PO-002847,55,8,3,2025-05-12,2025-06-22,2025-06-20,634,634,0,,2.16,2.37,1
PO-002848,55,8,3,2025-05-26,2025-07-06,2025-06-30,768,768,0,,2.16,2.43,1
PO-002849,55,8,8,2025-06-30,2025-08-10,2025-08-24,858,858,152,Temperature excursion in transit,2.16,2.33,1
PO-002850,56,13,8,2024-11-11,2024-11-19,2024-11-18,198,198,0,,37.13,34.17,0
PO-002851,56,13,3,2024-12-30,2025-01-07,2025-01-07,220,220,0,,37.13,34.49,0
PO-002852,56,13,3,2025-04-07,2025-04-15,2025-04-14,222,222,0,,37.13,35.34,0
PO-002853,56,13,8,2025-05-12,2025-05-20,2025-05-20,131,131,0,,37.13,35.02,0
PO-002854,56,13,8,2025-06-16,2025-06-24,2025-06-23,247,247,0,,37.13,34.79,0
PO-002855,56,12,1,2024-07-08,2024-08-13,2024-08-10,3875,3639,0,,32.38,31.19,1
PO-002856,56,12,6,2024-07-15,2024-08-20,2024-08-13,3573,3573,0,,32.38,30.54,1
PO-002857,56,12,3,2024-07-22,2024-08-27,2024-08-23,3935,3935,0,,32.38,30.78,1
PO-002858,56,12,5,2024-07-29,2024-09-03,2024-09-09,4283,4283,0,,32.38,30.51,1
PO-002859,56,12,6,2024-08-05,2024-09-10,2024-09-10,4184,4184,0,,32.38,30.64,1
PO-002860,56,12,7,2024-08-12,2024-09-17,2024-09-13,3250,3250,0,,32.38,30.74,1
PO-002861,56,12,6,2024-08-19,2024-09-24,2024-09-18,5402,5103,0,,32.38,31.55,1
PO-002862,56,12,1,2024-08-26,2024-10-01,2024-09-29,4622,4622,0,,32.38,31.14,1
PO-002863,56,12,1,2024-09-02,2024-10-08,2024-10-07,5048,5048,0,,32.38,31.0,1
PO-002864,56,12,4,2024-09-09,2024-10-15,2024-10-05,2779,2779,84,Damaged packaging,32.38,30.56,1
PO-002865,56,12,4,2024-09-16,2024-10-22,2024-10-20,3863,3863,0,,32.38,30.7,1
PO-002866,56,12,1,2024-09-23,2024-10-29,2024-11-29,4491,4491,0,,32.38,30.2,1
PO-002867,56,12,8,2024-10-14,2024-11-19,2024-11-16,3374,3374,284,Temperature excursion in transit,32.38,30.39,1
PO-002868,56,12,6,2024-11-04,2024-12-10,2024-12-08,2500,2500,0,,32.38,30.1,1
PO-002869,56,12,6,2024-11-11,2024-12-17,2024-12-08,3963,3963,0,,32.38,30.33,1
PO-002870,56,12,4,2024-11-18,2024-12-24,2024-12-20,3691,3691,0,,32.38,30.55,1
PO-002871,56,12,1,2024-11-25,2024-12-31,2024-12-23,3848,3848,0,,32.38,31.24,1
PO-002872,56,12,3,2024-12-09,2025-01-14,2025-01-05,4083,4083,0,,32.38,30.55,1
PO-002873,56,12,3,2024-12-23,2025-01-28,2025-01-26,5945,5945,0,,32.38,30.78,1
PO-002874,56,12,8,2024-12-30,2025-02-04,2025-02-02,4495,4495,0,,32.38,30.89,1
PO-002875,56,12,7,2025-01-06,2025-02-11,2025-02-10,4136,4136,0,,32.38,30.92,1
PO-002876,56,12,5,2025-01-13,2025-02-18,2025-02-27,2837,2837,0,,32.38,31.01,1
PO-002877,56,12,6,2025-01-20,2025-02-25,2025-02-13,2798,2635,0,,32.38,30.46,1
PO-002878,56,12,7,2025-02-03,2025-03-11,2025-03-03,4708,4708,0,,32.38,30.67,1
PO-002879,56,12,7,2025-02-10,2025-03-18,2025-04-11,2500,2500,0,,32.38,30.41,1
PO-002880,56,12,1,2025-02-17,2025-03-25,2025-03-23,3736,3736,0,,32.38,30.59,1
PO-002881,56,12,3,2025-03-03,2025-04-08,2025-04-05,4603,4603,0,,32.38,30.62,1
PO-002882,56,12,1,2025-03-10,2025-04-15,2025-04-28,4703,4703,0,,32.38,31.07,1
PO-002883,56,12,2,2025-03-17,2025-04-22,2025-04-13,5366,5366,0,,32.38,30.9,1
PO-002884,56,12,4,2025-03-24,2025-04-29,2025-04-17,3342,3342,0,,32.38,30.59,1
PO-002885,56,12,6,2025-03-31,2025-05-06,2025-05-02,3345,3345,0,,32.38,31.21,1
PO-002886,56,12,6,2025-04-07,2025-05-13,2025-05-07,3547,3547,0,,32.38,30.89,1
PO-002887,56,12,6,2025-04-28,2025-06-03,2025-05-25,3978,3978,0,,32.38,30.81,1
PO-002888,56,12,1,2025-05-05,2025-06-10,2025-06-05,4385,4385,0,,32.38,30.69,1
PO-002889,56,12,6,2025-05-12,2025-06-17,2025-06-12,5178,5178,0,,32.38,30.74,1
PO-002890,56,12,3,2025-05-19,2025-06-24,2025-06-12,4927,4927,0,,32.38,30.55,1
PO-002891,56,12,4,2025-05-26,2025-07-01,2025-07-14,3659,3659,0,,32.38,30.63,1
PO-002892,56,12,2,2025-06-02,2025-07-08,2025-06-30,4441,4441,0,,32.38,30.37,1
PO-002893,56,12,3,2025-06-16,2025-07-22,2025-07-22,3875,3875,0,,32.38,30.61,1
PO-002894,56,12,6,2025-06-30,2025-08-05,2025-08-04,3876,3677,0,,32.38,31.14,1
PO-002895,57,4,2,2024-08-05,2024-09-07,2024-08-26,1998,1998,0,,10.47,10.24,0
PO-002896,57,4,7,2024-09-02,2024-10-05,2024-09-25,1950,1950,0,,10.47,10.38,0
PO-002897,57,4,6,2024-11-18,2024-12-21,2024-12-14,1154,1154,0,,10.47,10.13,0
PO-002898,57,4,8,2024-11-25,2024-12-28,2024-12-14,2271,2271,0,,10.47,10.37,0
PO-002899,57,4,4,2024-12-02,2025-01-04,2024-12-30,1486,1486,0,,10.47,10.34,0
PO-002900,57,4,1,2024-12-16,2025-01-18,2025-01-07,1728,1728,0,,10.47,10.51,0
PO-002901,57,4,7,2024-12-23,2025-01-25,2025-01-20,2966,2966,0,,10.47,10.49,0
PO-002902,57,4,8,2025-01-20,2025-02-22,2025-02-10,1712,1712,0,,10.47,10.44,0
PO-002903,57,4,8,2025-04-21,2025-05-24,2025-05-04,1419,1419,0,,10.47,10.49,0
PO-002904,57,14,5,2024-07-15,2024-07-31,2024-07-21,853,853,105,Temperature excursion in transit,11.61,11.91,0
PO-002905,57,14,2,2024-07-22,2024-08-07,2024-07-24,540,540,0,,11.61,11.95,0
PO-002906,57,14,5,2024-08-05,2024-08-21,2024-08-21,879,879,0,,11.61,12.13,0
PO-002907,57,14,5,2024-08-19,2024-09-04,2024-09-24,856,856,0,,11.61,12.13,0
PO-002908,57,14,3,2024-10-14,2024-10-30,2024-10-21,769,769,0,,11.61,12.05,0
PO-002909,57,14,4,2024-10-28,2024-11-13,2024-11-09,839,839,0,,11.61,11.93,0
PO-002910,57,14,3,2025-01-06,2025-01-22,2025-01-19,913,913,0,,11.61,12.17,0
PO-002911,57,14,4,2025-01-20,2025-02-05,2025-02-16,738,738,0,,11.61,11.94,0
PO-002912,57,14,1,2025-02-10,2025-02-26,2025-02-25,1024,1024,0,,11.61,12.03,0
PO-002913,57,14,4,2025-02-17,2025-03-05,2025-03-04,840,840,0,,11.61,11.98,0
PO-002914,57,14,8,2025-03-03,2025-03-19,2025-03-17,702,702,0,,11.61,12.04,0
PO-002915,57,14,2,2025-04-14,2025-04-30,2025-04-27,748,653,0,,11.61,12.03,0
PO-002916,57,14,6,2025-05-05,2025-05-21,2025-05-17,788,788,0,,11.61,11.88,0
PO-002917,57,14,4,2025-05-19,2025-06-04,2025-06-01,500,500,0,,11.61,12.07,0
PO-002918,57,14,5,2025-06-02,2025-06-18,2025-06-11,579,579,0,,11.61,12.08,0
PO-002919,57,14,8,2025-06-16,2025-07-02,2025-06-20,804,804,41,Temperature excursion in transit,11.61,12.12,0
PO-002920,57,2,7,2024-07-08,2024-08-06,2024-07-30,1996,1996,0,,11.45,11.62,1
PO-002921,57,2,3,2024-07-15,2024-08-13,2024-08-21,1259,1259,40,Temperature excursion in transit,11.45,11.79,1
PO-002922,57,2,7,2024-07-22,2024-08-20,2024-08-18,1777,1777,0,,11.45,11.56,1
PO-002923,57,2,7,2024-07-29,2024-08-27,2024-08-28,1598,1598,0,,11.45,11.76,1
PO-002924,57,2,2,2024-08-05,2024-09-03,2024-08-30,1579,1579,0,,11.45,11.75,1
PO-002925,57,2,3,2024-08-12,2024-09-10,2024-09-10,1072,1072,0,,11.45,11.54,1
PO-002926,57,2,3,2024-08-19,2024-09-17,2024-09-08,1859,1805,0,,11.45,11.6,1
PO-002927,57,2,3,2024-09-02,2024-10-01,2024-09-24,1714,1714,0,,11.45,11.59,1
PO-002928,57,2,2,2024-10-07,2024-11-05,2024-10-31,1523,1439,0,,11.45,11.77,1
PO-002929,57,2,1,2024-10-21,2024-11-19,2024-11-07,1575,1447,0,,11.45,11.8,1
PO-002930,57,2,5,2024-12-02,2024-12-31,2024-12-30,2008,2008,0,,11.45,11.76,1
PO-002931,57,2,1,2024-12-23,2025-01-21,2025-01-12,1509,1509,0,,11.45,11.78,1
PO-002932,57,2,8,2024-12-30,2025-01-28,2025-01-12,1417,1417,0,,11.45,11.57,1
PO-002933,57,2,2,2025-01-13,2025-02-11,2025-02-25,1208,1208,0,,11.45,11.75,1
PO-002934,57,2,5,2025-01-20,2025-02-18,2025-03-10,1931,1931,0,,11.45,11.81,1
PO-002935,57,2,1,2025-02-03,2025-03-04,2025-02-28,1898,1680,0,,11.45,11.71,1
PO-002936,57,2,5,2025-02-17,2025-03-18,2025-03-16,1952,1952,0,,11.45,11.63,1
PO-002937,57,2,5,2025-03-03,2025-04-01,2025-04-21,1348,1348,0,,11.45,11.8,1
PO-002938,57,2,1,2025-03-10,2025-04-08,2025-04-21,1079,940,0,,11.45,11.57,1
PO-002939,57,2,1,2025-03-17,2025-04-15,2025-04-26,1999,1999,0,,11.45,11.81,1
PO-002940,57,2,4,2025-03-31,2025-04-29,2025-04-27,1817,1817,0,,11.45,11.8,1
PO-002941,57,2,4,2025-04-07,2025-05-06,2025-05-05,1440,1440,0,,11.45,11.78,1
PO-002942,57,2,4,2025-05-12,2025-06-10,2025-06-04,1509,1509,0,,11.45,11.71,1
PO-002943,57,2,5,2025-06-09,2025-07-08,2025-06-30,1636,1636,115,Failed spec check,11.45,11.61,1
PO-002944,57,2,3,2025-06-30,2025-07-29,2025-07-31,1752,1752,0,,11.45,11.72,1
PO-002945,58,3,2,2024-08-05,2024-09-05,2024-09-01,1173,1173,0,,30.3,29.06,0
PO-002946,58,3,2,2024-08-12,2024-09-12,2024-09-06,1389,1389,0,,30.3,29.44,0
PO-002947,58,3,1,2024-08-19,2024-09-19,2024-09-11,2209,2209,0,,30.3,29.0,0
PO-002948,58,3,7,2024-10-07,2024-11-07,2024-10-29,1754,1754,0,,30.3,28.96,0
PO-002949,58,3,1,2024-10-14,2024-11-14,2024-11-13,1091,1091,83,Temperature excursion in transit,30.3,29.1,0
PO-002950,58,3,7,2024-10-21,2024-11-21,2024-11-19,1072,1072,0,,30.3,28.64,0
PO-002951,58,3,7,2024-10-28,2024-11-28,2024-11-26,2464,2464,0,,30.3,28.85,0
PO-002952,58,3,2,2024-11-04,2024-12-05,2024-11-22,1783,1783,186,Damaged packaging,30.3,28.83,0
PO-002953,58,3,1,2024-12-30,2025-01-30,2025-01-28,1169,1169,0,,30.3,28.72,0
PO-002954,58,3,1,2025-01-27,2025-02-27,2025-02-14,2263,2263,0,,30.3,28.94,0
PO-002955,58,3,7,2025-02-03,2025-03-06,2025-03-04,1423,1423,0,,30.3,29.28,0
PO-002956,58,3,4,2025-03-10,2025-04-10,2025-04-07,2320,2320,0,,30.3,28.8,0
PO-002957,58,3,2,2025-03-24,2025-04-24,2025-04-18,1595,1595,0,,30.3,28.32,0
PO-002958,58,3,5,2025-05-12,2025-06-12,2025-06-11,1779,1779,0,,30.3,29.18,0
PO-002959,58,3,4,2025-05-19,2025-06-19,2025-06-11,1681,1681,0,,30.3,28.76,0
PO-002960,58,3,3,2025-05-26,2025-06-26,2025-06-26,1601,1601,0,,30.3,29.11,0
PO-002961,58,13,5,2024-07-15,2024-07-25,2024-07-25,6959,6959,0,,32.45,30.68,1
PO-002962,58,13,3,2024-07-22,2024-08-01,2024-07-31,3342,3342,0,,32.45,30.59,1
PO-002963,58,13,5,2024-07-29,2024-08-08,2024-08-08,3128,3128,0,,32.45,30.64,1
PO-002964,58,13,3,2024-08-12,2024-08-22,2024-08-21,3069,3069,0,,32.45,30.37,1
PO-002965,58,13,4,2024-08-26,2024-09-05,2024-09-04,2500,2500,0,,32.45,30.54,1
PO-002966,58,13,8,2024-09-02,2024-09-12,2024-09-12,2500,2500,134,Temperature excursion in transit,32.45,30.99,1
PO-002967,58,13,5,2024-09-09,2024-09-19,2024-09-18,4224,4224,0,,32.45,30.9,1
PO-002968,58,13,2,2024-09-16,2024-09-26,2024-09-25,3433,3433,0,,32.45,30.63,1
PO-002969,58,13,2,2024-09-30,2024-10-10,2024-10-09,3758,3758,133,Damaged packaging,32.45,30.08,1
PO-002970,58,13,4,2024-10-14,2024-10-24,2024-10-24,3910,3910,0,,32.45,30.27,1
PO-002971,58,13,1,2024-10-21,2024-10-31,2024-10-29,3853,3853,453,Short shelf life on arrival,32.45,30.5,1
PO-002972,58,13,8,2024-10-28,2024-11-07,2024-11-06,3379,3379,0,,32.45,30.41,1
PO-002973,58,13,8,2024-11-04,2024-11-14,2024-11-14,5746,5746,0,,32.45,30.15,1
PO-002974,58,13,2,2024-11-18,2024-11-28,2024-11-27,4612,4612,0,,32.45,30.15,1
PO-002975,58,13,3,2024-12-02,2024-12-12,2024-12-11,3056,3056,0,,32.45,29.84,1
PO-002976,58,13,5,2024-12-09,2024-12-19,2024-12-18,3727,3727,0,,32.45,30.33,1
PO-002977,58,13,8,2024-12-16,2024-12-26,2024-12-25,5029,5029,0,,32.45,30.31,1
PO-002978,58,13,5,2024-12-23,2025-01-02,2025-01-02,5165,5165,546,Temperature excursion in transit,32.45,30.24,1
PO-002979,58,13,1,2024-12-30,2025-01-09,2025-01-14,3625,3625,0,,32.45,30.39,1
PO-002980,58,13,1,2025-01-06,2025-01-16,2025-01-16,2500,2500,0,,32.45,30.64,1
PO-002981,58,13,7,2025-01-27,2025-02-06,2025-02-06,3316,3316,0,,32.45,30.41,1
PO-002982,58,13,3,2025-02-10,2025-02-20,2025-02-19,2889,2889,0,,32.45,30.9,1
PO-002983,58,13,7,2025-02-17,2025-02-27,2025-02-27,2703,2703,281,Failed spec check,32.45,30.67,1
PO-002984,58,13,7,2025-03-03,2025-03-13,2025-03-12,3878,3878,287,Documentation incomplete,32.45,30.32,1
PO-002985,58,13,8,2025-03-10,2025-03-20,2025-03-20,3021,3021,0,,32.45,30.46,1
PO-002986,58,13,2,2025-03-31,2025-04-10,2025-04-10,4132,4132,331,Documentation incomplete,32.45,30.68,1
PO-002987,58,13,1,2025-04-28,2025-05-08,2025-05-07,4804,4804,0,,32.45,30.23,1
PO-002988,58,13,1,2025-05-05,2025-05-15,2025-05-15,4603,4603,0,,32.45,30.42,1
PO-002989,58,13,8,2025-05-12,2025-05-22,2025-05-22,3560,3560,0,,32.45,31.03,1
PO-002990,58,13,7,2025-05-26,2025-06-05,2025-06-04,3035,3035,333,Short shelf life on arrival,32.45,30.74,1
PO-002991,58,13,3,2025-06-02,2025-06-12,2025-06-12,4684,4684,0,,32.45,30.48,1
PO-002992,58,13,5,2025-06-09,2025-06-19,2025-06-19,3712,3712,0,,32.45,30.57,1
PO-002993,58,13,6,2025-06-16,2025-06-26,2025-06-25,2867,2867,0,,32.45,30.75,1
PO-002994,58,7,3,2025-01-27,2025-03-14,2025-03-12,109,109,0,,24.36,22.85,0
PO-002995,58,7,6,2025-05-12,2025-06-27,2025-06-20,165,165,0,,24.36,22.8,0
PO-002996,58,7,7,2025-05-26,2025-07-11,2025-06-29,174,174,0,,24.36,22.94,0
PO-002997,58,7,1,2025-06-16,2025-08-01,2025-07-25,164,164,0,,24.36,23.08,0
PO-002998,59,5,4,2024-07-08,2024-07-25,2024-07-20,3375,3375,0,,24.63,25.66,0
PO-002999,59,5,5,2024-07-22,2024-08-08,2024-08-03,3685,3685,0,,24.63,25.91,0
PO-003000,59,5,4,2024-07-29,2024-08-15,2024-08-12,3047,3047,140,Damaged packaging,24.63,25.5,0
PO-003001,59,5,6,2024-08-12,2024-08-29,2024-08-28,3458,3458,0,,24.63,25.46,0
PO-003002,59,5,2,2024-09-02,2024-09-19,2024-09-19,4678,4678,0,,24.63,25.45,0
PO-003003,59,5,6,2024-10-07,2024-10-24,2024-11-03,4173,4173,0,,24.63,25.81,0
PO-003004,59,5,5,2024-10-14,2024-10-31,2024-11-11,4781,4781,0,,24.63,25.96,0
PO-003005,59,5,4,2024-11-11,2024-11-28,2024-11-27,3874,3874,0,,24.63,25.93,0
PO-003006,59,5,6,2024-11-25,2024-12-12,2024-12-11,2500,2308,184,Damaged packaging,24.63,25.21,0
PO-003007,59,5,7,2024-12-09,2024-12-26,2024-12-24,5546,5546,0,,24.63,25.85,0
PO-003008,59,5,4,2024-12-16,2025-01-02,2024-12-28,2501,2501,0,,24.63,26.04,0
PO-003009,59,5,3,2025-01-06,2025-01-23,2025-01-24,2500,2500,0,,24.63,25.75,0
PO-003010,59,5,6,2025-01-13,2025-01-30,2025-02-25,4607,4607,0,,24.63,25.59,0
PO-003011,59,5,4,2025-01-20,2025-02-06,2025-02-06,3680,3680,0,,24.63,25.76,0
PO-003012,59,5,8,2025-01-27,2025-02-13,2025-02-13,3553,3325,0,,24.63,25.58,0
PO-003013,59,5,2,2025-02-10,2025-02-27,2025-03-06,2994,2994,0,,24.63,25.64,0
PO-003014,59,5,5,2025-03-31,2025-04-17,2025-04-17,5018,5018,0,,24.63,25.85,0
PO-003015,59,5,3,2025-04-07,2025-04-24,2025-04-23,4615,4615,0,,24.63,25.53,0
PO-003016,59,5,2,2025-04-14,2025-05-01,2025-04-27,3495,3495,0,,24.63,25.72,0
PO-003017,59,5,2,2025-04-21,2025-05-08,2025-05-04,3496,3496,0,,24.63,25.55,0
PO-003018,59,5,2,2025-04-28,2025-05-15,2025-05-13,3288,3288,0,,24.63,25.58,0
PO-003019,59,5,5,2025-05-19,2025-06-05,2025-06-03,4868,4868,0,,24.63,25.62,0
PO-003020,59,5,2,2025-06-02,2025-06-19,2025-06-18,2803,2803,0,,24.63,26.17,0
PO-003021,59,5,6,2025-06-30,2025-07-17,2025-07-17,4886,4452,0,,24.63,26.36,0
PO-003022,59,7,6,2024-07-08,2024-08-21,2024-08-15,392,392,0,,20.61,19.47,1
PO-003023,59,7,5,2024-07-15,2024-08-28,2024-08-23,430,430,0,,20.61,19.2,1
PO-003024,59,7,2,2024-07-22,2024-09-04,2024-08-27,385,385,0,,20.61,19.3,1
PO-003025,59,7,1,2024-08-12,2024-09-25,2024-09-22,502,502,20,Short shelf life on arrival,20.61,19.28,1
PO-003026,59,7,4,2024-08-26,2024-10-09,2024-10-07,412,412,0,,20.61,19.44,1
PO-003027,59,7,4,2024-09-02,2024-10-16,2024-10-06,387,387,0,,20.61,19.31,1
PO-003028,59,7,1,2024-09-09,2024-10-23,2024-10-28,272,272,0,,20.61,19.4,1
PO-003029,59,7,2,2024-09-16,2024-10-30,2024-10-04,512,512,0,,20.61,19.13,1
PO-003030,59,7,2,2024-09-30,2024-11-13,2024-11-12,405,405,0,,20.61,19.47,1
PO-003031,59,7,8,2024-10-07,2024-11-20,2024-11-06,269,269,0,,20.61,19.41,1
PO-003032,59,7,3,2024-10-21,2024-12-04,2024-11-15,272,272,0,,20.61,19.57,1
PO-003033,59,7,2,2024-10-28,2024-12-11,2024-12-06,509,509,0,,20.61,19.1,1
PO-003034,59,7,7,2024-11-04,2024-12-18,2024-11-22,281,281,0,,20.61,19.32,1
PO-003035,59,7,2,2024-11-18,2025-01-01,2024-12-21,408,408,0,,20.61,19.41,1
PO-003036,59,7,1,2024-11-25,2025-01-08,2025-01-04,336,336,0,,20.61,19.53,1
PO-003037,59,7,5,2024-12-02,2025-01-15,2025-01-04,311,311,0,,20.61,19.31,1
PO-003038,59,7,4,2024-12-09,2025-01-22,2025-01-21,300,300,0,,20.61,19.7,1
PO-003039,59,7,1,2024-12-16,2025-01-29,2025-01-26,367,367,0,,20.61,19.58,1
PO-003040,59,7,5,2024-12-30,2025-02-12,2025-02-10,345,345,0,,20.61,19.36,1
PO-003041,59,7,6,2025-01-06,2025-02-19,2025-02-10,480,480,0,,20.61,19.48,1
PO-003042,59,7,7,2025-01-20,2025-03-05,2025-02-22,482,482,0,,20.61,19.23,1
PO-003043,59,7,2,2025-01-27,2025-03-12,2025-03-10,357,357,0,,20.61,19.28,1
PO-003044,59,7,3,2025-02-03,2025-03-19,2025-03-08,567,567,0,,20.61,19.18,1
PO-003045,59,7,1,2025-02-10,2025-03-26,2025-03-18,365,365,0,,20.61,19.51,1
PO-003046,59,7,3,2025-03-03,2025-04-16,2025-04-26,463,463,0,,20.61,19.73,1
PO-003047,59,7,8,2025-03-10,2025-04-23,2025-04-15,355,355,0,,20.61,18.88,1
PO-003048,59,7,7,2025-03-17,2025-04-30,2025-04-17,343,343,0,,20.61,19.54,1
PO-003049,59,7,1,2025-03-24,2025-05-07,2025-05-04,327,327,0,,20.61,19.58,1
PO-003050,59,7,2,2025-03-31,2025-05-14,2025-05-08,561,561,0,,20.61,19.46,1
PO-003051,59,7,4,2025-04-07,2025-05-21,2025-05-07,457,457,0,,20.61,19.48,1
PO-003052,59,7,2,2025-04-14,2025-05-28,2025-05-26,482,482,0,,20.61,19.59,1
PO-003053,59,7,4,2025-04-28,2025-06-11,2025-05-21,315,315,0,,20.61,19.04,1
PO-003054,59,7,5,2025-05-05,2025-06-18,2025-06-10,367,367,0,,20.61,19.32,1
PO-003055,59,7,2,2025-05-12,2025-06-25,2025-06-18,459,459,0,,20.61,19.7,1
PO-003056,59,7,1,2025-05-19,2025-07-02,2025-06-27,412,412,0,,20.61,19.31,1
PO-003057,59,7,6,2025-05-26,2025-07-09,2025-06-28,468,468,0,,20.61,19.49,1
PO-003058,59,7,8,2025-06-09,2025-07-23,2025-07-04,274,274,0,,20.61,19.3,1
PO-003059,59,7,3,2025-06-23,2025-08-06,2025-08-03,357,357,0,,20.61,19.35,1
PO-003060,59,7,2,2025-06-30,2025-08-13,2025-07-30,422,422,0,,20.61,19.5,1
PO-003061,60,6,8,2024-07-15,2024-08-02,2024-07-31,273,273,0,,12.5,12.16,1
PO-003062,60,6,6,2024-07-29,2024-08-16,2024-08-14,325,325,0,,12.5,12.09,1
PO-003063,60,6,1,2024-08-05,2024-08-23,2024-09-04,458,458,36,Temperature excursion in transit,12.5,12.1,1
PO-003064,60,6,3,2024-08-19,2024-09-06,2024-09-03,438,438,0,,12.5,12.42,1
PO-003065,60,6,5,2024-09-09,2024-09-27,2024-09-26,377,377,0,,12.5,11.94,1
PO-003066,60,6,1,2024-09-16,2024-10-04,2024-10-03,516,516,0,,12.5,12.2,1
PO-003067,60,6,1,2024-09-23,2024-10-11,2024-10-11,481,481,0,,12.5,12.32,1
PO-003068,60,6,2,2024-09-30,2024-10-18,2024-10-29,550,550,0,,12.5,12.2,1
PO-003069,60,6,2,2024-10-07,2024-10-25,2024-10-25,250,250,9,Damaged packaging,12.5,12.07,1
PO-003070,60,6,1,2024-10-14,2024-11-01,2024-10-31,556,556,23,Documentation incomplete,12.5,12.32,1
PO-003071,60,6,2,2024-10-21,2024-11-08,2024-11-06,467,467,0,,12.5,12.31,1
PO-003072,60,6,8,2024-10-28,2024-11-15,2024-11-11,310,310,0,,12.5,12.26,1
PO-003073,60,6,8,2024-11-11,2024-11-29,2024-12-06,408,408,40,Temperature excursion in transit,12.5,11.96,1
PO-003074,60,6,4,2024-11-25,2024-12-13,2024-12-04,295,295,0,,12.5,12.19,1
PO-003075,60,6,4,2024-12-02,2024-12-20,2024-12-20,442,442,0,,12.5,12.26,1
PO-003076,60,6,8,2024-12-16,2025-01-03,2024-12-29,342,342,0,,12.5,12.28,1
PO-003077,60,6,5,2024-12-23,2025-01-10,2025-01-08,395,395,0,,12.5,12.13,1
PO-003078,60,6,7,2024-12-30,2025-01-17,2025-01-16,448,448,45,Temperature excursion in transit,12.5,12.1,1
PO-003079,60,6,7,2025-01-06,2025-01-24,2025-01-25,471,471,0,,12.5,12.28,1
PO-003080,60,6,1,2025-01-13,2025-01-31,2025-01-28,407,407,0,,12.5,12.22,1
PO-003081,60,6,8,2025-01-20,2025-02-07,2025-02-06,262,262,0,,12.5,12.1,1
PO-003082,60,6,5,2025-02-10,2025-02-28,2025-02-27,377,377,19,Documentation incomplete,12.5,12.08,1
PO-003083,60,6,7,2025-02-17,2025-03-07,2025-03-07,539,539,0,,12.5,12.04,1
PO-003084,60,6,2,2025-02-24,2025-03-14,2025-03-13,296,296,0,,12.5,12.51,1
PO-003085,60,6,6,2025-03-03,2025-03-21,2025-03-21,317,317,0,,12.5,12.14,1
PO-003086,60,6,5,2025-03-17,2025-04-04,2025-04-04,431,431,0,,12.5,12.09,1
PO-003087,60,6,7,2025-03-24,2025-04-11,2025-04-07,457,457,0,,12.5,12.38,1
PO-003088,60,6,1,2025-04-07,2025-04-25,2025-04-17,385,385,31,Short shelf life on arrival,12.5,12.02,1
PO-003089,60,6,1,2025-04-21,2025-05-09,2025-05-07,612,612,0,,12.5,12.13,1
PO-003090,60,6,3,2025-04-28,2025-05-16,2025-05-15,430,430,0,,12.5,12.13,1
PO-003091,60,6,7,2025-05-19,2025-06-06,2025-06-21,276,276,0,,12.5,12.17,1
PO-003092,60,6,6,2025-06-02,2025-06-20,2025-06-16,473,473,19,Temperature excursion in transit,12.5,12.22,1
PO-003093,60,6,1,2025-06-09,2025-06-27,2025-06-21,438,438,0,,12.5,12.4,1
PO-003094,60,6,7,2025-06-23,2025-07-11,2025-07-07,250,250,0,,12.5,12.2,1
PO-003095,60,7,7,2024-07-22,2024-09-04,2024-09-04,1711,1711,0,,9.67,9.05,0
PO-003096,60,7,7,2024-09-02,2024-10-16,2024-10-05,1493,1493,0,,9.67,9.11,0
PO-003097,60,7,7,2024-09-30,2024-11-13,2024-11-09,1727,1727,0,,9.67,8.99,0
PO-003098,60,7,2,2024-10-21,2024-12-04,2024-12-03,1769,1769,0,,9.67,9.16,0
PO-003099,60,7,5,2024-12-02,2025-01-15,2025-01-09,1467,1467,110,Damaged packaging,9.67,9.29,0
PO-003100,60,7,6,2024-12-16,2025-01-29,2025-01-03,1000,1000,0,,9.67,9.05,0
PO-003101,60,7,6,2024-12-23,2025-02-05,2025-01-31,1359,1359,0,,9.67,9.23,0
PO-003102,60,7,4,2025-01-20,2025-03-05,2025-03-03,1300,1300,0,,9.67,9.18,0
PO-003103,60,7,6,2025-02-03,2025-03-19,2025-03-23,1257,1257,0,,9.67,8.96,0
PO-003104,60,7,5,2025-02-10,2025-03-26,2025-04-13,1000,1000,33,Failed spec check,9.67,8.95,0
PO-003105,60,7,2,2025-02-24,2025-04-09,2025-03-29,1078,1078,0,,9.67,9.02,0
PO-003106,60,7,8,2025-05-19,2025-07-02,2025-07-03,1817,1817,0,,9.67,9.03,0
