week_start,product_id,warehouse_id,on_hand_units,on_order_units,allocated_units,avg_daily_demand,demand_sigma,lead_days,safety_stock_target,reorder_point
2025-04-07,1,1,1685,480,49,22.102,54.642,42,636,1564
2025-04-14,1,1,1351,844,29,22.102,54.642,42,636,1564
2025-04-21,1,1,1493,517,56,22.102,54.642,42,636,1564
2025-04-28,1,1,1372,575,66,22.102,54.642,42,636,1564
2025-05-05,1,1,1732,424,47,22.102,54.642,42,636,1564
2025-05-12,1,1,1198,680,58,22.102,54.642,42,636,1564
2025-05-19,1,1,1164,781,81,22.102,54.642,42,636,1564
2025-05-26,1,1,1362,637,38,22.102,54.642,42,636,1564
2025-06-02,1,1,1134,870,85,22.102,54.642,42,636,1564
2025-06-09,1,1,1475,396,57,22.102,54.642,42,636,1564
2025-06-16,1,1,1539,309,80,22.102,54.642,42,636,1564
2025-06-23,1,1,1332,646,77,22.102,54.642,42,636,1564
2025-06-30,1,1,1580,358,77,22.102,54.642,42,636,1564
2025-04-07,1,2,1738,717,41,19.436,77.532,42,856,1673
2025-04-14,1,2,1705,788,21,19.436,77.532,42,856,1673
2025-04-21,1,2,1784,391,22,19.436,77.532,42,856,1673
2025-04-28,1,2,1580,840,58,19.436,77.532,42,856,1673
2025-05-05,1,2,1776,600,67,19.436,77.532,42,856,1673
2025-05-12,1,2,1583,535,27,19.436,77.532,42,856,1673
2025-05-19,1,2,1286,794,34,19.436,77.532,42,856,1673
2025-05-26,1,2,1241,886,32,19.436,77.532,42,856,1673
2025-06-02,1,2,1721,513,75,19.436,77.532,42,856,1673
2025-06-09,1,2,1346,510,36,19.436,77.532,42,856,1673
2025-06-16,1,2,1338,891,26,19.436,77.532,42,856,1673
2025-06-23,1,2,1515,268,58,19.436,77.532,42,856,1673
2025-06-30,1,2,1742,406,21,19.436,77.532,42,856,1673
2025-04-07,1,3,1233,502,36,15.557,56.3,42,626,1280
2025-04-14,1,3,867,665,46,15.557,56.3,42,626,1280
2025-04-21,1,3,1146,487,50,15.557,56.3,42,626,1280
2025-04-28,1,3,1105,605,16,15.557,56.3,42,626,1280
2025-05-05,1,3,1073,378,26,15.557,56.3,42,626,1280
2025-05-12,1,3,1135,205,25,15.557,56.3,42,626,1280
2025-05-19,1,3,1007,686,22,15.557,56.3,42,626,1280
2025-05-26,1,3,959,482,28,15.557,56.3,42,626,1280
2025-06-02,1,3,779,605,55,15.557,56.3,42,626,1280
2025-06-09,1,3,1210,438,33,15.557,56.3,42,626,1280
2025-06-16,1,3,1299,311,50,15.557,56.3,42,626,1280
2025-06-23,1,3,1198,503,39,15.557,56.3,42,626,1280
2025-06-30,1,3,1233,327,59,15.557,56.3,42,626,1280
2025-04-07,1,4,1726,454,56,29.297,57.066,42,696,1926
2025-04-14,1,4,1399,554,71,29.297,57.066,42,696,1926
2025-04-21,1,4,1510,419,72,29.297,57.066,42,696,1926
2025-04-28,1,4,1066,821,62,29.297,57.066,42,696,1926
2025-05-05,1,4,1379,391,69,29.297,57.066,42,696,1926
2025-05-12,1,4,1182,590,85,29.297,57.066,42,696,1926
2025-05-19,1,4,1281,480,115,29.297,57.066,42,696,1926
2025-05-26,1,4,1127,775,35,29.297,57.066,42,696,1926
2025-06-02,1,4,1074,230,30,29.297,57.066,42,696,1926
2025-06-09,1,4,1185,772,36,29.297,57.066,42,696,1926
2025-06-16,1,4,1015,451,81,29.297,57.066,42,696,1926
2025-06-23,1,4,1578,291,117,29.297,57.066,42,696,1926
2025-06-30,1,4,1262,968,30,29.297,57.066,42,696,1926
2025-04-07,1,5,1891,556,110,29.923,71.16,42,833,2090
2025-04-14,1,5,1380,637,53,29.923,71.16,42,833,2090
2025-04-21,1,5,1484,299,119,29.923,71.16,42,833,2090
2025-04-28,1,5,1600,672,75,29.923,71.16,42,833,2090
2025-05-05,1,5,1587,908,87,29.923,71.16,42,833,2090
2025-05-12,1,5,1304,652,116,29.923,71.16,42,833,2090
2025-05-19,1,5,1544,636,31,29.923,71.16,42,833,2090
2025-05-26,1,5,1105,826,71,29.923,71.16,42,833,2090
2025-06-02,1,5,1190,868,95,29.923,71.16,42,833,2090
2025-06-09,1,5,1086,800,82,29.923,71.16,42,833,2090
2025-06-16,1,5,1180,553,77,29.923,71.16,42,833,2090
2025-06-23,1,5,1261,683,98,29.923,71.16,42,833,2090
2025-06-30,1,5,1784,352,84,29.923,71.16,42,833,2090
2025-04-07,1,6,755,580,20,11.597,67.721,42,734,1221
2025-04-14,1,6,703,480,29,11.597,67.721,42,734,1221
2025-04-21,1,6,894,210,20,11.597,67.721,42,734,1221
2025-04-28,1,6,794,309,32,11.597,67.721,42,734,1221
2025-05-05,1,6,821,321,32,11.597,67.721,42,734,1221
2025-05-12,1,6,865,215,37,11.597,67.721,42,734,1221
2025-05-19,1,6,841,329,23,11.597,67.721,42,734,1221
2025-05-26,1,6,749,295,40,11.597,67.721,42,734,1221
2025-06-02,1,6,1012,230,27,11.597,67.721,42,734,1221
2025-06-09,1,6,811,356,43,11.597,67.721,42,734,1221
2025-06-16,1,6,827,455,31,11.597,67.721,42,734,1221
2025-06-23,1,6,1019,273,46,11.597,67.721,42,734,1221
2025-06-30,1,6,645,453,41,11.597,67.721,42,734,1221
2025-04-07,1,7,942,591,38,23.469,68.968,42,783,1769
2025-04-14,1,7,965,456,81,23.469,68.968,42,783,1769
2025-04-21,1,7,1304,305,82,23.469,68.968,42,783,1769
2025-04-28,1,7,1171,281,76,23.469,68.968,42,783,1769
2025-05-05,1,7,1237,337,77,23.469,68.968,42,783,1769
2025-05-12,1,7,892,481,25,23.469,68.968,42,783,1769
2025-05-19,1,7,729,391,88,23.469,68.968,42,783,1769
2025-05-26,1,7,842,502,30,23.469,68.968,42,783,1769
2025-06-02,1,7,1288,228,77,23.469,68.968,42,783,1769
2025-06-09,1,7,1050,476,67,23.469,68.968,42,783,1769
2025-06-16,1,7,1089,201,34,23.469,68.968,42,783,1769
2025-06-23,1,7,1077,268,32,23.469,68.968,42,783,1769
2025-06-30,1,7,954,403,24,23.469,68.968,42,783,1769
2025-04-07,1,8,1012,668,58,29.53,63.811,42,761,2001
2025-04-14,1,8,1659,488,59,29.53,63.811,42,761,2001
2025-04-21,1,8,1619,576,30,29.53,63.811,42,761,2001
2025-04-28,1,8,1127,845,99,29.53,63.811,42,761,2001
2025-05-05,1,8,1652,433,64,29.53,63.811,42,761,2001
2025-05-12,1,8,1249,656,68,29.53,63.811,42,761,2001
2025-05-19,1,8,1379,475,43,29.53,63.811,42,761,2001
2025-05-26,1,8,1048,780,74,29.53,63.811,42,761,2001
2025-06-02,1,8,1401,251,114,29.53,63.811,42,761,2001
2025-06-09,1,8,1263,421,42,29.53,63.811,42,761,2001
2025-06-16,1,8,1351,316,61,29.53,63.811,42,761,2001
2025-06-23,1,8,967,610,105,29.53,63.811,42,761,2001
2025-06-30,1,8,1512,429,108,29.53,63.811,42,761,2001
2025-04-07,2,1,390,100,20,9.717,51.924,48,605,1072
2025-04-14,2,1,342,108,31,9.717,51.924,48,605,1072
2025-04-21,2,1,352,73,13,9.717,51.924,48,605,1072
2025-04-28,2,1,318,167,29,9.717,51.924,48,605,1072
2025-05-05,2,1,335,113,34,9.717,51.924,48,605,1072
2025-05-12,2,1,377,91,13,9.717,51.924,48,605,1072
2025-05-19,2,1,271,177,36,9.717,51.924,48,605,1072
2025-05-26,2,1,401,104,37,9.717,51.924,48,605,1072
2025-06-02,2,1,279,131,24,9.717,51.924,48,605,1072
2025-06-09,2,1,299,120,13,9.717,51.924,48,605,1072
2025-06-16,2,1,345,88,30,9.717,51.924,48,605,1072
2025-06-23,2,1,329,146,36,9.717,51.924,48,605,1072
2025-06-30,2,1,227,150,14,9.717,51.924,48,605,1072
2025-04-07,2,2,1128,602,49,22.68,55.541,48,700,1788
2025-04-14,2,2,1144,464,40,22.68,55.541,48,700,1788
2025-04-21,2,2,1337,498,31,22.68,55.541,48,700,1788
2025-04-28,2,2,1377,294,32,22.68,55.541,48,700,1788
2025-05-05,2,2,1270,406,34,22.68,55.541,48,700,1788
2025-05-12,2,2,1585,301,71,22.68,55.541,48,700,1788
2025-05-19,2,2,1143,590,66,22.68,55.541,48,700,1788
2025-05-26,2,2,1223,241,67,22.68,55.541,48,700,1788
2025-06-02,2,2,1372,388,90,22.68,55.541,48,700,1788
2025-06-09,2,2,1169,322,50,22.68,55.541,48,700,1788
2025-06-16,2,2,1215,303,87,22.68,55.541,48,700,1788
2025-06-23,2,2,1031,301,23,22.68,55.541,48,700,1788
2025-06-30,2,2,1027,411,79,22.68,55.541,48,700,1788
2025-04-07,2,3,492,328,94,24.345,71.453,48,875,2044
2025-04-14,2,3,596,262,34,24.345,71.453,48,875,2044
2025-04-21,2,3,664,294,47,24.345,71.453,48,875,2044
2025-04-28,2,3,481,339,58,24.345,71.453,48,875,2044
2025-05-05,2,3,478,369,70,24.345,71.453,48,875,2044
2025-05-12,2,3,629,135,35,24.345,71.453,48,875,2044
2025-05-19,2,3,639,249,58,24.345,71.453,48,875,2044
2025-05-26,2,3,584,242,51,24.345,71.453,48,875,2044
2025-06-02,2,3,503,323,87,24.345,71.453,48,875,2044
2025-06-09,2,3,526,314,90,24.345,71.453,48,875,2044
2025-06-16,2,3,652,128,56,24.345,71.453,48,875,2044
2025-06-23,2,3,670,163,65,24.345,71.453,48,875,2044
2025-06-30,2,3,426,329,71,24.345,71.453,48,875,2044
2025-04-07,2,4,1034,713,81,24.992,56.118,48,719,1919
2025-04-14,2,4,1370,781,28,24.992,56.118,48,719,1919
2025-04-21,2,4,1221,680,70,24.992,56.118,48,719,1919
2025-04-28,2,4,1495,566,33,24.992,56.118,48,719,1919
2025-05-05,2,4,1193,666,62,24.992,56.118,48,719,1919
2025-05-12,2,4,1834,424,25,24.992,56.118,48,719,1919
2025-05-19,2,4,1020,627,73,24.992,56.118,48,719,1919
2025-05-26,2,4,1026,725,68,24.992,56.118,48,719,1919
2025-06-02,2,4,1280,506,77,24.992,56.118,48,719,1919
2025-06-09,2,4,1029,817,85,24.992,56.118,48,719,1919
2025-06-16,2,4,1421,356,52,24.992,56.118,48,719,1919
2025-06-23,2,4,1348,436,53,24.992,56.118,48,719,1919
2025-06-30,2,4,1233,369,79,24.992,56.118,48,719,1919
2025-04-07,2,5,1589,986,81,24.836,57.126,48,728,1921
2025-04-14,2,5,2096,552,94,24.836,57.126,48,728,1921
2025-04-21,2,5,1810,1023,80,24.836,57.126,48,728,1921
2025-04-28,2,5,2072,450,44,24.836,57.126,48,728,1921
2025-05-05,2,5,1596,716,66,24.836,57.126,48,728,1921
2025-05-12,2,5,1653,821,32,24.836,57.126,48,728,1921
2025-05-19,2,5,1824,603,49,24.836,57.126,48,728,1921
2025-05-26,2,5,1608,696,59,24.836,57.126,48,728,1921
2025-06-02,2,5,1882,472,46,24.836,57.126,48,728,1921
2025-06-09,2,5,2615,511,58,24.836,57.126,48,728,1921
2025-06-16,2,5,1360,754,94,24.836,57.126,48,728,1921
2025-06-23,2,5,1398,643,32,24.836,57.126,48,728,1921
2025-06-30,2,5,1422,536,50,24.836,57.126,48,728,1921
2025-04-07,2,6,2876,995,48,22.311,69.049,48,840,1911
2025-04-14,2,6,2523,670,66,22.311,69.049,48,840,1911
2025-04-21,2,6,2939,982,74,22.311,69.049,48,840,1911
2025-04-28,2,6,2860,568,71,22.311,69.049,48,840,1911
2025-05-05,2,6,2358,1123,85,22.311,69.049,48,840,1911
2025-05-12,2,6,2301,1320,63,22.311,69.049,48,840,1911
2025-05-19,2,6,1860,1167,33,22.311,69.049,48,840,1911
2025-05-26,2,6,2992,642,29,22.311,69.049,48,840,1911
2025-06-02,2,6,1943,1365,36,22.311,69.049,48,840,1911
2025-06-09,2,6,2793,506,73,22.311,69.049,48,840,1911
2025-06-16,2,6,2786,616,27,22.311,69.049,48,840,1911
2025-06-23,2,6,1951,1130,89,22.311,69.049,48,840,1911
2025-06-30,2,6,1839,739,67,22.311,69.049,48,840,1911
2025-04-07,2,7,2015,1530,81,34.985,79.781,48,1019,2698
2025-04-14,2,7,2216,1419,133,34.985,79.781,48,1019,2698
2025-04-21,2,7,2575,1078,116,34.985,79.781,48,1019,2698
2025-04-28,2,7,2061,1191,91,34.985,79.781,48,1019,2698
2025-05-05,2,7,2304,895,102,34.985,79.781,48,1019,2698
2025-05-12,2,7,2356,1017,135,34.985,79.781,48,1019,2698
2025-05-19,2,7,1682,1298,40,34.985,79.781,48,1019,2698
2025-05-26,2,7,2475,698,45,34.985,79.781,48,1019,2698
2025-06-02,2,7,2417,660,77,34.985,79.781,48,1019,2698
2025-06-09,2,7,1911,1461,48,34.985,79.781,48,1019,2698
2025-06-16,2,7,1799,783,138,34.985,79.781,48,1019,2698
2025-06-23,2,7,1913,1069,100,34.985,79.781,48,1019,2698
2025-06-30,2,7,1681,1076,73,34.985,79.781,48,1019,2698
2025-04-07,2,8,2170,1011,22,21.171,91.101,48,1075,2091
2025-04-14,2,8,2166,440,49,21.171,91.101,48,1075,2091
2025-04-21,2,8,2270,431,30,21.171,91.101,48,1075,2091
2025-04-28,2,8,2513,470,71,21.171,91.101,48,1075,2091
2025-05-05,2,8,2132,680,76,21.171,91.101,48,1075,2091
2025-05-12,2,8,1648,732,60,21.171,91.101,48,1075,2091
2025-05-19,2,8,1540,1141,84,21.171,91.101,48,1075,2091
2025-05-26,2,8,1947,750,25,21.171,91.101,48,1075,2091
2025-06-02,2,8,1933,520,80,21.171,91.101,48,1075,2091
2025-06-09,2,8,2181,669,59,21.171,91.101,48,1075,2091
2025-06-16,2,8,1717,721,24,21.171,91.101,48,1075,2091
2025-06-23,2,8,1327,1073,24,21.171,91.101,48,1075,2091
2025-06-30,2,8,1382,1127,24,21.171,91.101,48,1075,2091
2025-04-07,3,1,928,411,31,28.948,66.633,30,630,1498
2025-04-14,3,1,919,482,69,28.948,66.633,30,630,1498
2025-04-21,3,1,1276,333,115,28.948,66.633,30,630,1498
2025-04-28,3,1,977,758,73,28.948,66.633,30,630,1498
2025-05-05,3,1,1217,422,109,28.948,66.633,30,630,1498
2025-05-12,3,1,1010,459,52,28.948,66.633,30,630,1498
2025-05-19,3,1,1159,355,39,28.948,66.633,30,630,1498
2025-05-26,3,1,992,311,98,28.948,66.633,30,630,1498
2025-06-02,3,1,1325,298,33,28.948,66.633,30,630,1498
2025-06-09,3,1,1209,378,89,28.948,66.633,30,630,1498
2025-06-16,3,1,1171,678,48,28.948,66.633,30,630,1498
2025-06-23,3,1,1174,521,50,28.948,66.633,30,630,1498
2025-06-30,3,1,1301,388,110,28.948,66.633,30,630,1498
2025-04-07,3,2,1140,605,59,40.749,73.803,30,717,1939
2025-04-14,3,2,1025,459,124,40.749,73.803,30,717,1939
2025-04-21,3,2,844,553,97,40.749,73.803,30,717,1939
2025-04-28,3,2,1288,370,121,40.749,73.803,30,717,1939
2025-05-05,3,2,980,658,161,40.749,73.803,30,717,1939
2025-05-12,3,2,853,682,101,40.749,73.803,30,717,1939
2025-05-19,3,2,1350,371,93,40.749,73.803,30,717,1939
2025-05-26,3,2,1078,720,48,40.749,73.803,30,717,1939
2025-06-02,3,2,1147,528,101,40.749,73.803,30,717,1939
2025-06-09,3,2,1126,697,127,40.749,73.803,30,717,1939
2025-06-16,3,2,1009,475,143,40.749,73.803,30,717,1939
2025-06-23,3,2,1211,477,78,40.749,73.803,30,717,1939
2025-06-30,3,2,1012,790,51,40.749,73.803,30,717,1939
2025-04-07,3,3,942,292,67,21.067,70.208,30,648,1280
2025-04-14,3,3,791,219,51,21.067,70.208,30,648,1280
2025-04-21,3,3,930,376,79,21.067,70.208,30,648,1280
2025-04-28,3,3,980,189,66,21.067,70.208,30,648,1280
2025-05-05,3,3,1086,305,67,21.067,70.208,30,648,1280
2025-05-12,3,3,884,447,53,21.067,70.208,30,648,1280
2025-05-19,3,3,983,484,27,21.067,70.208,30,648,1280
2025-05-26,3,3,894,632,62,21.067,70.208,30,648,1280
2025-06-02,3,3,1037,460,66,21.067,70.208,30,648,1280
2025-06-09,3,3,997,475,73,21.067,70.208,30,648,1280
2025-06-16,3,3,1065,268,81,21.067,70.208,30,648,1280
2025-06-23,3,3,1172,272,53,21.067,70.208,30,648,1280
2025-06-30,3,3,910,359,73,21.067,70.208,30,648,1280
2025-04-07,3,4,895,216,53,15.648,78.909,30,718,1188
2025-04-14,3,4,828,322,28,15.648,78.909,30,718,1188
2025-04-21,3,4,869,275,45,15.648,78.909,30,718,1188
2025-04-28,3,4,862,456,38,15.648,78.909,30,718,1188
2025-05-05,3,4,837,371,55,15.648,78.909,30,718,1188
2025-05-12,3,4,778,530,27,15.648,78.909,30,718,1188
2025-05-19,3,4,601,438,41,15.648,78.909,30,718,1188
2025-05-26,3,4,902,502,43,15.648,78.909,30,718,1188
2025-06-02,3,4,906,363,59,15.648,78.909,30,718,1188
2025-06-09,3,4,812,481,22,15.648,78.909,30,718,1188
2025-06-16,3,4,757,478,40,15.648,78.909,30,718,1188
2025-06-23,3,4,842,499,32,15.648,78.909,30,718,1188
2025-06-30,3,4,1213,302,47,15.648,78.909,30,718,1188
2025-04-07,3,5,1349,598,127,36.147,82.4,30,780,1864
2025-04-14,3,5,1064,585,71,36.147,82.4,30,780,1864
2025-04-21,3,5,1572,285,48,36.147,82.4,30,780,1864
2025-04-28,3,5,1169,762,60,36.147,82.4,30,780,1864
2025-05-05,3,5,1059,795,50,36.147,82.4,30,780,1864
2025-05-12,3,5,1434,597,120,36.147,82.4,30,780,1864
2025-05-19,3,5,1141,827,88,36.147,82.4,30,780,1864
2025-05-26,3,5,1298,784,136,36.147,82.4,30,780,1864
2025-06-02,3,5,1417,581,126,36.147,82.4,30,780,1864
2025-06-09,3,5,1206,820,39,36.147,82.4,30,780,1864
2025-06-16,3,5,1009,669,85,36.147,82.4,30,780,1864
2025-06-23,3,5,1026,677,75,36.147,82.4,30,780,1864
2025-06-30,3,5,1282,561,56,36.147,82.4,30,780,1864
2025-04-07,3,6,379,236,37,23.318,67.132,30,624,1324
2025-04-14,3,6,325,223,55,23.318,67.132,30,624,1324
2025-04-21,3,6,493,173,82,23.318,67.132,30,624,1324
2025-04-28,3,6,444,90,39,23.318,67.132,30,624,1324
2025-05-05,3,6,509,95,88,23.318,67.132,30,624,1324
2025-05-12,3,6,347,260,28,23.318,67.132,30,624,1324
2025-05-19,3,6,336,197,28,23.318,67.132,30,624,1324
2025-05-26,3,6,345,280,69,23.318,67.132,30,624,1324
2025-06-02,3,6,466,161,27,23.318,67.132,30,624,1324
2025-06-09,3,6,516,159,72,23.318,67.132,30,624,1324
2025-06-16,3,6,393,198,75,23.318,67.132,30,624,1324
2025-06-23,3,6,533,117,35,23.318,67.132,30,624,1324
2025-06-30,3,6,430,349,75,23.318,67.132,30,624,1324
2025-04-07,3,7,2833,761,42,25.976,86.106,30,794,1574
2025-04-14,3,7,2062,968,72,25.976,86.106,30,794,1574
2025-04-21,3,7,2850,645,30,25.976,86.106,30,794,1574
2025-04-28,3,7,2281,1423,46,25.976,86.106,30,794,1574
2025-05-05,3,7,2136,731,99,25.976,86.106,30,794,1574
2025-05-12,3,7,2415,553,71,25.976,86.106,30,794,1574
2025-05-19,3,7,1850,730,91,25.976,86.106,30,794,1574
2025-05-26,3,7,2041,1317,55,25.976,86.106,30,794,1574
2025-06-02,3,7,1742,1288,92,25.976,86.106,30,794,1574
2025-06-09,3,7,2100,651,57,25.976,86.106,30,794,1574
2025-06-16,3,7,1914,1249,50,25.976,86.106,30,794,1574
2025-06-23,3,7,2692,644,82,25.976,86.106,30,794,1574
2025-06-30,3,7,1931,1130,96,25.976,86.106,30,794,1574
2025-04-07,4,1,966,640,50,22.053,65.066,40,723,1605
2025-04-14,4,1,1110,295,35,22.053,65.066,40,723,1605
2025-04-21,4,1,1197,558,34,22.053,65.066,40,723,1605
2025-04-28,4,1,1237,377,86,22.053,65.066,40,723,1605
2025-05-05,4,1,1121,591,73,22.053,65.066,40,723,1605
2025-05-12,4,1,1001,542,53,22.053,65.066,40,723,1605
2025-05-19,4,1,902,368,45,22.053,65.066,40,723,1605
2025-05-26,4,1,1085,406,53,22.053,65.066,40,723,1605
2025-06-02,4,1,1329,366,76,22.053,65.066,40,723,1605
2025-06-09,4,1,1097,447,29,22.053,65.066,40,723,1605
2025-06-16,4,1,1130,468,28,22.053,65.066,40,723,1605
2025-06-23,4,1,1110,608,87,22.053,65.066,40,723,1605
2025-06-30,4,1,1231,336,64,22.053,65.066,40,723,1605
2025-04-07,4,2,1483,746,74,27.712,69.914,40,794,1903
2025-04-14,4,2,1939,688,53,27.712,69.914,40,794,1903
2025-04-21,4,2,1600,991,80,27.712,69.914,40,794,1903
2025-04-28,4,2,1376,773,70,27.712,69.914,40,794,1903
2025-05-05,4,2,1527,1107,59,27.712,69.914,40,794,1903
2025-05-12,4,2,2131,436,83,27.712,69.914,40,794,1903
2025-05-19,4,2,1451,987,58,27.712,69.914,40,794,1903
2025-05-26,4,2,1260,941,37,27.712,69.914,40,794,1903
2025-06-02,4,2,1645,501,95,27.712,69.914,40,794,1903
2025-06-09,4,2,1831,891,34,27.712,69.914,40,794,1903
2025-06-16,4,2,1933,554,104,27.712,69.914,40,794,1903
2025-06-23,4,2,1116,900,29,27.712,69.914,40,794,1903
2025-06-30,4,2,1827,524,73,27.712,69.914,40,794,1903
2025-04-07,4,3,906,571,55,19.793,75.188,40,815,1606
2025-04-14,4,3,752,454,58,19.793,75.188,40,815,1606
2025-04-21,4,3,878,543,37,19.793,75.188,40,815,1606
2025-04-28,4,3,870,408,55,19.793,75.188,40,815,1606
2025-05-05,4,3,676,372,50,19.793,75.188,40,815,1606
2025-05-12,4,3,653,531,32,19.793,75.188,40,815,1606
2025-05-19,4,3,980,283,42,19.793,75.188,40,815,1606
2025-05-26,4,3,714,583,20,19.793,75.188,40,815,1606
2025-06-02,4,3,1004,301,57,19.793,75.188,40,815,1606
2025-06-09,4,3,925,242,58,19.793,75.188,40,815,1606
2025-06-16,4,3,713,482,22,19.793,75.188,40,815,1606
2025-06-23,4,3,1030,333,60,19.793,75.188,40,815,1606
2025-06-30,4,3,963,382,33,19.793,75.188,40,815,1606
2025-04-07,4,4,742,563,33,20.577,71.905,40,785,1608
2025-04-14,4,4,1313,268,53,20.577,71.905,40,785,1608
2025-04-21,4,4,1172,485,53,20.577,71.905,40,785,1608
2025-04-28,4,4,1238,501,24,20.577,71.905,40,785,1608
2025-05-05,4,4,1248,224,33,20.577,71.905,40,785,1608
2025-05-12,4,4,1188,714,39,20.577,71.905,40,785,1608
2025-05-19,4,4,996,540,62,20.577,71.905,40,785,1608
2025-05-26,4,4,1120,199,49,20.577,71.905,40,785,1608
2025-06-02,4,4,1143,753,80,20.577,71.905,40,785,1608
2025-06-09,4,4,1266,358,70,20.577,71.905,40,785,1608
2025-06-16,4,4,833,620,32,20.577,71.905,40,785,1608
2025-06-23,4,4,877,432,73,20.577,71.905,40,785,1608
2025-06-30,4,4,1153,585,38,20.577,71.905,40,785,1608
2025-04-07,4,5,804,329,33,14.701,58.451,40,631,1219
2025-04-14,4,5,941,208,25,14.701,58.451,40,631,1219
2025-04-21,4,5,1167,215,16,14.701,58.451,40,631,1219
2025-04-28,4,5,877,360,32,14.701,58.451,40,631,1219
2025-05-05,4,5,801,323,52,14.701,58.451,40,631,1219
2025-05-12,4,5,881,447,53,14.701,58.451,40,631,1219
2025-05-19,4,5,1119,220,18,14.701,58.451,40,631,1219
2025-05-26,4,5,926,189,27,14.701,58.451,40,631,1219
2025-06-02,4,5,531,430,38,14.701,58.451,40,631,1219
2025-06-09,4,5,958,218,23,14.701,58.451,40,631,1219
2025-06-16,4,5,980,190,31,14.701,58.451,40,631,1219
2025-06-23,4,5,627,475,19,14.701,58.451,40,631,1219
2025-06-30,4,5,867,553,53,14.701,58.451,40,631,1219
2025-04-07,4,6,1822,479,54,24.502,59.881,40,684,1664
2025-04-14,4,6,1596,550,74,24.502,59.881,40,684,1664
2025-04-21,4,6,1421,736,93,24.502,59.881,40,684,1664
2025-04-28,4,6,1421,602,96,24.502,59.881,40,684,1664
2025-05-05,4,6,1201,875,39,24.502,59.881,40,684,1664
2025-05-12,4,6,1474,527,77,24.502,59.881,40,684,1664
2025-05-19,4,6,1272,756,25,24.502,59.881,40,684,1664
2025-05-26,4,6,1610,849,26,24.502,59.881,40,684,1664
2025-06-02,4,6,1677,387,83,24.502,59.881,40,684,1664
2025-06-09,4,6,1347,546,95,24.502,59.881,40,684,1664
2025-06-16,4,6,1752,596,73,24.502,59.881,40,684,1664
2025-06-23,4,6,1276,792,68,24.502,59.881,40,684,1664
2025-06-30,4,6,1273,1031,43,24.502,59.881,40,684,1664
2025-04-07,4,7,1752,551,79,23.53,92.178,40,997,1938
2025-04-14,4,7,1567,1036,70,23.53,92.178,40,997,1938
2025-04-21,4,7,1666,749,73,23.53,92.178,40,997,1938
2025-04-28,4,7,1622,1036,82,23.53,92.178,40,997,1938
2025-05-05,4,7,1844,416,43,23.53,92.178,40,997,1938
2025-05-12,4,7,2085,432,50,23.53,92.178,40,997,1938
2025-05-19,4,7,1354,864,50,23.53,92.178,40,997,1938
2025-05-26,4,7,2202,766,76,23.53,92.178,40,997,1938
2025-06-02,4,7,1725,702,93,23.53,92.178,40,997,1938
2025-06-09,4,7,1543,928,71,23.53,92.178,40,997,1938
2025-06-16,4,7,1569,942,56,23.53,92.178,40,997,1938
2025-06-23,4,7,1798,478,54,23.53,92.178,40,997,1938
2025-06-30,4,7,1522,1187,61,23.53,92.178,40,997,1938
2025-04-07,4,8,2217,580,76,21.085,86.527,40,932,1776
2025-04-14,4,8,1677,594,68,21.085,86.527,40,932,1776
2025-04-21,4,8,1628,721,32,21.085,86.527,40,932,1776
2025-04-28,4,8,1926,545,38,21.085,86.527,40,932,1776
2025-05-05,4,8,1542,371,60,21.085,86.527,40,932,1776
2025-05-12,4,8,2079,515,42,21.085,86.527,40,932,1776
2025-05-19,4,8,1582,955,51,21.085,86.527,40,932,1776
2025-05-26,4,8,1628,543,77,21.085,86.527,40,932,1776
2025-06-02,4,8,1602,564,51,21.085,86.527,40,932,1776
2025-06-09,4,8,1565,939,70,21.085,86.527,40,932,1776
2025-06-16,4,8,1359,1077,83,21.085,86.527,40,932,1776
2025-06-23,4,8,1323,912,50,21.085,86.527,40,932,1776
2025-06-30,4,8,1423,613,54,21.085,86.527,40,932,1776
2025-04-07,5,1,624,217,22,13.638,51.616,36,527,1018
2025-04-14,5,1,465,348,17,13.638,51.616,36,527,1018
2025-04-21,5,1,495,148,50,13.638,51.616,36,527,1018
2025-04-28,5,1,561,308,27,13.638,51.616,36,527,1018
2025-05-05,5,1,528,206,21,13.638,51.616,36,527,1018
2025-05-12,5,1,603,270,18,13.638,51.616,36,527,1018
2025-05-19,5,1,471,327,45,13.638,51.616,36,527,1018
2025-05-26,5,1,627,259,33,13.638,51.616,36,527,1018
2025-06-02,5,1,570,210,40,13.638,51.616,36,527,1018
2025-06-09,5,1,674,138,20,13.638,51.616,36,527,1018
2025-06-16,5,1,588,246,15,13.638,51.616,36,527,1018
2025-06-23,5,1,681,271,35,13.638,51.616,36,527,1018
2025-06-30,5,1,445,301,32,13.638,51.616,36,527,1018
2025-04-07,5,2,1151,771,123,34.056,82.98,36,885,2111
2025-04-14,5,2,988,642,44,34.056,82.98,36,885,2111
2025-04-21,5,2,1082,524,106,34.056,82.98,36,885,2111
2025-04-28,5,2,1380,301,80,34.056,82.98,36,885,2111
2025-05-05,5,2,1087,847,118,34.056,82.98,36,885,2111
2025-05-12,5,2,903,699,119,34.056,82.98,36,885,2111
2025-05-19,5,2,1007,785,107,34.056,82.98,36,885,2111
2025-05-26,5,2,989,647,36,34.056,82.98,36,885,2111
2025-06-02,5,2,977,674,85,34.056,82.98,36,885,2111
2025-06-09,5,2,879,699,123,34.056,82.98,36,885,2111
2025-06-16,5,2,952,650,82,34.056,82.98,36,885,2111
2025-06-23,5,2,1362,635,103,34.056,82.98,36,885,2111
2025-06-30,5,2,1310,645,115,34.056,82.98,36,885,2111
2025-04-07,5,3,698,389,27,7.36,59.796,36,595,860
2025-04-14,5,3,1006,198,11,7.36,59.796,36,595,860
2025-04-21,5,3,673,433,28,7.36,59.796,36,595,860
2025-04-28,5,3,879,239,15,7.36,59.796,36,595,860
2025-05-05,5,3,771,310,26,7.36,59.796,36,595,860
2025-05-12,5,3,781,292,7,7.36,59.796,36,595,860
2025-05-19,5,3,973,213,8,7.36,59.796,36,595,860
2025-05-26,5,3,902,182,19,7.36,59.796,36,595,860
2025-06-02,5,3,727,315,8,7.36,59.796,36,595,860
2025-06-09,5,3,577,402,14,7.36,59.796,36,595,860
2025-06-16,5,3,882,248,23,7.36,59.796,36,595,860
2025-06-23,5,3,614,493,11,7.36,59.796,36,595,860
2025-06-30,5,3,946,220,25,7.36,59.796,36,595,860
2025-04-07,5,4,963,348,44,10.954,50.14,36,507,901
2025-04-14,5,4,943,168,11,10.954,50.14,36,507,901
2025-04-21,5,4,777,273,29,10.954,50.14,36,507,901
2025-04-28,5,4,736,241,16,10.954,50.14,36,507,901
2025-05-05,5,4,837,318,35,10.954,50.14,36,507,901
2025-05-12,5,4,937,256,30,10.954,50.14,36,507,901
2025-05-19,5,4,936,292,38,10.954,50.14,36,507,901
2025-05-26,5,4,750,521,11,10.954,50.14,36,507,901
2025-06-02,5,4,685,516,32,10.954,50.14,36,507,901
2025-06-09,5,4,921,456,18,10.954,50.14,36,507,901
2025-06-16,5,4,701,543,17,10.954,50.14,36,507,901
2025-06-23,5,4,926,306,26,10.954,50.14,36,507,901
2025-06-30,5,4,947,363,33,10.954,50.14,36,507,901
2025-04-07,5,5,668,157,12,11.886,53.429,36,540,968
2025-04-14,5,5,505,279,14,11.886,53.429,36,540,968
2025-04-21,5,5,547,185,37,11.886,53.429,36,540,968
2025-04-28,5,5,538,233,47,11.886,53.429,36,540,968
2025-05-05,5,5,548,215,40,11.886,53.429,36,540,968
2025-05-12,5,5,512,262,47,11.886,53.429,36,540,968
2025-05-19,5,5,560,281,30,11.886,53.429,36,540,968
2025-05-26,5,5,653,140,23,11.886,53.429,36,540,968
2025-06-02,5,5,541,260,43,11.886,53.429,36,540,968
2025-06-09,5,5,551,154,31,11.886,53.429,36,540,968
2025-06-16,5,5,628,183,46,11.886,53.429,36,540,968
2025-06-23,5,5,635,168,26,11.886,53.429,36,540,968
2025-06-30,5,5,689,210,45,11.886,53.429,36,540,968
2025-04-07,5,6,771,171,88,30.903,64.525,36,706,1819
2025-04-14,5,6,420,321,72,30.903,64.525,36,706,1819
2025-04-21,5,6,634,150,117,30.903,64.525,36,706,1819
2025-04-28,5,6,620,424,41,30.903,64.525,36,706,1819
2025-05-05,5,6,417,333,87,30.903,64.525,36,706,1819
2025-05-12,5,6,420,183,63,30.903,64.525,36,706,1819
2025-05-19,5,6,715,164,71,30.903,64.525,36,706,1819
2025-05-26,5,6,585,304,61,30.903,64.525,36,706,1819
2025-06-02,5,6,501,259,105,30.903,64.525,36,706,1819
2025-06-09,5,6,456,347,110,30.903,64.525,36,706,1819
2025-06-16,5,6,576,160,68,30.903,64.525,36,706,1819
2025-06-23,5,6,642,298,61,30.903,64.525,36,706,1819
2025-06-30,5,6,492,202,76,30.903,64.525,36,706,1819
2025-04-07,5,7,1878,533,110,28.8,67.367,36,723,1760
2025-04-14,5,7,1704,769,113,28.8,67.367,36,723,1760
2025-04-21,5,7,1933,636,61,28.8,67.367,36,723,1760
2025-04-28,5,7,1622,321,61,28.8,67.367,36,723,1760
2025-05-05,5,7,1839,423,83,28.8,67.367,36,723,1760
2025-05-12,5,7,1070,807,78,28.8,67.367,36,723,1760
2025-05-19,5,7,1542,902,74,28.8,67.367,36,723,1760
2025-05-26,5,7,1249,918,84,28.8,67.367,36,723,1760
2025-06-02,5,7,1352,1024,57,28.8,67.367,36,723,1760
2025-06-09,5,7,1376,803,86,28.8,67.367,36,723,1760
2025-06-16,5,7,1890,453,42,28.8,67.367,36,723,1760
2025-06-23,5,7,1762,568,72,28.8,67.367,36,723,1760
2025-06-30,5,7,2014,795,31,28.8,67.367,36,723,1760
2025-04-07,5,8,352,255,16,5.481,52.43,36,520,718
2025-04-14,5,8,319,206,12,5.481,52.43,36,520,718
2025-04-21,5,8,349,206,16,5.481,52.43,36,520,718
2025-04-28,5,8,454,100,20,5.481,52.43,36,520,718
2025-05-05,5,8,359,201,16,5.481,52.43,36,520,718
2025-05-12,5,8,382,181,17,5.481,52.43,36,520,718
2025-05-19,5,8,363,254,12,5.481,52.43,36,520,718
2025-05-26,5,8,495,162,17,5.481,52.43,36,520,718
2025-06-02,5,8,500,93,10,5.481,52.43,36,520,718
2025-06-09,5,8,298,174,20,5.481,52.43,36,520,718
2025-06-16,5,8,446,92,9,5.481,52.43,36,520,718
2025-06-23,5,8,454,145,21,5.481,52.43,36,520,718
2025-06-30,5,8,353,209,9,5.481,52.43,36,520,718
2025-04-07,6,1,1167,332,64,17.981,54.38,45,635,1444
2025-04-14,6,1,1000,347,29,17.981,54.38,45,635,1444
2025-04-21,6,1,876,491,24,17.981,54.38,45,635,1444
2025-04-28,6,1,812,643,35,17.981,54.38,45,635,1444
2025-05-05,6,1,1009,354,49,17.981,54.38,45,635,1444
2025-05-12,6,1,1208,304,56,17.981,54.38,45,635,1444
2025-05-19,6,1,791,331,41,17.981,54.38,45,635,1444
2025-05-26,6,1,1148,270,66,17.981,54.38,45,635,1444
2025-06-02,6,1,785,592,41,17.981,54.38,45,635,1444
2025-06-09,6,1,775,434,44,17.981,54.38,45,635,1444
2025-06-16,6,1,1001,471,41,17.981,54.38,45,635,1444
2025-06-23,6,1,845,306,71,17.981,54.38,45,635,1444
2025-06-30,6,1,846,268,38,17.981,54.38,45,635,1444
2025-04-07,6,2,1068,489,47,19.567,56.145,45,659,1540
2025-04-14,6,2,861,601,21,19.567,56.145,45,659,1540
2025-04-21,6,2,1238,324,41,19.567,56.145,45,659,1540
2025-04-28,6,2,1014,722,65,19.567,56.145,45,659,1540
2025-05-05,6,2,1036,443,34,19.567,56.145,45,659,1540
2025-05-12,6,2,799,650,78,19.567,56.145,45,659,1540
2025-05-19,6,2,1009,525,76,19.567,56.145,45,659,1540
2025-05-26,6,2,1209,249,33,19.567,56.145,45,659,1540
2025-06-02,6,2,701,544,47,19.567,56.145,45,659,1540
2025-06-09,6,2,872,620,56,19.567,56.145,45,659,1540
2025-06-16,6,2,977,376,76,19.567,56.145,45,659,1540
2025-06-23,6,2,733,509,40,19.567,56.145,45,659,1540
2025-06-30,6,2,883,409,39,19.567,56.145,45,659,1540
2025-04-07,6,3,1556,588,88,26.718,77.793,45,912,2114
2025-04-14,6,3,1499,765,63,26.718,77.793,45,912,2114
2025-04-21,6,3,985,590,104,26.718,77.793,45,912,2114
2025-04-28,6,3,1311,308,40,26.718,77.793,45,912,2114
2025-05-05,6,3,1165,680,62,26.718,77.793,45,912,2114
2025-05-12,6,3,1463,645,55,26.718,77.793,45,912,2114
2025-05-19,6,3,1121,901,63,26.718,77.793,45,912,2114
2025-05-26,6,3,1184,908,106,26.718,77.793,45,912,2114
2025-06-02,6,3,979,527,106,26.718,77.793,45,912,2114
2025-06-09,6,3,1422,421,62,26.718,77.793,45,912,2114
2025-06-16,6,3,1197,743,89,26.718,77.793,45,912,2114
2025-06-23,6,3,1041,726,89,26.718,77.793,45,912,2114
2025-06-30,6,3,1359,573,96,26.718,77.793,45,912,2114
2025-04-07,6,4,1255,334,107,26.954,66.139,45,793,2006
2025-04-14,6,4,1036,417,32,26.954,66.139,45,793,2006
2025-04-21,6,4,1115,294,53,26.954,66.139,45,793,2006
2025-04-28,6,4,1177,376,55,26.954,66.139,45,793,2006
2025-05-05,6,4,936,599,44,26.954,66.139,45,793,2006
2025-05-12,6,4,937,499,43,26.954,66.139,45,793,2006
2025-05-19,6,4,764,530,63,26.954,66.139,45,793,2006
2025-05-26,6,4,1134,232,107,26.954,66.139,45,793,2006
2025-06-02,6,4,1070,378,100,26.954,66.139,45,793,2006
2025-06-09,6,4,730,327,66,26.954,66.139,45,793,2006
2025-06-16,6,4,731,491,86,26.954,66.139,45,793,2006
2025-06-23,6,4,1171,319,90,26.954,66.139,45,793,2006
2025-06-30,6,4,1046,404,88,26.954,66.139,45,793,2006
2025-04-07,6,5,1930,755,39,37.746,79.383,45,978,2676
2025-04-14,6,5,1599,867,113,37.746,79.383,45,978,2676
2025-04-21,6,5,1775,986,86,37.746,79.383,45,978,2676
2025-04-28,6,5,1884,731,138,37.746,79.383,45,978,2676
2025-05-05,6,5,1861,595,76,37.746,79.383,45,978,2676
2025-05-12,6,5,2048,493,82,37.746,79.383,45,978,2676
2025-05-19,6,5,1936,655,91,37.746,79.383,45,978,2676
2025-05-26,6,5,1595,953,82,37.746,79.383,45,978,2676
2025-06-02,6,5,2068,534,140,37.746,79.383,45,978,2676
2025-06-09,6,5,2193,404,78,37.746,79.383,45,978,2676
2025-06-16,6,5,1865,867,63,37.746,79.383,45,978,2676
2025-06-23,6,5,1683,436,101,37.746,79.383,45,978,2676
2025-06-30,6,5,1499,691,149,37.746,79.383,45,978,2676
2025-04-07,6,6,522,242,20,5.997,46.545,45,518,788
2025-04-14,6,6,515,148,12,5.997,46.545,45,518,788
2025-04-21,6,6,428,87,11,5.997,46.545,45,518,788
2025-04-28,6,6,482,214,23,5.997,46.545,45,518,788
2025-05-05,6,6,586,130,22,5.997,46.545,45,518,788
2025-05-12,6,6,371,184,7,5.997,46.545,45,518,788
2025-05-19,6,6,483,136,21,5.997,46.545,45,518,788
2025-05-26,6,6,369,252,24,5.997,46.545,45,518,788
2025-06-02,6,6,320,245,15,5.997,46.545,45,518,788
2025-06-09,6,6,392,245,15,5.997,46.545,45,518,788
2025-06-16,6,6,362,267,22,5.997,46.545,45,518,788
2025-06-23,6,6,371,212,20,5.997,46.545,45,518,788
2025-06-30,6,6,385,193,23,5.997,46.545,45,518,788
2025-04-07,6,7,977,225,126,39.137,69.126,45,886,2647
2025-04-14,6,7,976,245,60,39.137,69.126,45,886,2647
2025-04-21,6,7,988,301,79,39.137,69.126,45,886,2647
2025-04-28,6,7,739,521,95,39.137,69.126,45,886,2647
2025-05-05,6,7,611,312,140,39.137,69.126,45,886,2647
2025-05-12,6,7,937,325,98,39.137,69.126,45,886,2647
2025-05-19,6,7,798,186,132,39.137,69.126,45,886,2647
2025-05-26,6,7,850,273,85,39.137,69.126,45,886,2647
2025-06-02,6,7,563,437,101,39.137,69.126,45,886,2647
2025-06-09,6,7,787,280,135,39.137,69.126,45,886,2647
2025-06-16,6,7,941,287,136,39.137,69.126,45,886,2647
2025-06-23,6,7,795,238,100,39.137,69.126,45,886,2647
2025-06-30,6,7,678,391,108,39.137,69.126,45,886,2647
2025-04-07,6,8,1024,483,41,25.204,63.167,45,755,1889
2025-04-14,6,8,1132,348,43,25.204,63.167,45,755,1889
2025-04-21,6,8,1215,308,91,25.204,63.167,45,755,1889
2025-04-28,6,8,1221,418,90,25.204,63.167,45,755,1889
2025-05-05,6,8,1059,455,64,25.204,63.167,45,755,1889
2025-05-12,6,8,1008,484,78,25.204,63.167,45,755,1889
2025-05-19,6,8,1190,283,93,25.204,63.167,45,755,1889
2025-05-26,6,8,1044,254,54,25.204,63.167,45,755,1889
2025-06-02,6,8,1152,247,37,25.204,63.167,45,755,1889
2025-06-09,6,8,987,272,69,25.204,63.167,45,755,1889
2025-06-16,6,8,842,290,47,25.204,63.167,45,755,1889
2025-06-23,6,8,1054,252,50,25.204,63.167,45,755,1889
2025-06-30,6,8,1173,221,76,25.204,63.167,45,755,1889
2025-04-07,7,1,781,633,30,14.302,63.25,31,591,1034
2025-04-14,7,1,804,480,16,14.302,63.25,31,591,1034
2025-04-21,7,1,1138,312,46,14.302,63.25,31,591,1034
2025-04-28,7,1,924,299,30,14.302,63.25,31,591,1034
2025-05-05,7,1,1343,582,46,14.302,63.25,31,591,1034
2025-05-12,7,1,954,751,44,14.302,63.25,31,591,1034
2025-05-19,7,1,1195,307,24,14.302,63.25,31,591,1034
2025-05-26,7,1,1289,315,34,14.302,63.25,31,591,1034
2025-06-02,7,1,812,609,51,14.302,63.25,31,591,1034
2025-06-09,7,1,1175,259,43,14.302,63.25,31,591,1034
2025-06-16,7,1,890,594,19,14.302,63.25,31,591,1034
2025-06-23,7,1,876,525,22,14.302,63.25,31,591,1034
2025-06-30,7,1,995,369,55,14.302,63.25,31,591,1034
2025-04-07,7,2,1018,202,31,21.088,64.132,31,612,1266
2025-04-14,7,2,767,222,28,21.088,64.132,31,612,1266
2025-04-21,7,2,614,376,36,21.088,64.132,31,612,1266
2025-04-28,7,2,937,188,40,21.088,64.132,31,612,1266
2025-05-05,7,2,811,285,63,21.088,64.132,31,612,1266
2025-05-12,7,2,972,183,60,21.088,64.132,31,612,1266
2025-05-19,7,2,801,280,50,21.088,64.132,31,612,1266
2025-05-26,7,2,828,266,57,21.088,64.132,31,612,1266
2025-06-02,7,2,770,319,52,21.088,64.132,31,612,1266
2025-06-09,7,2,687,290,63,21.088,64.132,31,612,1266
2025-06-16,7,2,910,209,39,21.088,64.132,31,612,1266
2025-06-23,7,2,785,473,73,21.088,64.132,31,612,1266
2025-06-30,7,2,859,308,36,21.088,64.132,31,612,1266
2025-04-07,7,3,257,207,18,6.664,54.933,31,506,713
2025-04-14,7,3,360,257,19,6.664,54.933,31,506,713
2025-04-21,7,3,435,87,22,6.664,54.933,31,506,713
2025-04-28,7,3,412,246,16,6.664,54.933,31,506,713
2025-05-05,7,3,522,146,22,6.664,54.933,31,506,713
2025-05-12,7,3,359,209,15,6.664,54.933,31,506,713
2025-05-19,7,3,396,231,8,6.664,54.933,31,506,713
2025-05-26,7,3,477,104,8,6.664,54.933,31,506,713
2025-06-02,7,3,354,280,15,6.664,54.933,31,506,713
2025-06-09,7,3,469,130,26,6.664,54.933,31,506,713
2025-06-16,7,3,438,111,22,6.664,54.933,31,506,713
2025-06-23,7,3,471,117,25,6.664,54.933,31,506,713
2025-06-30,7,3,409,246,8,6.664,54.933,31,506,713
2025-04-07,7,4,1396,442,53,34.657,63.485,31,648,1722
2025-04-14,7,4,1088,577,59,34.657,63.485,31,648,1722
2025-04-21,7,4,1264,391,36,34.657,63.485,31,648,1722
2025-04-28,7,4,1056,723,69,34.657,63.485,31,648,1722
2025-05-05,7,4,1316,666,51,34.657,63.485,31,648,1722
2025-05-12,7,4,1459,331,85,34.657,63.485,31,648,1722
2025-05-19,7,4,1310,678,47,34.657,63.485,31,648,1722
2025-05-26,7,4,1447,668,52,34.657,63.485,31,648,1722
2025-06-02,7,4,932,571,52,34.657,63.485,31,648,1722
2025-06-09,7,4,1268,664,132,34.657,63.485,31,648,1722
2025-06-16,7,4,1380,306,96,34.657,63.485,31,648,1722
2025-06-23,7,4,1411,393,136,34.657,63.485,31,648,1722
2025-06-30,7,4,1286,320,100,34.657,63.485,31,648,1722
2025-04-07,7,5,1634,594,38,30.487,72.769,31,712,1657
2025-04-14,7,5,1722,692,119,30.487,72.769,31,712,1657
2025-04-21,7,5,1521,733,38,30.487,72.769,31,712,1657
2025-04-28,7,5,1949,427,80,30.487,72.769,31,712,1657
2025-05-05,7,5,1260,631,61,30.487,72.769,31,712,1657
2025-05-12,7,5,1331,901,71,30.487,72.769,31,712,1657
2025-05-19,7,5,1314,614,98,30.487,72.769,31,712,1657
2025-05-26,7,5,1432,650,112,30.487,72.769,31,712,1657
2025-06-02,7,5,1546,404,75,30.487,72.769,31,712,1657
2025-06-09,7,5,1992,439,68,30.487,72.769,31,712,1657
2025-06-16,7,5,2279,494,58,30.487,72.769,31,712,1657
2025-06-23,7,5,1934,775,47,30.487,72.769,31,712,1657
2025-06-30,7,5,2081,384,112,30.487,72.769,31,712,1657
2025-04-07,7,6,1087,363,164,41.939,71.524,31,740,2040
2025-04-14,7,6,1330,282,89,41.939,71.524,31,740,2040
2025-04-21,7,6,1205,413,161,41.939,71.524,31,740,2040
2025-04-28,7,6,1128,784,77,41.939,71.524,31,740,2040
2025-05-05,7,6,1166,681,130,41.939,71.524,31,740,2040
2025-05-12,7,6,1370,444,52,41.939,71.524,31,740,2040
2025-05-19,7,6,1275,264,160,41.939,71.524,31,740,2040
2025-05-26,7,6,1092,507,138,41.939,71.524,31,740,2040
2025-06-02,7,6,1010,368,140,41.939,71.524,31,740,2040
2025-06-09,7,6,1270,721,106,41.939,71.524,31,740,2040
2025-06-16,7,6,1104,701,102,41.939,71.524,31,740,2040
2025-06-23,7,6,978,757,75,41.939,71.524,31,740,2040
2025-06-30,7,6,1534,291,61,41.939,71.524,31,740,2040
2025-04-07,7,7,595,304,14,11.455,69.884,31,647,1002
2025-04-14,7,7,790,205,27,11.455,69.884,31,647,1002
2025-04-21,7,7,552,326,30,11.455,69.884,31,647,1002
2025-04-28,7,7,682,262,23,11.455,69.884,31,647,1002
2025-05-05,7,7,596,397,17,11.455,69.884,31,647,1002
2025-05-12,7,7,736,373,35,11.455,69.884,31,647,1002
2025-05-19,7,7,827,193,27,11.455,69.884,31,647,1002
2025-05-26,7,7,493,322,21,11.455,69.884,31,647,1002
2025-06-02,7,7,824,341,36,11.455,69.884,31,647,1002
2025-06-09,7,7,633,343,44,11.455,69.884,31,647,1002
2025-06-16,7,7,784,182,44,11.455,69.884,31,647,1002
2025-06-23,7,7,609,409,24,11.455,69.884,31,647,1002
2025-06-30,7,7,549,266,40,11.455,69.884,31,647,1002
2025-04-07,7,8,804,292,26,11.73,62.424,31,580,943
2025-04-14,7,8,793,589,34,11.73,62.424,31,580,943
2025-04-21,7,8,1069,332,13,11.73,62.424,31,580,943
2025-04-28,7,8,911,466,19,11.73,62.424,31,580,943
2025-05-05,7,8,1005,429,30,11.73,62.424,31,580,943
2025-05-12,7,8,959,207,36,11.73,62.424,31,580,943
2025-05-19,7,8,958,176,41,11.73,62.424,31,580,943
2025-05-26,7,8,965,365,36,11.73,62.424,31,580,943
2025-06-02,7,8,887,367,39,11.73,62.424,31,580,943
2025-06-09,7,8,991,433,38,11.73,62.424,31,580,943
2025-06-16,7,8,1163,329,20,11.73,62.424,31,580,943
2025-06-23,7,8,891,433,12,11.73,62.424,31,580,943
2025-06-30,7,8,965,492,46,11.73,62.424,31,580,943
2025-04-07,8,1,734,258,39,15.025,55.04,35,556,1082
2025-04-14,8,1,737,401,57,15.025,55.04,35,556,1082
2025-04-21,8,1,623,404,42,15.025,55.04,35,556,1082
2025-04-28,8,1,634,451,42,15.025,55.04,35,556,1082
2025-05-05,8,1,807,144,53,15.025,55.04,35,556,1082
2025-05-12,8,1,768,236,17,15.025,55.04,35,556,1082
2025-05-19,8,1,932,315,55,15.025,55.04,35,556,1082
2025-05-26,8,1,629,308,56,15.025,55.04,35,556,1082
2025-06-02,8,1,742,268,53,15.025,55.04,35,556,1082
2025-06-09,8,1,671,409,43,15.025,55.04,35,556,1082
2025-06-16,8,1,1050,223,25,15.025,55.04,35,556,1082
2025-06-23,8,1,924,210,23,15.025,55.04,35,556,1082
2025-06-30,8,1,812,260,59,15.025,55.04,35,556,1082
2025-04-07,8,2,1094,406,26,21.767,73.445,35,746,1508
2025-04-14,8,2,1192,299,31,21.767,73.445,35,746,1508
2025-04-21,8,2,926,700,23,21.767,73.445,35,746,1508
2025-04-28,8,2,1080,376,75,21.767,73.445,35,746,1508
2025-05-05,8,2,1136,648,68,21.767,73.445,35,746,1508
2025-05-12,8,2,1184,403,26,21.767,73.445,35,746,1508
2025-05-19,8,2,914,458,44,21.767,73.445,35,746,1508
2025-05-26,8,2,902,611,53,21.767,73.445,35,746,1508
2025-06-02,8,2,1051,468,36,21.767,73.445,35,746,1508
2025-06-09,8,2,981,465,31,21.767,73.445,35,746,1508
2025-06-16,8,2,1197,384,60,21.767,73.445,35,746,1508
2025-06-23,8,2,1394,350,83,21.767,73.445,35,746,1508
2025-06-30,8,2,1016,524,78,21.767,73.445,35,746,1508
2025-04-07,8,3,1500,345,47,18.762,54.547,35,562,1219
2025-04-14,8,3,1136,601,37,18.762,54.547,35,562,1219
2025-04-21,8,3,1173,649,42,18.762,54.547,35,562,1219
2025-04-28,8,3,865,701,61,18.762,54.547,35,562,1219
2025-05-05,8,3,937,657,66,18.762,54.547,35,562,1219
2025-05-12,8,3,1358,564,52,18.762,54.547,35,562,1219
2025-05-19,8,3,1186,747,62,18.762,54.547,35,562,1219
2025-05-26,8,3,1307,238,25,18.762,54.547,35,562,1219
2025-06-02,8,3,1511,349,57,18.762,54.547,35,562,1219
2025-06-09,8,3,1386,484,67,18.762,54.547,35,562,1219
2025-06-16,8,3,1288,483,75,18.762,54.547,35,562,1219
2025-06-23,8,3,1163,513,20,18.762,54.547,35,562,1219
2025-06-30,8,3,1136,500,62,18.762,54.547,35,562,1219
2025-04-07,8,4,2016,569,65,33.879,70.184,35,760,1946
2025-04-14,8,4,2603,510,123,33.879,70.184,35,760,1946
2025-04-21,8,4,1607,1270,99,33.879,70.184,35,760,1946
2025-04-28,8,4,1324,454,95,33.879,70.184,35,760,1946
2025-05-05,8,4,1987,404,36,33.879,70.184,35,760,1946
2025-05-12,8,4,2064,570,102,33.879,70.184,35,760,1946
2025-05-19,8,4,1606,1047,99,33.879,70.184,35,760,1946
2025-05-26,8,4,1477,1003,89,33.879,70.184,35,760,1946
2025-06-02,8,4,1613,1137,122,33.879,70.184,35,760,1946
2025-06-09,8,4,2185,811,75,33.879,70.184,35,760,1946
2025-06-16,8,4,1460,739,74,33.879,70.184,35,760,1946
2025-06-23,8,4,1916,503,34,33.879,70.184,35,760,1946
2025-06-30,8,4,1830,699,102,33.879,70.184,35,760,1946
2025-04-07,8,5,361,115,64,17.804,53.968,35,554,1177
2025-04-14,8,5,415,174,68,17.804,53.968,35,554,1177
2025-04-21,8,5,348,149,32,17.804,53.968,35,554,1177
2025-04-28,8,5,334,163,46,17.804,53.968,35,554,1177
2025-05-05,8,5,362,295,68,17.804,53.968,35,554,1177
2025-05-12,8,5,291,113,63,17.804,53.968,35,554,1177
2025-05-19,8,5,555,110,43,17.804,53.968,35,554,1177
2025-05-26,8,5,423,100,26,17.804,53.968,35,554,1177
2025-06-02,8,5,345,199,71,17.804,53.968,35,554,1177
2025-06-09,8,5,381,154,35,17.804,53.968,35,554,1177
2025-06-16,8,5,350,191,71,17.804,53.968,35,554,1177
2025-06-23,8,5,372,159,41,17.804,53.968,35,554,1177
2025-06-30,8,5,421,82,46,17.804,53.968,35,554,1177
2025-04-07,8,6,1597,562,110,27.545,58.703,35,633,1597
2025-04-14,8,6,1757,698,56,27.545,58.703,35,633,1597
2025-04-21,8,6,1715,509,87,27.545,58.703,35,633,1597
2025-04-28,8,6,1666,402,91,27.545,58.703,35,633,1597
2025-05-05,8,6,1385,793,100,27.545,58.703,35,633,1597
2025-05-12,8,6,1567,489,66,27.545,58.703,35,633,1597
2025-05-19,8,6,1728,522,31,27.545,58.703,35,633,1597
2025-05-26,8,6,947,721,50,27.545,58.703,35,633,1597
2025-06-02,8,6,1668,433,88,27.545,58.703,35,633,1597
2025-06-09,8,6,1402,1072,75,27.545,58.703,35,633,1597
2025-06-16,8,6,1371,398,110,27.545,58.703,35,633,1597
2025-06-23,8,6,1408,866,89,27.545,58.703,35,633,1597
2025-06-30,8,6,1362,583,100,27.545,58.703,35,633,1597
2025-04-07,8,7,820,594,25,18.37,91.468,35,908,1551
2025-04-14,8,7,1011,591,20,18.37,91.468,35,908,1551
2025-04-21,8,7,1044,608,51,18.37,91.468,35,908,1551
2025-04-28,8,7,896,545,72,18.37,91.468,35,908,1551
2025-05-05,8,7,1143,452,28,18.37,91.468,35,908,1551
2025-05-12,8,7,1178,468,53,18.37,91.468,35,908,1551
2025-05-19,8,7,1173,573,65,18.37,91.468,35,908,1551
2025-05-26,8,7,1438,359,34,18.37,91.468,35,908,1551
2025-06-02,8,7,931,741,49,18.37,91.468,35,908,1551
2025-06-09,8,7,1265,284,32,18.37,91.468,35,908,1551
2025-06-16,8,7,1328,278,20,18.37,91.468,35,908,1551
2025-06-23,8,7,1181,593,70,18.37,91.468,35,908,1551
2025-06-30,8,7,1171,729,30,18.37,91.468,35,908,1551
2025-04-07,8,8,936,248,42,18.537,72.535,35,729,1378
2025-04-14,8,8,968,208,61,18.537,72.535,35,729,1378
2025-04-21,8,8,1051,220,35,18.537,72.535,35,729,1378
2025-04-28,8,8,774,489,71,18.537,72.535,35,729,1378
2025-05-05,8,8,690,245,40,18.537,72.535,35,729,1378
2025-05-12,8,8,646,351,66,18.537,72.535,35,729,1378
2025-05-19,8,8,655,436,36,18.537,72.535,35,729,1378
2025-05-26,8,8,644,390,29,18.537,72.535,35,729,1378
2025-06-02,8,8,656,483,32,18.537,72.535,35,729,1378
2025-06-09,8,8,602,439,42,18.537,72.535,35,729,1378
2025-06-16,8,8,643,432,73,18.537,72.535,35,729,1378
2025-06-23,8,8,838,366,19,18.537,72.535,35,729,1378
2025-06-30,8,8,688,277,37,18.537,72.535,35,729,1378
2025-04-07,9,1,1709,534,62,36.204,71.76,42,871,2392
2025-04-14,9,1,1764,837,139,36.204,71.76,42,871,2392
2025-04-21,9,1,1363,1058,74,36.204,71.76,42,871,2392
2025-04-28,9,1,1900,683,134,36.204,71.76,42,871,2392
2025-05-05,9,1,1301,1023,87,36.204,71.76,42,871,2392
2025-05-12,9,1,1590,379,58,36.204,71.76,42,871,2392
2025-05-19,9,1,1659,301,86,36.204,71.76,42,871,2392
2025-05-26,9,1,1660,993,95,36.204,71.76,42,871,2392
2025-06-02,9,1,1533,762,133,36.204,71.76,42,871,2392
2025-06-09,9,1,1557,313,46,36.204,71.76,42,871,2392
2025-06-16,9,1,1142,927,92,36.204,71.76,42,871,2392
2025-06-23,9,1,1627,675,123,36.204,71.76,42,871,2392
2025-06-30,9,1,1328,791,63,36.204,71.76,42,871,2392
2025-04-07,9,2,848,384,32,12.087,58.242,42,636,1144
2025-04-14,9,2,640,470,36,12.087,58.242,42,636,1144
2025-04-21,9,2,795,170,24,12.087,58.242,42,636,1144
2025-04-28,9,2,684,479,31,12.087,58.242,42,636,1144
2025-05-05,9,2,757,463,44,12.087,58.242,42,636,1144
2025-05-12,9,2,645,484,41,12.087,58.242,42,636,1144
2025-05-19,9,2,838,347,29,12.087,58.242,42,636,1144
2025-05-26,9,2,800,374,21,12.087,58.242,42,636,1144
2025-06-02,9,2,883,218,23,12.087,58.242,42,636,1144
2025-06-09,9,2,939,256,48,12.087,58.242,42,636,1144
2025-06-16,9,2,524,401,48,12.087,58.242,42,636,1144
2025-06-23,9,2,586,452,28,12.087,58.242,42,636,1144
2025-06-30,9,2,729,354,38,12.087,58.242,42,636,1144
2025-04-07,9,3,1657,590,33,28.931,77.345,42,889,2104
2025-04-14,9,3,1662,346,44,28.931,77.345,42,889,2104
2025-04-21,9,3,1713,411,48,28.931,77.345,42,889,2104
2025-04-28,9,3,1442,415,80,28.931,77.345,42,889,2104
2025-05-05,9,3,1583,404,59,28.931,77.345,42,889,2104
2025-05-12,9,3,1881,348,35,28.931,77.345,42,889,2104
2025-05-19,9,3,1335,801,97,28.931,77.345,42,889,2104
2025-05-26,9,3,1364,645,52,28.931,77.345,42,889,2104
2025-06-02,9,3,1628,331,57,28.931,77.345,42,889,2104
2025-06-09,9,3,1518,650,89,28.931,77.345,42,889,2104
2025-06-16,9,3,1422,335,78,28.931,77.345,42,889,2104
2025-06-23,9,3,1400,406,88,28.931,77.345,42,889,2104
2025-06-30,9,3,1781,789,81,28.931,77.345,42,889,2104
2025-04-07,9,4,376,275,31,12.061,63.402,42,690,1197
2025-04-14,9,4,489,114,37,12.061,63.402,42,690,1197
2025-04-21,9,4,428,87,26,12.061,63.402,42,690,1197
2025-04-28,9,4,305,164,22,12.061,63.402,42,690,1197
2025-05-05,9,4,362,131,21,12.061,63.402,42,690,1197
2025-05-12,9,4,321,212,17,12.061,63.402,42,690,1197
2025-05-19,9,4,434,137,27,12.061,63.402,42,690,1197
2025-05-26,9,4,299,217,24,12.061,63.402,42,690,1197
2025-06-02,9,4,323,193,47,12.061,63.402,42,690,1197
2025-06-09,9,4,349,140,20,12.061,63.402,42,690,1197
2025-06-16,9,4,369,67,19,12.061,63.402,42,690,1197
2025-06-23,9,4,281,193,21,12.061,63.402,42,690,1197
2025-06-30,9,4,441,98,44,12.061,63.402,42,690,1197
2025-04-07,9,5,2485,1026,130,40.64,60.795,42,799,2506
2025-04-14,9,5,2341,542,56,40.64,60.795,42,799,2506
2025-04-21,9,5,2227,1162,117,40.64,60.795,42,799,2506
2025-04-28,9,5,2690,592,74,40.64,60.795,42,799,2506
2025-05-05,9,5,2583,612,131,40.64,60.795,42,799,2506
2025-05-12,9,5,1685,905,79,40.64,60.795,42,799,2506
2025-05-19,9,5,2181,814,110,40.64,60.795,42,799,2506
2025-05-26,9,5,1780,1262,111,40.64,60.795,42,799,2506
2025-06-02,9,5,1858,1485,50,40.64,60.795,42,799,2506
2025-06-09,9,5,1687,1261,97,40.64,60.795,42,799,2506
2025-06-16,9,5,1812,1079,138,40.64,60.795,42,799,2506
2025-06-23,9,5,2273,1143,141,40.64,60.795,42,799,2506
2025-06-30,9,5,2091,639,130,40.64,60.795,42,799,2506
2025-04-07,9,6,3477,818,121,34.024,85.02,42,987,2416
2025-04-14,9,6,1528,1133,86,34.024,85.02,42,987,2416
2025-04-21,9,6,2161,855,43,34.024,85.02,42,987,2416
2025-04-28,9,6,1855,795,73,34.024,85.02,42,987,2416
2025-05-05,9,6,1782,1378,70,34.024,85.02,42,987,2416
2025-05-12,9,6,1510,1092,128,34.024,85.02,42,987,2416
2025-05-19,9,6,1970,851,134,34.024,85.02,42,987,2416
2025-05-26,9,6,1522,1011,130,34.024,85.02,42,987,2416
2025-06-02,9,6,2558,716,136,34.024,85.02,42,987,2416
2025-06-09,9,6,2713,551,90,34.024,85.02,42,987,2416
2025-06-16,9,6,2089,1171,66,34.024,85.02,42,987,2416
2025-06-23,9,6,1783,1415,59,34.024,85.02,42,987,2416
2025-06-30,9,6,2138,841,61,34.024,85.02,42,987,2416
2025-04-07,9,7,864,431,19,14.38,65.245,42,715,1319
2025-04-14,9,7,774,330,46,14.38,65.245,42,715,1319
2025-04-21,9,7,788,346,48,14.38,65.245,42,715,1319
2025-04-28,9,7,848,491,34,14.38,65.245,42,715,1319
2025-05-05,9,7,1116,222,39,14.38,65.245,42,715,1319
2025-05-12,9,7,854,441,40,14.38,65.245,42,715,1319
2025-05-19,9,7,773,517,48,14.38,65.245,42,715,1319
2025-05-26,9,7,739,494,20,14.38,65.245,42,715,1319
2025-06-02,9,7,1178,289,29,14.38,65.245,42,715,1319
2025-06-09,9,7,819,206,30,14.38,65.245,42,715,1319
2025-06-16,9,7,778,414,35,14.38,65.245,42,715,1319
2025-06-23,9,7,776,470,24,14.38,65.245,42,715,1319
2025-06-30,9,7,648,498,37,14.38,65.245,42,715,1319
2025-04-07,9,8,892,291,44,13.647,50.548,42,561,1135
2025-04-14,9,8,693,269,23,13.647,50.548,42,561,1135
2025-04-21,9,8,765,208,30,13.647,50.548,42,561,1135
2025-04-28,9,8,912,243,41,13.647,50.548,42,561,1135
2025-05-05,9,8,952,313,25,13.647,50.548,42,561,1135
2025-05-12,9,8,767,327,34,13.647,50.548,42,561,1135
2025-05-19,9,8,613,300,30,13.647,50.548,42,561,1135
2025-05-26,9,8,719,357,44,13.647,50.548,42,561,1135
2025-06-02,9,8,547,343,17,13.647,50.548,42,561,1135
2025-06-09,9,8,640,436,22,13.647,50.548,42,561,1135
2025-06-16,9,8,683,381,39,13.647,50.548,42,561,1135
2025-06-23,9,8,581,369,19,13.647,50.548,42,561,1135
2025-06-30,9,8,755,289,53,13.647,50.548,42,561,1135
2025-04-07,10,1,1146,894,88,24.298,66.203,47,812,1954
2025-04-14,10,1,1317,344,89,24.298,66.203,47,812,1954
2025-04-21,10,1,1201,545,57,24.298,66.203,47,812,1954
2025-04-28,10,1,1034,843,35,24.298,66.203,47,812,1954
2025-05-05,10,1,1215,662,58,24.298,66.203,47,812,1954
2025-05-12,10,1,1298,652,43,24.298,66.203,47,812,1954
2025-05-19,10,1,1023,712,47,24.298,66.203,47,812,1954
2025-05-26,10,1,1557,370,85,24.298,66.203,47,812,1954
2025-06-02,10,1,1643,376,51,24.298,66.203,47,812,1954
2025-06-09,10,1,1149,624,43,24.298,66.203,47,812,1954
2025-06-16,10,1,1324,457,50,24.298,66.203,47,812,1954
2025-06-23,10,1,1397,393,27,24.298,66.203,47,812,1954
2025-06-30,10,1,1035,748,97,24.298,66.203,47,812,1954
2025-04-07,10,2,814,395,45,16.773,74.682,47,871,1659
2025-04-14,10,2,844,205,34,16.773,74.682,47,871,1659
2025-04-21,10,2,820,491,29,16.773,74.682,47,871,1659
2025-04-28,10,2,632,359,63,16.773,74.682,47,871,1659
2025-05-05,10,2,1076,201,58,16.773,74.682,47,871,1659
2025-05-12,10,2,974,569,48,16.773,74.682,47,871,1659
2025-05-19,10,2,1135,242,37,16.773,74.682,47,871,1659
2025-05-26,10,2,838,567,37,16.773,74.682,47,871,1659
2025-06-02,10,2,755,478,26,16.773,74.682,47,871,1659
2025-06-09,10,2,844,306,28,16.773,74.682,47,871,1659
2025-06-16,10,2,981,186,64,16.773,74.682,47,871,1659
2025-06-23,10,2,907,216,38,16.773,74.682,47,871,1659
2025-06-30,10,2,988,284,30,16.773,74.682,47,871,1659
2025-04-07,10,3,928,434,74,21.818,55.385,47,687,1713
2025-04-14,10,3,857,596,48,21.818,55.385,47,687,1713
2025-04-21,10,3,947,445,66,21.818,55.385,47,687,1713
2025-04-28,10,3,1037,258,46,21.818,55.385,47,687,1713
2025-05-05,10,3,768,616,30,21.818,55.385,47,687,1713
2025-05-12,10,3,771,613,43,21.818,55.385,47,687,1713
2025-05-19,10,3,826,451,41,21.818,55.385,47,687,1713
2025-05-26,10,3,950,316,64,21.818,55.385,47,687,1713
2025-06-02,10,3,825,564,36,21.818,55.385,47,687,1713
2025-06-09,10,3,1052,495,46,21.818,55.385,47,687,1713
2025-06-16,10,3,1093,374,71,21.818,55.385,47,687,1713
2025-06-23,10,3,914,391,69,21.818,55.385,47,687,1713
2025-06-30,10,3,808,341,61,21.818,55.385,47,687,1713
2025-04-07,10,4,1465,957,74,20.28,66.861,47,800,1753
2025-04-14,10,4,1485,804,33,20.28,66.861,47,800,1753
2025-04-21,10,4,1132,873,73,20.28,66.861,47,800,1753
2025-04-28,10,4,1732,598,65,20.28,66.861,47,800,1753
2025-05-05,10,4,1638,516,61,20.28,66.861,47,800,1753
2025-05-12,10,4,1828,676,38,20.28,66.861,47,800,1753
2025-05-19,10,4,1624,521,30,20.28,66.861,47,800,1753
2025-05-26,10,4,1068,703,75,20.28,66.861,47,800,1753
2025-06-02,10,4,1810,429,28,20.28,66.861,47,800,1753
2025-06-09,10,4,1838,448,48,20.28,66.861,47,800,1753
2025-06-16,10,4,1443,475,30,20.28,66.861,47,800,1753
2025-06-23,10,4,1293,492,47,20.28,66.861,47,800,1753
2025-06-30,10,4,1082,763,41,20.28,66.861,47,800,1753
2025-04-07,10,5,1214,502,64,21.507,71.89,47,859,1870
2025-04-14,10,5,1068,520,73,21.507,71.89,47,859,1870
2025-04-21,10,5,1158,230,22,21.507,71.89,47,859,1870
2025-04-28,10,5,1354,275,32,21.507,71.89,47,859,1870
2025-05-05,10,5,1193,429,44,21.507,71.89,47,859,1870
2025-05-12,10,5,938,485,72,21.507,71.89,47,859,1870
2025-05-19,10,5,1163,220,32,21.507,71.89,47,859,1870
2025-05-26,10,5,929,516,40,21.507,71.89,47,859,1870
2025-06-02,10,5,1219,247,26,21.507,71.89,47,859,1870
2025-06-09,10,5,1079,234,43,21.507,71.89,47,859,1870
2025-06-16,10,5,772,268,64,21.507,71.89,47,859,1870
2025-06-23,10,5,715,384,64,21.507,71.89,47,859,1870
2025-06-30,10,5,689,509,42,21.507,71.89,47,859,1870
2025-04-07,10,6,1974,687,101,36.515,67.591,47,901,2617
2025-04-14,10,6,2202,1022,85,36.515,67.591,47,901,2617
2025-04-21,10,6,2247,800,131,36.515,67.591,47,901,2617
2025-04-28,10,6,1810,356,37,36.515,67.591,47,901,2617
2025-05-05,10,6,1596,803,57,36.515,67.591,47,901,2617
2025-05-12,10,6,1864,588,128,36.515,67.591,47,901,2617
2025-05-19,10,6,1370,1018,137,36.515,67.591,47,901,2617
2025-05-26,10,6,1700,1053,73,36.515,67.591,47,901,2617
2025-06-02,10,6,1623,650,49,36.515,67.591,47,901,2617
2025-06-09,10,6,1121,887,129,36.515,67.591,47,901,2617
2025-06-16,10,6,1329,699,58,36.515,67.591,47,901,2617
2025-06-23,10,6,1704,358,137,36.515,67.591,47,901,2617
2025-06-30,10,6,1621,471,121,36.515,67.591,47,901,2617
2025-04-07,10,7,1343,673,77,29.796,62.304,47,805,2205
2025-04-14,10,7,1636,445,47,29.796,62.304,47,805,2205
2025-04-21,10,7,1300,557,76,29.796,62.304,47,805,2205
2025-04-28,10,7,1242,891,41,29.796,62.304,47,805,2205
2025-05-05,10,7,1165,926,63,29.796,62.304,47,805,2205
2025-05-12,10,7,1372,953,117,29.796,62.304,47,805,2205
2025-05-19,10,7,1583,607,75,29.796,62.304,47,805,2205
2025-05-26,10,7,1447,452,58,29.796,62.304,47,805,2205
2025-06-02,10,7,1394,587,89,29.796,62.304,47,805,2205
2025-06-09,10,7,1426,458,93,29.796,62.304,47,805,2205
2025-06-16,10,7,1351,750,98,29.796,62.304,47,805,2205
2025-06-23,10,7,1611,505,49,29.796,62.304,47,805,2205
2025-06-30,10,7,1442,470,66,29.796,62.304,47,805,2205
2025-04-07,10,8,1087,798,11,8.631,67.81,47,773,1179
2025-04-14,10,8,1313,622,13,8.631,67.81,47,773,1179
2025-04-21,10,8,1611,402,22,8.631,67.81,47,773,1179
2025-04-28,10,8,1523,542,31,8.631,67.81,47,773,1179
2025-05-05,10,8,1331,867,17,8.631,67.81,47,773,1179
2025-05-12,10,8,2104,451,25,8.631,67.81,47,773,1179
2025-05-19,10,8,1309,740,31,8.631,67.81,47,773,1179
2025-05-26,10,8,1640,690,30,8.631,67.81,47,773,1179
2025-06-02,10,8,1250,798,19,8.631,67.81,47,773,1179
2025-06-09,10,8,1455,878,16,8.631,67.81,47,773,1179
2025-06-16,10,8,1524,607,12,8.631,67.81,47,773,1179
2025-06-23,10,8,1399,738,10,8.631,67.81,47,773,1179
2025-06-30,10,8,1584,283,10,8.631,67.81,47,773,1179
2025-04-07,11,2,1699,1163,113,45.459,79.481,35,894,2485
2025-04-14,11,2,3221,760,168,45.459,79.481,35,894,2485
2025-04-21,11,2,2296,1488,112,45.459,79.481,35,894,2485
2025-04-28,11,2,2423,686,118,45.459,79.481,35,894,2485
2025-05-05,11,2,2241,763,119,45.459,79.481,35,894,2485
2025-05-12,11,2,3061,760,70,45.459,79.481,35,894,2485
2025-05-19,11,2,3259,732,167,45.459,79.481,35,894,2485
2025-05-26,11,2,2312,1696,155,45.459,79.481,35,894,2485
2025-06-02,11,2,1769,1290,59,45.459,79.481,35,894,2485
2025-06-09,11,2,2436,641,137,45.459,79.481,35,894,2485
2025-06-16,11,2,2266,1303,146,45.459,79.481,35,894,2485
2025-06-23,11,2,2985,581,163,45.459,79.481,35,894,2485
2025-06-30,11,2,2132,1142,149,45.459,79.481,35,894,2485
2025-04-07,11,3,1146,760,69,19.261,68.334,35,692,1366
2025-04-14,11,3,1234,554,46,19.261,68.334,35,692,1366
2025-04-21,11,3,1240,695,39,19.261,68.334,35,692,1366
2025-04-28,11,3,1300,773,68,19.261,68.334,35,692,1366
2025-05-05,11,3,1080,657,41,19.261,68.334,35,692,1366
2025-05-12,11,3,1389,355,23,19.261,68.334,35,692,1366
2025-05-19,11,3,1302,734,23,19.261,68.334,35,692,1366
2025-05-26,11,3,1184,742,65,19.261,68.334,35,692,1366
2025-06-02,11,3,1530,417,44,19.261,68.334,35,692,1366
2025-06-09,11,3,1453,416,63,19.261,68.334,35,692,1366
2025-06-16,11,3,1322,694,43,19.261,68.334,35,692,1366
2025-06-23,11,3,1310,554,40,19.261,68.334,35,692,1366
2025-06-30,11,3,1434,299,65,19.261,68.334,35,692,1366
2025-04-07,11,4,901,416,30,22.949,69.176,35,710,1513
2025-04-14,11,4,1151,296,41,22.949,69.176,35,710,1513
2025-04-21,11,4,1079,688,45,22.949,69.176,35,710,1513
2025-04-28,11,4,1352,307,33,22.949,69.176,35,710,1513
2025-05-05,11,4,1138,266,27,22.949,69.176,35,710,1513
2025-05-12,11,4,965,479,42,22.949,69.176,35,710,1513
2025-05-19,11,4,1117,334,59,22.949,69.176,35,710,1513
2025-05-26,11,4,893,487,41,22.949,69.176,35,710,1513
2025-06-02,11,4,1195,306,70,22.949,69.176,35,710,1513
2025-06-09,11,4,1105,236,49,22.949,69.176,35,710,1513
2025-06-16,11,4,1030,318,49,22.949,69.176,35,710,1513
2025-06-23,11,4,966,777,66,22.949,69.176,35,710,1513
2025-06-30,11,4,991,308,74,22.949,69.176,35,710,1513
2025-04-07,11,5,1236,466,68,24.805,61.459,35,646,1514
2025-04-14,11,5,759,489,50,24.805,61.459,35,646,1514
2025-04-21,11,5,1180,466,82,24.805,61.459,35,646,1514
2025-04-28,11,5,1214,249,67,24.805,61.459,35,646,1514
2025-05-05,11,5,1199,519,92,24.805,61.459,35,646,1514
2025-05-12,11,5,1404,487,29,24.805,61.459,35,646,1514
2025-05-19,11,5,914,714,88,24.805,61.459,35,646,1514
2025-05-26,11,5,1094,360,71,24.805,61.459,35,646,1514
2025-06-02,11,5,773,603,74,24.805,61.459,35,646,1514
2025-06-09,11,5,1131,332,91,24.805,61.459,35,646,1514
2025-06-16,11,5,1470,291,93,24.805,61.459,35,646,1514
2025-06-23,11,5,949,528,66,24.805,61.459,35,646,1514
2025-06-30,11,5,1368,251,81,24.805,61.459,35,646,1514
2025-04-07,11,6,837,485,62,44.774,71.25,35,822,2389
2025-04-14,11,6,794,295,51,44.774,71.25,35,822,2389
2025-04-21,11,6,796,396,58,44.774,71.25,35,822,2389
2025-04-28,11,6,666,478,145,44.774,71.25,35,822,2389
2025-05-05,11,6,817,402,46,44.774,71.25,35,822,2389
2025-05-12,11,6,701,170,104,44.774,71.25,35,822,2389
2025-05-19,11,6,821,154,107,44.774,71.25,35,822,2389
2025-05-26,11,6,770,175,46,44.774,71.25,35,822,2389
2025-06-02,11,6,1081,273,52,44.774,71.25,35,822,2389
2025-06-09,11,6,735,259,95,44.774,71.25,35,822,2389
2025-06-16,11,6,628,359,107,44.774,71.25,35,822,2389
2025-06-23,11,6,924,198,146,44.774,71.25,35,822,2389
2025-06-30,11,6,672,484,172,44.774,71.25,35,822,2389
2025-04-07,11,7,1277,586,75,22.665,64.069,35,662,1456
2025-04-14,11,7,1413,352,85,22.665,64.069,35,662,1456
2025-04-21,11,7,1604,290,79,22.665,64.069,35,662,1456
2025-04-28,11,7,1326,483,74,22.665,64.069,35,662,1456
2025-05-05,11,7,1328,470,75,22.665,64.069,35,662,1456
2025-05-12,11,7,1433,550,77,22.665,64.069,35,662,1456
2025-05-19,11,7,1272,592,31,22.665,64.069,35,662,1456
2025-05-26,11,7,1275,732,70,22.665,64.069,35,662,1456
2025-06-02,11,7,1441,566,57,22.665,64.069,35,662,1456
2025-06-09,11,7,1376,421,44,22.665,64.069,35,662,1456
2025-06-16,11,7,1589,651,87,22.665,64.069,35,662,1456
2025-06-23,11,7,1738,327,79,22.665,64.069,35,662,1456
2025-06-30,11,7,1158,733,84,22.665,64.069,35,662,1456
2025-04-07,11,8,720,454,30,19.354,90.847,35,905,1582
2025-04-14,11,8,799,268,38,19.354,90.847,35,905,1582
2025-04-21,11,8,1123,257,62,19.354,90.847,35,905,1582
2025-04-28,11,8,1050,309,67,19.354,90.847,35,905,1582
2025-05-05,11,8,619,491,65,19.354,90.847,35,905,1582
2025-05-12,11,8,1102,320,21,19.354,90.847,35,905,1582
2025-05-19,11,8,849,176,27,19.354,90.847,35,905,1582
2025-05-26,11,8,1037,219,24,19.354,90.847,35,905,1582
2025-06-02,11,8,1134,221,59,19.354,90.847,35,905,1582
2025-06-09,11,8,811,359,23,19.354,90.847,35,905,1582
2025-06-16,11,8,1178,286,55,19.354,90.847,35,905,1582
2025-06-23,11,8,816,529,56,19.354,90.847,35,905,1582
2025-06-30,11,8,696,527,64,19.354,90.847,35,905,1582
2025-04-07,12,1,1364,864,71,29.13,79.965,18,576,1101
2025-04-14,12,1,1716,581,100,29.13,79.965,18,576,1101
2025-04-21,12,1,1304,501,100,29.13,79.965,18,576,1101
2025-04-28,12,1,1523,608,33,29.13,79.965,18,576,1101
2025-05-05,12,1,1372,937,111,29.13,79.965,18,576,1101
2025-05-12,12,1,1450,1176,87,29.13,79.965,18,576,1101
2025-05-19,12,1,2156,403,65,29.13,79.965,18,576,1101
2025-05-26,12,1,1592,749,40,29.13,79.965,18,576,1101
2025-06-02,12,1,1980,434,79,29.13,79.965,18,576,1101
2025-06-09,12,1,1913,464,115,29.13,79.965,18,576,1101
2025-06-16,12,1,1725,783,74,29.13,79.965,18,576,1101
2025-06-23,12,1,1883,663,35,29.13,79.965,18,576,1101
2025-06-30,12,1,1623,799,68,29.13,79.965,18,576,1101
2025-04-07,12,2,859,203,28,22.814,73.96,18,528,939
2025-04-14,12,2,655,272,90,22.814,73.96,18,528,939
2025-04-21,12,2,570,434,49,22.814,73.96,18,528,939
2025-04-28,12,2,645,271,88,22.814,73.96,18,528,939
2025-05-05,12,2,956,175,68,22.814,73.96,18,528,939
2025-05-12,12,2,730,145,80,22.814,73.96,18,528,939
2025-05-19,12,2,758,162,78,22.814,73.96,18,528,939
2025-05-26,12,2,657,354,71,22.814,73.96,18,528,939
2025-06-02,12,2,822,146,43,22.814,73.96,18,528,939
2025-06-09,12,2,895,162,61,22.814,73.96,18,528,939
2025-06-16,12,2,639,507,77,22.814,73.96,18,528,939
2025-06-23,12,2,722,328,37,22.814,73.96,18,528,939
2025-06-30,12,2,859,271,50,22.814,73.96,18,528,939
2025-04-07,12,3,500,333,62,22.806,71.116,18,509,919
2025-04-14,12,3,566,253,65,22.806,71.116,18,509,919
2025-04-21,12,3,550,348,65,22.806,71.116,18,509,919
2025-04-28,12,3,390,281,57,22.806,71.116,18,509,919
2025-05-05,12,3,525,313,59,22.806,71.116,18,509,919
2025-05-12,12,3,686,168,63,22.806,71.116,18,509,919
2025-05-19,12,3,640,127,82,22.806,71.116,18,509,919
2025-05-26,12,3,660,143,32,22.806,71.116,18,509,919
2025-06-02,12,3,545,344,83,22.806,71.116,18,509,919
2025-06-09,12,3,816,192,82,22.806,71.116,18,509,919
2025-06-16,12,3,589,300,30,22.806,71.116,18,509,919
2025-06-23,12,3,484,386,83,22.806,71.116,18,509,919
2025-06-30,12,3,442,274,65,22.806,71.116,18,509,919
2025-04-07,12,4,887,224,131,35.358,67.922,18,505,1142
2025-04-14,12,4,839,353,71,35.358,67.922,18,505,1142
2025-04-21,12,4,778,603,54,35.358,67.922,18,505,1142
2025-04-28,12,4,990,282,91,35.358,67.922,18,505,1142
2025-05-05,12,4,1103,224,129,35.358,67.922,18,505,1142
2025-05-12,12,4,1120,201,101,35.358,67.922,18,505,1142
2025-05-19,12,4,707,503,37,35.358,67.922,18,505,1142
2025-05-26,12,4,861,340,87,35.358,67.922,18,505,1142
2025-06-02,12,4,966,413,55,35.358,67.922,18,505,1142
2025-06-09,12,4,717,514,43,35.358,67.922,18,505,1142
2025-06-16,12,4,770,441,128,35.358,67.922,18,505,1142
2025-06-23,12,4,1122,398,58,35.358,67.922,18,505,1142
2025-06-30,12,4,968,477,88,35.358,67.922,18,505,1142
2025-04-07,12,5,673,255,37,15.093,55.93,18,397,669
2025-04-14,12,5,608,150,43,15.093,55.93,18,397,669
2025-04-21,12,5,641,321,21,15.093,55.93,18,397,669
2025-04-28,12,5,475,340,51,15.093,55.93,18,397,669
2025-05-05,12,5,724,245,48,15.093,55.93,18,397,669
2025-05-12,12,5,529,412,57,15.093,55.93,18,397,669
2025-05-19,12,5,685,275,49,15.093,55.93,18,397,669
2025-05-26,12,5,621,353,42,15.093,55.93,18,397,669
2025-06-02,12,5,753,297,19,15.093,55.93,18,397,669
2025-06-09,12,5,735,321,48,15.093,55.93,18,397,669
2025-06-16,12,5,830,197,56,15.093,55.93,18,397,669
2025-06-23,12,5,884,266,33,15.093,55.93,18,397,669
2025-06-30,12,5,805,165,31,15.093,55.93,18,397,669
2025-04-07,12,6,410,274,85,25.898,73.977,18,532,998
2025-04-14,12,6,469,97,82,25.898,73.977,18,532,998
2025-04-21,12,6,669,176,97,25.898,73.977,18,532,998
2025-04-28,12,6,636,253,96,25.898,73.977,18,532,998
2025-05-05,12,6,755,166,38,25.898,73.977,18,532,998
2025-05-12,12,6,678,215,83,25.898,73.977,18,532,998
2025-05-19,12,6,533,188,94,25.898,73.977,18,532,998
2025-05-26,12,6,408,320,81,25.898,73.977,18,532,998
2025-06-02,12,6,748,157,38,25.898,73.977,18,532,998
2025-06-09,12,6,576,175,43,25.898,73.977,18,532,998
2025-06-16,12,6,682,222,100,25.898,73.977,18,532,998
2025-06-23,12,6,690,259,32,25.898,73.977,18,532,998
2025-06-30,12,6,616,264,90,25.898,73.977,18,532,998
2025-04-07,12,7,696,318,73,29.63,61.771,18,455,989
2025-04-14,12,7,492,297,43,29.63,61.771,18,455,989
2025-04-21,12,7,552,287,77,29.63,61.771,18,455,989
2025-04-28,12,7,454,338,58,29.63,61.771,18,455,989
2025-05-05,12,7,452,281,95,29.63,61.771,18,455,989
2025-05-12,12,7,514,391,49,29.63,61.771,18,455,989
2025-05-19,12,7,594,136,33,29.63,61.771,18,455,989
2025-05-26,12,7,617,410,60,29.63,61.771,18,455,989
2025-06-02,12,7,488,344,56,29.63,61.771,18,455,989
2025-06-09,12,7,593,342,65,29.63,61.771,18,455,989
2025-06-16,12,7,582,354,51,29.63,61.771,18,455,989
2025-06-23,12,7,765,149,93,29.63,61.771,18,455,989
2025-06-30,12,7,560,434,84,29.63,61.771,18,455,989
2025-04-07,12,8,436,216,65,21.576,60.143,18,433,821
2025-04-14,12,8,408,251,53,21.576,60.143,18,433,821
2025-04-21,12,8,421,288,80,21.576,60.143,18,433,821
2025-04-28,12,8,538,123,53,21.576,60.143,18,433,821
2025-05-05,12,8,402,160,23,21.576,60.143,18,433,821
2025-05-12,12,8,582,103,72,21.576,60.143,18,433,821
2025-05-19,12,8,520,362,27,21.576,60.143,18,433,821
2025-05-26,12,8,704,143,55,21.576,60.143,18,433,821
2025-06-02,12,8,646,117,23,21.576,60.143,18,433,821
2025-06-09,12,8,572,155,69,21.576,60.143,18,433,821
2025-06-16,12,8,546,328,26,21.576,60.143,18,433,821
2025-06-23,12,8,690,135,61,21.576,60.143,18,433,821
2025-06-30,12,8,642,119,71,21.576,60.143,18,433,821
2025-04-07,13,1,900,327,45,27.73,78.87,28,710,1487
2025-04-14,13,1,765,254,96,27.73,78.87,28,710,1487
2025-04-21,13,1,894,483,87,27.73,78.87,28,710,1487
2025-04-28,13,1,755,476,65,27.73,78.87,28,710,1487
2025-05-05,13,1,861,649,30,27.73,78.87,28,710,1487
2025-05-12,13,1,735,412,45,27.73,78.87,28,710,1487
2025-05-19,13,1,848,571,85,27.73,78.87,28,710,1487
2025-05-26,13,1,800,470,48,27.73,78.87,28,710,1487
2025-06-02,13,1,882,293,108,27.73,78.87,28,710,1487
2025-06-09,13,1,854,448,61,27.73,78.87,28,710,1487
2025-06-16,13,1,999,349,108,27.73,78.87,28,710,1487
2025-06-23,13,1,981,323,98,27.73,78.87,28,710,1487
2025-06-30,13,1,981,208,51,27.73,78.87,28,710,1487
2025-04-07,13,2,1343,571,78,19.975,70.814,28,630,1190
2025-04-14,13,2,1049,552,29,19.975,70.814,28,630,1190
2025-04-21,13,2,1010,799,50,19.975,70.814,28,630,1190
2025-04-28,13,2,1292,347,66,19.975,70.814,28,630,1190
2025-05-05,13,2,976,638,61,19.975,70.814,28,630,1190
2025-05-12,13,2,1472,666,77,19.975,70.814,28,630,1190
2025-05-19,13,2,1139,732,42,19.975,70.814,28,630,1190
2025-05-26,13,2,1171,396,35,19.975,70.814,28,630,1190
2025-06-02,13,2,1015,677,48,19.975,70.814,28,630,1190
2025-06-09,13,2,1413,494,73,19.975,70.814,28,630,1190
2025-06-16,13,2,1778,399,26,19.975,70.814,28,630,1190
2025-06-23,13,2,1448,452,28,19.975,70.814,28,630,1190
2025-06-30,13,2,1137,636,51,19.975,70.814,28,630,1190
2025-04-07,13,3,1033,474,49,33.817,74.972,28,689,1636
2025-04-14,13,3,1041,440,105,33.817,74.972,28,689,1636
2025-04-21,13,3,1376,390,67,33.817,74.972,28,689,1636
2025-04-28,13,3,1323,503,121,33.817,74.972,28,689,1636
2025-05-05,13,3,1734,381,53,33.817,74.972,28,689,1636
2025-05-12,13,3,1465,286,115,33.817,74.972,28,689,1636
2025-05-19,13,3,1150,479,85,33.817,74.972,28,689,1636
2025-05-26,13,3,1495,308,127,33.817,74.972,28,689,1636
2025-06-02,13,3,1357,307,128,33.817,74.972,28,689,1636
2025-06-09,13,3,1303,411,98,33.817,74.972,28,689,1636
2025-06-16,13,3,1270,368,92,33.817,74.972,28,689,1636
2025-06-23,13,3,1362,622,97,33.817,74.972,28,689,1636
2025-06-30,13,3,1208,360,34,33.817,74.972,28,689,1636
2025-04-07,13,4,929,437,26,23.465,64.151,28,579,1236
2025-04-14,13,4,965,363,76,23.465,64.151,28,579,1236
2025-04-21,13,4,897,406,51,23.465,64.151,28,579,1236
2025-04-28,13,4,865,163,74,23.465,64.151,28,579,1236
2025-05-05,13,4,658,439,26,23.465,64.151,28,579,1236
2025-05-12,13,4,590,393,88,23.465,64.151,28,579,1236
2025-05-19,13,4,919,416,78,23.465,64.151,28,579,1236
2025-05-26,13,4,1112,254,89,23.465,64.151,28,579,1236
2025-06-02,13,4,690,387,57,23.465,64.151,28,579,1236
2025-06-09,13,4,786,392,41,23.465,64.151,28,579,1236
2025-06-16,13,4,931,385,88,23.465,64.151,28,579,1236
2025-06-23,13,4,1121,213,34,23.465,64.151,28,579,1236
2025-06-30,13,4,1129,342,77,23.465,64.151,28,579,1236
2025-04-07,13,5,676,234,12,10.343,64.195,28,563,853
2025-04-14,13,5,443,343,23,10.343,64.195,28,563,853
2025-04-21,13,5,461,340,36,10.343,64.195,28,563,853
2025-04-28,13,5,681,259,17,10.343,64.195,28,563,853
2025-05-05,13,5,621,241,24,10.343,64.195,28,563,853
2025-05-12,13,5,607,263,16,10.343,64.195,28,563,853
2025-05-19,13,5,589,146,20,10.343,64.195,28,563,853
2025-05-26,13,5,504,350,13,10.343,64.195,28,563,853
2025-06-02,13,5,584,353,12,10.343,64.195,28,563,853
2025-06-09,13,5,594,476,23,10.343,64.195,28,563,853
2025-06-16,13,5,738,290,34,10.343,64.195,28,563,853
2025-06-23,13,5,746,144,11,10.343,64.195,28,563,853
2025-06-30,13,5,648,422,28,10.343,64.195,28,563,853
2025-04-07,13,6,763,366,48,23.22,75.048,28,671,1321
2025-04-14,13,6,912,578,26,23.22,75.048,28,671,1321
2025-04-21,13,6,743,570,75,23.22,75.048,28,671,1321
2025-04-28,13,6,1117,397,41,23.22,75.048,28,671,1321
2025-05-05,13,6,1001,500,91,23.22,75.048,28,671,1321
2025-05-12,13,6,1256,229,65,23.22,75.048,28,671,1321
2025-05-19,13,6,767,591,67,23.22,75.048,28,671,1321
2025-05-26,13,6,905,636,88,23.22,75.048,28,671,1321
2025-06-02,13,6,943,639,77,23.22,75.048,28,671,1321
2025-06-09,13,6,961,316,81,23.22,75.048,28,671,1321
2025-06-16,13,6,1107,343,74,23.22,75.048,28,671,1321
2025-06-23,13,6,957,193,33,23.22,75.048,28,671,1321
2025-06-30,13,6,1051,296,78,23.22,75.048,28,671,1321
2025-04-07,13,7,1143,239,52,27.282,86.781,28,776,1540
2025-04-14,13,7,848,391,48,27.282,86.781,28,776,1540
2025-04-21,13,7,858,285,77,27.282,86.781,28,776,1540
2025-04-28,13,7,887,455,43,27.282,86.781,28,776,1540
2025-05-05,13,7,867,529,85,27.282,86.781,28,776,1540
2025-05-12,13,7,899,371,96,27.282,86.781,28,776,1540
2025-05-19,13,7,864,510,66,27.282,86.781,28,776,1540
2025-05-26,13,7,878,413,44,27.282,86.781,28,776,1540
2025-06-02,13,7,1102,448,34,27.282,86.781,28,776,1540
2025-06-09,13,7,991,327,45,27.282,86.781,28,776,1540
2025-06-16,13,7,948,528,36,27.282,86.781,28,776,1540
2025-06-23,13,7,910,707,70,27.282,86.781,28,776,1540
2025-06-30,13,7,1037,293,104,27.282,86.781,28,776,1540
2025-04-07,13,8,597,412,38,20.245,58.114,28,523,1090
2025-04-14,13,8,792,300,38,20.245,58.114,28,523,1090
2025-04-21,13,8,817,175,23,20.245,58.114,28,523,1090
2025-04-28,13,8,843,496,71,20.245,58.114,28,523,1090
2025-05-05,13,8,849,174,74,20.245,58.114,28,523,1090
2025-05-12,13,8,596,445,75,20.245,58.114,28,523,1090
2025-05-19,13,8,796,342,76,20.245,58.114,28,523,1090
2025-05-26,13,8,927,222,46,20.245,58.114,28,523,1090
2025-06-02,13,8,755,430,56,20.245,58.114,28,523,1090
2025-06-09,13,8,907,195,63,20.245,58.114,28,523,1090
2025-06-16,13,8,880,331,39,20.245,58.114,28,523,1090
2025-06-23,13,8,747,536,57,20.245,58.114,28,523,1090
2025-06-30,13,8,792,354,58,20.245,58.114,28,523,1090
2025-04-07,14,1,2952,2334,78,41.852,62.805,42,867,2625
2025-04-14,14,1,3751,1436,57,41.852,62.805,42,867,2625
2025-04-21,14,1,2798,2107,138,41.852,62.805,42,867,2625
2025-04-28,14,1,3254,1034,61,41.852,62.805,42,867,2625
2025-05-05,14,1,4387,840,116,41.852,62.805,42,867,2625
2025-05-12,14,1,3910,756,96,41.852,62.805,42,867,2625
2025-05-19,14,1,3687,1603,95,41.852,62.805,42,867,2625
2025-05-26,14,1,2372,1455,141,41.852,62.805,42,867,2625
2025-06-02,14,1,3441,1235,73,41.852,62.805,42,867,2625
2025-06-09,14,1,2751,1718,130,41.852,62.805,42,867,2625
2025-06-16,14,1,3082,2037,141,41.852,62.805,42,867,2625
2025-06-23,14,1,2725,1948,121,41.852,62.805,42,867,2625
2025-06-30,14,1,3776,1590,136,41.852,62.805,42,867,2625
2025-04-07,14,2,565,430,37,12.183,46.595,42,522,1034
2025-04-14,14,2,717,341,28,12.183,46.595,42,522,1034
2025-04-21,14,2,847,221,44,12.183,46.595,42,522,1034
2025-04-28,14,2,642,298,17,12.183,46.595,42,522,1034
2025-05-05,14,2,564,297,15,12.183,46.595,42,522,1034
2025-05-12,14,2,821,228,31,12.183,46.595,42,522,1034
2025-05-19,14,2,466,372,46,12.183,46.595,42,522,1034
2025-05-26,14,2,640,373,39,12.183,46.595,42,522,1034
2025-06-02,14,2,944,204,24,12.183,46.595,42,522,1034
2025-06-09,14,2,552,295,40,12.183,46.595,42,522,1034
2025-06-16,14,2,789,222,28,12.183,46.595,42,522,1034
2025-06-23,14,2,634,319,47,12.183,46.595,42,522,1034
2025-06-30,14,2,650,296,24,12.183,46.595,42,522,1034
2025-04-07,14,3,1824,408,34,26.971,61.421,42,745,1878
2025-04-14,14,3,1788,331,93,26.971,61.421,42,745,1878
2025-04-21,14,3,995,741,100,26.971,61.421,42,745,1878
2025-04-28,14,3,1278,430,34,26.971,61.421,42,745,1878
2025-05-05,14,3,1317,736,77,26.971,61.421,42,745,1878
2025-05-12,14,3,1087,751,55,26.971,61.421,42,745,1878
2025-05-19,14,3,1234,349,78,26.971,61.421,42,745,1878
2025-05-26,14,3,1653,481,86,26.971,61.421,42,745,1878
2025-06-02,14,3,973,571,94,26.971,61.421,42,745,1878
2025-06-09,14,3,1163,778,63,26.971,61.421,42,745,1878
2025-06-16,14,3,1174,683,46,26.971,61.421,42,745,1878
2025-06-23,14,3,850,670,81,26.971,61.421,42,745,1878
2025-06-30,14,3,1343,414,97,26.971,61.421,42,745,1878
2025-04-07,14,4,728,364,45,11.566,63.029,42,689,1175
2025-04-14,14,4,617,412,12,11.566,63.029,42,689,1175
2025-04-21,14,4,734,201,20,11.566,63.029,42,689,1175
2025-04-28,14,4,642,516,25,11.566,63.029,42,689,1175
2025-05-05,14,4,1049,189,38,11.566,63.029,42,689,1175
2025-05-12,14,4,777,405,36,11.566,63.029,42,689,1175
2025-05-19,14,4,657,402,13,11.566,63.029,42,689,1175
2025-05-26,14,4,586,376,24,11.566,63.029,42,689,1175
2025-06-02,14,4,809,313,33,11.566,63.029,42,689,1175
2025-06-09,14,4,573,430,25,11.566,63.029,42,689,1175
2025-06-16,14,4,577,391,22,11.566,63.029,42,689,1175
2025-06-23,14,4,706,264,20,11.566,63.029,42,689,1175
2025-06-30,14,4,629,418,13,11.566,63.029,42,689,1175
2025-04-07,14,5,1705,498,41,23.28,83.442,42,941,1919
2025-04-14,14,5,1170,734,36,23.28,83.442,42,941,1919
2025-04-21,14,5,1300,471,31,23.28,83.442,42,941,1919
2025-04-28,14,5,1216,953,25,23.28,83.442,42,941,1919
2025-05-05,14,5,1189,251,28,23.28,83.442,42,941,1919
2025-05-12,14,5,1065,795,29,23.28,83.442,42,941,1919
2025-05-19,14,5,1431,462,62,23.28,83.442,42,941,1919
2025-05-26,14,5,1241,705,93,23.28,83.442,42,941,1919
2025-06-02,14,5,1261,434,64,23.28,83.442,42,941,1919
2025-06-09,14,5,1444,260,47,23.28,83.442,42,941,1919
2025-06-16,14,5,990,708,63,23.28,83.442,42,941,1919
2025-06-23,14,5,1409,600,57,23.28,83.442,42,941,1919
2025-06-30,14,5,1199,339,83,23.28,83.442,42,941,1919
2025-04-07,14,6,2077,412,64,30.925,93.424,42,1076,2375
2025-04-14,14,6,1461,545,88,30.925,93.424,42,1076,2375
2025-04-21,14,6,2015,574,120,30.925,93.424,42,1076,2375
2025-04-28,14,6,1867,354,90,30.925,93.424,42,1076,2375
2025-05-05,14,6,1419,949,104,30.925,93.424,42,1076,2375
2025-05-12,14,6,1704,420,98,30.925,93.424,42,1076,2375
2025-05-19,14,6,2379,420,109,30.925,93.424,42,1076,2375
2025-05-26,14,6,1269,1026,39,30.925,93.424,42,1076,2375
2025-06-02,14,6,1654,625,103,30.925,93.424,42,1076,2375
2025-06-09,14,6,1938,646,38,30.925,93.424,42,1076,2375
2025-06-16,14,6,1393,1038,107,30.925,93.424,42,1076,2375
2025-06-23,14,6,1275,975,111,30.925,93.424,42,1076,2375
2025-06-30,14,6,1424,504,61,30.925,93.424,42,1076,2375
2025-04-07,14,7,482,295,18,6.055,54.749,42,589,843
2025-04-14,14,7,664,145,7,6.055,54.749,42,589,843
2025-04-21,14,7,435,335,17,6.055,54.749,42,589,843
2025-04-28,14,7,560,253,13,6.055,54.749,42,589,843
2025-05-05,14,7,509,245,8,6.055,54.749,42,589,843
2025-05-12,14,7,757,172,23,6.055,54.749,42,589,843
2025-05-19,14,7,467,318,16,6.055,54.749,42,589,843
2025-05-26,14,7,455,245,11,6.055,54.749,42,589,843
2025-06-02,14,7,563,190,17,6.055,54.749,42,589,843
2025-06-09,14,7,524,196,20,6.055,54.749,42,589,843
2025-06-16,14,7,613,219,9,6.055,54.749,42,589,843
2025-06-23,14,7,588,187,19,6.055,54.749,42,589,843
2025-06-30,14,7,380,271,9,6.055,54.749,42,589,843
2025-04-07,14,8,530,414,27,25.769,83.798,42,956,2038
2025-04-14,14,8,705,298,47,25.769,83.798,42,956,2038
2025-04-21,14,8,603,419,54,25.769,83.798,42,956,2038
2025-04-28,14,8,739,138,102,25.769,83.798,42,956,2038
2025-05-05,14,8,510,326,101,25.769,83.798,42,956,2038
2025-05-12,14,8,626,308,82,25.769,83.798,42,956,2038
2025-05-19,14,8,481,323,41,25.769,83.798,42,956,2038
2025-05-26,14,8,577,223,46,25.769,83.798,42,956,2038
2025-06-02,14,8,516,421,49,25.769,83.798,42,956,2038
2025-06-09,14,8,525,317,74,25.769,83.798,42,956,2038
2025-06-16,14,8,551,222,50,25.769,83.798,42,956,2038
2025-06-23,14,8,584,249,75,25.769,83.798,42,956,2038
2025-06-30,14,8,759,146,40,25.769,83.798,42,956,2038
2025-04-07,15,1,1197,467,89,22.721,69.872,17,487,873
2025-04-14,15,1,1420,500,55,22.721,69.872,17,487,873
2025-04-21,15,1,1271,322,88,22.721,69.872,17,487,873
2025-04-28,15,1,1136,651,84,22.721,69.872,17,487,873
2025-05-05,15,1,1578,280,71,22.721,69.872,17,487,873
2025-05-12,15,1,1377,411,32,22.721,69.872,17,487,873
2025-05-19,15,1,1324,407,56,22.721,69.872,17,487,873
2025-05-26,15,1,950,515,88,22.721,69.872,17,487,873
2025-06-02,15,1,1673,357,62,22.721,69.872,17,487,873
2025-06-09,15,1,1439,269,85,22.721,69.872,17,487,873
2025-06-16,15,1,1285,297,63,22.721,69.872,17,487,873
2025-06-23,15,1,1195,531,37,22.721,69.872,17,487,873
2025-06-30,15,1,1233,925,91,22.721,69.872,17,487,873
2025-04-07,15,2,434,113,61,33.93,85.422,17,603,1180
2025-04-14,15,2,426,95,56,33.93,85.422,17,603,1180
2025-04-21,15,2,302,223,70,33.93,85.422,17,603,1180
2025-04-28,15,2,524,142,43,33.93,85.422,17,603,1180
2025-05-05,15,2,360,186,93,33.93,85.422,17,603,1180
2025-05-12,15,2,300,234,40,33.93,85.422,17,603,1180
2025-05-19,15,2,432,149,49,33.93,85.422,17,603,1180
2025-05-26,15,2,498,167,126,33.93,85.422,17,603,1180
2025-06-02,15,2,456,123,91,33.93,85.422,17,603,1180
2025-06-09,15,2,423,194,116,33.93,85.422,17,603,1180
2025-06-16,15,2,353,240,86,33.93,85.422,17,603,1180
2025-06-23,15,2,463,117,65,33.93,85.422,17,603,1180
2025-06-30,15,2,540,134,41,33.93,85.422,17,603,1180
2025-04-07,15,3,604,214,103,26.385,77.776,17,543,992
2025-04-14,15,3,629,163,29,26.385,77.776,17,543,992
2025-04-21,15,3,548,319,102,26.385,77.776,17,543,992
2025-04-28,15,3,533,350,27,26.385,77.776,17,543,992
2025-05-05,15,3,718,319,78,26.385,77.776,17,543,992
2025-05-12,15,3,617,207,54,26.385,77.776,17,543,992
2025-05-19,15,3,453,350,78,26.385,77.776,17,543,992
2025-05-26,15,3,802,164,30,26.385,77.776,17,543,992
2025-06-02,15,3,749,366,97,26.385,77.776,17,543,992
2025-06-09,15,3,534,405,45,26.385,77.776,17,543,992
2025-06-16,15,3,654,292,100,26.385,77.776,17,543,992
2025-06-23,15,3,519,404,78,26.385,77.776,17,543,992
2025-06-30,15,3,885,219,75,26.385,77.776,17,543,992
2025-04-07,15,4,232,117,46,19.616,60.287,17,420,754
2025-04-14,15,4,257,60,24,19.616,60.287,17,420,754
2025-04-21,15,4,230,147,45,19.616,60.287,17,420,754
2025-04-28,15,4,228,160,69,19.616,60.287,17,420,754
2025-05-05,15,4,289,65,65,19.616,60.287,17,420,754
2025-05-12,15,4,194,63,26,19.616,60.287,17,420,754
2025-05-19,15,4,295,75,76,19.616,60.287,17,420,754
2025-05-26,15,4,178,91,40,19.616,60.287,17,420,754
2025-06-02,15,4,279,60,67,19.616,60.287,17,420,754
2025-06-09,15,4,220,109,47,19.616,60.287,17,420,754
2025-06-16,15,4,258,140,62,19.616,60.287,17,420,754
2025-06-23,15,4,292,88,71,19.616,60.287,17,420,754
2025-06-30,15,4,271,146,21,19.616,60.287,17,420,754
2025-04-07,15,5,535,155,22,9.961,69.457,17,474,643
2025-04-14,15,5,488,207,30,9.961,69.457,17,474,643
2025-04-21,15,5,390,175,25,9.961,69.457,17,474,643
2025-04-28,15,5,497,97,10,9.961,69.457,17,474,643
2025-05-05,15,5,477,258,22,9.961,69.457,17,474,643
2025-05-12,15,5,552,106,35,9.961,69.457,17,474,643
2025-05-19,15,5,422,280,29,9.961,69.457,17,474,643
2025-05-26,15,5,566,159,34,9.961,69.457,17,474,643
2025-06-02,15,5,553,204,31,9.961,69.457,17,474,643
2025-06-09,15,5,387,245,19,9.961,69.457,17,474,643
2025-06-16,15,5,497,152,37,9.961,69.457,17,474,643
2025-06-23,15,5,489,211,38,9.961,69.457,17,474,643
2025-06-30,15,5,622,207,28,9.961,69.457,17,474,643
2025-04-07,15,6,305,64,17,5.597,61.634,17,419,514
2025-04-14,15,6,160,130,14,5.597,61.634,17,419,514
2025-04-21,15,6,237,190,8,5.597,61.634,17,419,514
2025-04-28,15,6,247,197,12,5.597,61.634,17,419,514
2025-05-05,15,6,259,180,18,5.597,61.634,17,419,514
2025-05-12,15,6,251,188,20,5.597,61.634,17,419,514
2025-05-19,15,6,335,122,19,5.597,61.634,17,419,514
2025-05-26,15,6,297,75,20,5.597,61.634,17,419,514
2025-06-02,15,6,308,189,19,5.597,61.634,17,419,514
2025-06-09,15,6,374,85,15,5.597,61.634,17,419,514
2025-06-16,15,6,312,105,16,5.597,61.634,17,419,514
2025-06-23,15,6,373,116,20,5.597,61.634,17,419,514
2025-06-30,15,6,315,159,22,5.597,61.634,17,419,514
2025-04-07,15,7,853,653,43,33.676,74.402,17,531,1104
2025-04-14,15,7,943,478,67,33.676,74.402,17,531,1104
2025-04-21,15,7,873,560,63,33.676,74.402,17,531,1104
2025-04-28,15,7,1022,388,106,33.676,74.402,17,531,1104
2025-05-05,15,7,1442,284,120,33.676,74.402,17,531,1104
2025-05-12,15,7,1062,578,113,33.676,74.402,17,531,1104
2025-05-19,15,7,1102,492,119,33.676,74.402,17,531,1104
2025-05-26,15,7,967,783,130,33.676,74.402,17,531,1104
2025-06-02,15,7,1077,613,62,33.676,74.402,17,531,1104
2025-06-09,15,7,1255,464,125,33.676,74.402,17,531,1104
2025-06-16,15,7,907,617,93,33.676,74.402,17,531,1104
2025-06-23,15,7,1365,479,105,33.676,74.402,17,531,1104
2025-06-30,15,7,1371,648,103,33.676,74.402,17,531,1104
2025-04-07,15,8,1291,366,91,43.913,87.83,17,634,1380
2025-04-14,15,8,1185,852,161,43.913,87.83,17,634,1380
2025-04-21,15,8,1133,684,103,43.913,87.83,17,634,1380
2025-04-28,15,8,1404,403,158,43.913,87.83,17,634,1380
2025-05-05,15,8,1329,601,128,43.913,87.83,17,634,1380
2025-05-12,15,8,1570,341,133,43.913,87.83,17,634,1380
2025-05-19,15,8,1688,520,68,43.913,87.83,17,634,1380
2025-05-26,15,8,1089,867,53,43.913,87.83,17,634,1380
2025-06-02,15,8,1309,858,131,43.913,87.83,17,634,1380
2025-06-09,15,8,1390,758,133,43.913,87.83,17,634,1380
2025-06-16,15,8,1167,513,66,43.913,87.83,17,634,1380
2025-06-23,15,8,1627,707,122,43.913,87.83,17,634,1380
2025-06-30,15,8,1294,602,159,43.913,87.83,17,634,1380
2025-04-07,16,1,649,162,38,21.742,78.997,47,936,1958
2025-04-14,16,1,674,233,55,21.742,78.997,47,936,1958
2025-04-21,16,1,737,175,37,21.742,78.997,47,936,1958
2025-04-28,16,1,413,319,56,21.742,78.997,47,936,1958
2025-05-05,16,1,544,322,63,21.742,78.997,47,936,1958
2025-05-12,16,1,784,153,69,21.742,78.997,47,936,1958
2025-05-19,16,1,539,317,42,21.742,78.997,47,936,1958
2025-05-26,16,1,539,213,42,21.742,78.997,47,936,1958
2025-06-02,16,1,576,103,39,21.742,78.997,47,936,1958
2025-06-09,16,1,529,167,73,21.742,78.997,47,936,1958
2025-06-16,16,1,455,335,45,21.742,78.997,47,936,1958
2025-06-23,16,1,610,133,48,21.742,78.997,47,936,1958
2025-06-30,16,1,540,238,35,21.742,78.997,47,936,1958
2025-04-07,16,2,1110,439,128,55.21,92.799,47,1274,3869
2025-04-14,16,2,1109,479,180,55.21,92.799,47,1274,3869
2025-04-21,16,2,961,636,184,55.21,92.799,47,1274,3869
2025-04-28,16,2,936,425,57,55.21,92.799,47,1274,3869
2025-05-05,16,2,1025,834,194,55.21,92.799,47,1274,3869
2025-05-12,16,2,1116,598,118,55.21,92.799,47,1274,3869
2025-05-19,16,2,1137,485,194,55.21,92.799,47,1274,3869
2025-05-26,16,2,1002,339,106,55.21,92.799,47,1274,3869
2025-06-02,16,2,838,514,130,55.21,92.799,47,1274,3869
2025-06-09,16,2,1027,587,213,55.21,92.799,47,1274,3869
2025-06-16,16,2,1129,440,68,55.21,92.799,47,1274,3869
2025-06-23,16,2,1094,435,154,55.21,92.799,47,1274,3869
2025-06-30,16,2,929,636,158,55.21,92.799,47,1274,3869
2025-04-07,16,3,815,277,60,15.237,71.881,47,835,1551
2025-04-14,16,3,1096,276,32,15.237,71.881,47,835,1551
2025-04-21,16,3,873,239,51,15.237,71.881,47,835,1551
2025-04-28,16,3,894,340,49,15.237,71.881,47,835,1551
2025-05-05,16,3,630,337,39,15.237,71.881,47,835,1551
2025-05-12,16,3,769,217,51,15.237,71.881,47,835,1551
2025-05-19,16,3,752,286,36,15.237,71.881,47,835,1551
2025-05-26,16,3,747,258,55,15.237,71.881,47,835,1551
2025-06-02,16,3,820,230,37,15.237,71.881,47,835,1551
2025-06-09,16,3,858,158,35,15.237,71.881,47,835,1551
2025-06-16,16,3,825,327,43,15.237,71.881,47,835,1551
2025-06-23,16,3,715,312,50,15.237,71.881,47,835,1551
2025-06-30,16,3,715,441,55,15.237,71.881,47,835,1551
2025-04-07,16,4,411,260,31,19.098,56.238,47,682,1580
2025-04-14,16,4,420,205,35,19.098,56.238,47,682,1580
2025-04-21,16,4,510,205,64,19.098,56.238,47,682,1580
2025-04-28,16,4,533,122,66,19.098,56.238,47,682,1580
2025-05-05,16,4,519,96,61,19.098,56.238,47,682,1580
2025-05-12,16,4,377,288,21,19.098,56.238,47,682,1580
2025-05-19,16,4,439,240,67,19.098,56.238,47,682,1580
2025-05-26,16,4,309,232,53,19.098,56.238,47,682,1580
2025-06-02,16,4,424,224,65,19.098,56.238,47,682,1580
2025-06-09,16,4,516,107,50,19.098,56.238,47,682,1580
2025-06-16,16,4,433,157,47,19.098,56.238,47,682,1580
2025-06-23,16,4,329,211,39,19.098,56.238,47,682,1580
2025-06-30,16,4,444,195,71,19.098,56.238,47,682,1580
2025-04-07,16,5,816,451,25,16.976,46.402,47,569,1367
2025-04-14,16,5,806,270,63,16.976,46.402,47,569,1367
2025-04-21,16,5,538,417,36,16.976,46.402,47,569,1367
2025-04-28,16,5,796,296,56,16.976,46.402,47,569,1367
2025-05-05,16,5,652,238,61,16.976,46.402,47,569,1367
2025-05-12,16,5,570,349,41,16.976,46.402,47,569,1367
2025-05-19,16,5,580,343,46,16.976,46.402,47,569,1367
2025-05-26,16,5,622,361,58,16.976,46.402,47,569,1367
2025-06-02,16,5,612,270,62,16.976,46.402,47,569,1367
2025-06-09,16,5,578,367,30,16.976,46.402,47,569,1367
2025-06-16,16,5,670,231,64,16.976,46.402,47,569,1367
2025-06-23,16,5,885,195,36,16.976,46.402,47,569,1367
2025-06-30,16,5,787,147,57,16.976,46.402,47,569,1367
2025-04-07,16,6,1017,417,52,15.625,66.792,47,781,1515
2025-04-14,16,6,1040,348,46,15.625,66.792,47,781,1515
2025-04-21,16,6,1178,337,60,15.625,66.792,47,781,1515
2025-04-28,16,6,1124,382,26,15.625,66.792,47,781,1515
2025-05-05,16,6,1198,248,57,15.625,66.792,47,781,1515
2025-05-12,16,6,1118,408,35,15.625,66.792,47,781,1515
2025-05-19,16,6,1183,276,30,15.625,66.792,47,781,1515
2025-05-26,16,6,795,545,47,15.625,66.792,47,781,1515
2025-06-02,16,6,1175,230,29,15.625,66.792,47,781,1515
2025-06-09,16,6,949,507,24,15.625,66.792,47,781,1515
2025-06-16,16,6,937,496,61,15.625,66.792,47,781,1515
2025-06-23,16,6,792,600,19,15.625,66.792,47,781,1515
2025-06-30,16,6,639,378,34,15.625,66.792,47,781,1515
2025-04-07,16,7,1141,529,54,14.046,72.676,47,840,1500
2025-04-14,16,7,1060,272,23,14.046,72.676,47,840,1500
2025-04-21,16,7,896,570,19,14.046,72.676,47,840,1500
2025-04-28,16,7,1065,283,48,14.046,72.676,47,840,1500
2025-05-05,16,7,921,435,15,14.046,72.676,47,840,1500
2025-05-12,16,7,1162,298,48,14.046,72.676,47,840,1500
2025-05-19,16,7,1173,319,29,14.046,72.676,47,840,1500
2025-05-26,16,7,883,344,32,14.046,72.676,47,840,1500
2025-06-02,16,7,864,601,43,14.046,72.676,47,840,1500
2025-06-09,16,7,713,497,40,14.046,72.676,47,840,1500
2025-06-16,16,7,1040,353,31,14.046,72.676,47,840,1500
2025-06-23,16,7,931,365,20,14.046,72.676,47,840,1500
2025-06-30,16,7,910,517,55,14.046,72.676,47,840,1500
2025-04-07,16,8,1050,201,61,39.386,66.883,47,915,2766
2025-04-14,16,8,1155,212,141,39.386,66.883,47,915,2766
2025-04-21,16,8,963,348,157,39.386,66.883,47,915,2766
2025-04-28,16,8,979,198,62,39.386,66.883,47,915,2766
2025-05-05,16,8,950,210,50,39.386,66.883,47,915,2766
2025-05-12,16,8,918,455,154,39.386,66.883,47,915,2766
2025-05-19,16,8,621,166,133,39.386,66.883,47,915,2766
2025-05-26,16,8,1033,208,46,39.386,66.883,47,915,2766
2025-06-02,16,8,709,224,78,39.386,66.883,47,915,2766
2025-06-09,16,8,665,407,100,39.386,66.883,47,915,2766
2025-06-16,16,8,847,226,89,39.386,66.883,47,915,2766
2025-06-23,16,8,484,373,93,39.386,66.883,47,915,2766
2025-06-30,16,8,714,240,54,39.386,66.883,47,915,2766
2025-04-07,17,1,806,553,35,19.427,60.818,42,686,1502
2025-04-14,17,1,987,489,26,19.427,60.818,42,686,1502
2025-04-21,17,1,1062,335,54,19.427,60.818,42,686,1502
2025-04-28,17,1,1079,534,68,19.427,60.818,42,686,1502
2025-05-05,17,1,883,626,31,19.427,60.818,42,686,1502
2025-05-12,17,1,1053,437,70,19.427,60.818,42,686,1502
2025-05-19,17,1,1077,279,66,19.427,60.818,42,686,1502
2025-05-26,17,1,895,351,23,19.427,60.818,42,686,1502
2025-06-02,17,1,1058,477,28,19.427,60.818,42,686,1502
2025-06-09,17,1,807,421,71,19.427,60.818,42,686,1502
2025-06-16,17,1,731,598,33,19.427,60.818,42,686,1502
2025-06-23,17,1,1054,327,31,19.427,60.818,42,686,1502
2025-06-30,17,1,1186,266,23,19.427,60.818,42,686,1502
2025-04-07,17,2,1788,544,111,34.079,58.416,42,736,2167
2025-04-14,17,2,1870,388,130,34.079,58.416,42,736,2167
2025-04-21,17,2,1092,720,102,34.079,58.416,42,736,2167
2025-04-28,17,2,1667,554,46,34.079,58.416,42,736,2167
2025-05-05,17,2,1288,457,42,34.079,58.416,42,736,2167
2025-05-12,17,2,1597,354,60,34.079,58.416,42,736,2167
2025-05-19,17,2,1346,674,88,34.079,58.416,42,736,2167
2025-05-26,17,2,1719,642,74,34.079,58.416,42,736,2167
2025-06-02,17,2,1180,891,101,34.079,58.416,42,736,2167
2025-06-09,17,2,1206,806,57,34.079,58.416,42,736,2167
2025-06-16,17,2,1370,609,49,34.079,58.416,42,736,2167
2025-06-23,17,2,1722,398,82,34.079,58.416,42,736,2167
2025-06-30,17,2,1356,802,103,34.079,58.416,42,736,2167
2025-04-07,17,3,755,143,6,2.068,95.207,42,1015,1102
2025-04-14,17,3,946,178,3,2.068,95.207,42,1015,1102
2025-04-21,17,3,655,444,6,2.068,95.207,42,1015,1102
2025-04-28,17,3,774,273,4,2.068,95.207,42,1015,1102
2025-05-05,17,3,898,159,6,2.068,95.207,42,1015,1102
2025-05-12,17,3,1022,220,7,2.068,95.207,42,1015,1102
2025-05-19,17,3,603,449,7,2.068,95.207,42,1015,1102
2025-05-26,17,3,675,321,5,2.068,95.207,42,1015,1102
2025-06-02,17,3,703,124,4,2.068,95.207,42,1015,1102
2025-06-09,17,3,675,341,8,2.068,95.207,42,1015,1102
2025-06-16,17,3,677,305,7,2.068,95.207,42,1015,1102
2025-06-23,17,3,822,183,4,2.068,95.207,42,1015,1102
2025-06-30,17,3,706,300,5,2.068,95.207,42,1015,1102
2025-04-07,17,4,2015,543,90,30.327,80.405,42,926,2199
2025-04-14,17,4,1514,727,85,30.327,80.405,42,926,2199
2025-04-21,17,4,1524,452,50,30.327,80.405,42,926,2199
2025-04-28,17,4,1555,529,72,30.327,80.405,42,926,2199
2025-05-05,17,4,1351,582,111,30.327,80.405,42,926,2199
2025-05-12,17,4,1530,768,50,30.327,80.405,42,926,2199
2025-05-19,17,4,1544,526,119,30.327,80.405,42,926,2199
2025-05-26,17,4,1241,863,49,30.327,80.405,42,926,2199
2025-06-02,17,4,1006,596,86,30.327,80.405,42,926,2199
2025-06-09,17,4,1350,720,71,30.327,80.405,42,926,2199
2025-06-16,17,4,1123,632,115,30.327,80.405,42,926,2199
2025-06-23,17,4,1144,824,72,30.327,80.405,42,926,2199
2025-06-30,17,4,1454,462,37,30.327,80.405,42,926,2199
2025-04-07,17,5,433,345,94,24.723,78.542,42,884,1923
2025-04-14,17,5,549,362,25,24.723,78.542,42,884,1923
2025-04-21,17,5,748,142,47,24.723,78.542,42,884,1923
2025-04-28,17,5,601,336,97,24.723,78.542,42,884,1923
2025-05-05,17,5,544,332,68,24.723,78.542,42,884,1923
2025-05-12,17,5,651,360,42,24.723,78.542,42,884,1923
2025-05-19,17,5,686,223,98,24.723,78.542,42,884,1923
2025-05-26,17,5,719,169,30,24.723,78.542,42,884,1923
2025-06-02,17,5,724,212,65,24.723,78.542,42,884,1923
2025-06-09,17,5,532,421,71,24.723,78.542,42,884,1923
2025-06-16,17,5,477,365,76,24.723,78.542,42,884,1923
2025-06-23,17,5,450,350,97,24.723,78.542,42,884,1923
2025-06-30,17,5,590,113,44,24.723,78.542,42,884,1923
2025-04-07,17,6,926,230,19,14.468,55.39,42,614,1221
2025-04-14,17,6,633,378,34,14.468,55.39,42,614,1221
2025-04-21,17,6,642,289,35,14.468,55.39,42,614,1221
2025-04-28,17,6,587,338,29,14.468,55.39,42,614,1221
2025-05-05,17,6,609,479,56,14.468,55.39,42,614,1221
2025-05-12,17,6,710,166,48,14.468,55.39,42,614,1221
2025-05-19,17,6,695,226,24,14.468,55.39,42,614,1221
2025-05-26,17,6,736,206,41,14.468,55.39,42,614,1221
2025-06-02,17,6,608,257,46,14.468,55.39,42,614,1221
2025-06-09,17,6,607,354,24,14.468,55.39,42,614,1221
2025-06-16,17,6,572,212,35,14.468,55.39,42,614,1221
2025-06-23,17,6,693,256,25,14.468,55.39,42,614,1221
2025-06-30,17,6,693,247,57,14.468,55.39,42,614,1221
2025-04-07,17,7,1213,603,40,26.008,67.66,42,781,1873
2025-04-14,17,7,1005,752,75,26.008,67.66,42,781,1873
2025-04-21,17,7,1062,865,97,26.008,67.66,42,781,1873
2025-04-28,17,7,1385,267,79,26.008,67.66,42,781,1873
2025-05-05,17,7,1165,637,32,26.008,67.66,42,781,1873
2025-05-12,17,7,1831,376,79,26.008,67.66,42,781,1873
2025-05-19,17,7,1479,301,41,26.008,67.66,42,781,1873
2025-05-26,17,7,1211,690,59,26.008,67.66,42,781,1873
2025-06-02,17,7,1224,571,70,26.008,67.66,42,781,1873
2025-06-09,17,7,1172,334,49,26.008,67.66,42,781,1873
2025-06-16,17,7,1025,556,35,26.008,67.66,42,781,1873
2025-06-23,17,7,947,551,83,26.008,67.66,42,781,1873
2025-06-30,17,7,1427,561,52,26.008,67.66,42,781,1873
2025-04-07,17,8,954,435,85,45.031,75.369,42,956,2848
2025-04-14,17,8,1312,266,155,45.031,75.369,42,956,2848
2025-04-21,17,8,920,411,178,45.031,75.369,42,956,2848
2025-04-28,17,8,890,527,46,45.031,75.369,42,956,2848
2025-05-05,17,8,969,344,124,45.031,75.369,42,956,2848
2025-05-12,17,8,865,267,77,45.031,75.369,42,956,2848
2025-05-19,17,8,846,480,171,45.031,75.369,42,956,2848
2025-05-26,17,8,743,345,123,45.031,75.369,42,956,2848
2025-06-02,17,8,1009,281,93,45.031,75.369,42,956,2848
2025-06-09,17,8,741,359,103,45.031,75.369,42,956,2848
2025-06-16,17,8,939,399,104,45.031,75.369,42,956,2848
2025-06-23,17,8,665,520,143,45.031,75.369,42,956,2848
2025-06-30,17,8,788,153,61,45.031,75.369,42,956,2848
2025-04-07,18,1,1525,493,59,19.792,51.21,41,586,1397
2025-04-14,18,1,1220,760,77,19.792,51.21,41,586,1397
2025-04-21,18,1,1548,679,77,19.792,51.21,41,586,1397
2025-04-28,18,1,1545,437,58,19.792,51.21,41,586,1397
2025-05-05,18,1,1113,782,24,19.792,51.21,41,586,1397
2025-05-12,18,1,1100,305,33,19.792,51.21,41,586,1397
2025-05-19,18,1,1142,705,54,19.792,51.21,41,586,1397
2025-05-26,18,1,1137,884,67,19.792,51.21,41,586,1397
2025-06-02,18,1,1168,813,60,19.792,51.21,41,586,1397
2025-06-09,18,1,1273,368,36,19.792,51.21,41,586,1397
2025-06-16,18,1,1405,516,28,19.792,51.21,41,586,1397
2025-06-23,18,1,1278,685,68,19.792,51.21,41,586,1397
2025-06-30,18,1,1308,590,75,19.792,51.21,41,586,1397
2025-04-07,18,2,621,403,44,13.01,56.983,41,619,1152
2025-04-14,18,2,820,146,13,13.01,56.983,41,619,1152
2025-04-21,18,2,578,203,42,13.01,56.983,41,619,1152
2025-04-28,18,2,681,270,31,13.01,56.983,41,619,1152
2025-05-05,18,2,579,277,21,13.01,56.983,41,619,1152
2025-05-12,18,2,697,158,48,13.01,56.983,41,619,1152
2025-05-19,18,2,661,177,26,13.01,56.983,41,619,1152
2025-05-26,18,2,586,375,46,13.01,56.983,41,619,1152
2025-06-02,18,2,616,330,33,13.01,56.983,41,619,1152
2025-06-09,18,2,637,187,35,13.01,56.983,41,619,1152
2025-06-16,18,2,553,206,47,13.01,56.983,41,619,1152
2025-06-23,18,2,646,158,43,13.01,56.983,41,619,1152
2025-06-30,18,2,574,362,24,13.01,56.983,41,619,1152
2025-04-07,18,3,1111,846,74,37.33,75.472,41,904,2434
2025-04-14,18,3,1280,578,142,37.33,75.472,41,904,2434
2025-04-21,18,3,1490,525,142,37.33,75.472,41,904,2434
2025-04-28,18,3,1386,460,67,37.33,75.472,41,904,2434
2025-05-05,18,3,1101,676,59,37.33,75.472,41,904,2434
2025-05-12,18,3,1453,629,142,37.33,75.472,41,904,2434
2025-05-19,18,3,1489,488,140,37.33,75.472,41,904,2434
2025-05-26,18,3,1028,765,82,37.33,75.472,41,904,2434
2025-06-02,18,3,1539,298,115,37.33,75.472,41,904,2434
2025-06-09,18,3,1017,710,103,37.33,75.472,41,904,2434
2025-06-16,18,3,1006,820,108,37.33,75.472,41,904,2434
2025-06-23,18,3,1686,415,137,37.33,75.472,41,904,2434
2025-06-30,18,3,1310,534,74,37.33,75.472,41,904,2434
2025-04-07,18,4,2160,1034,114,34.697,75.961,41,894,2317
2025-04-14,18,4,1573,1287,112,34.697,75.961,41,894,2317
2025-04-21,18,4,2094,1379,83,34.697,75.961,41,894,2317
2025-04-28,18,4,1735,1255,54,34.697,75.961,41,894,2317
2025-05-05,18,4,1954,1065,42,34.697,75.961,41,894,2317
2025-05-12,18,4,1896,1377,97,34.697,75.961,41,894,2317
2025-05-19,18,4,1810,747,83,34.697,75.961,41,894,2317
2025-05-26,18,4,2220,671,113,34.697,75.961,41,894,2317
2025-06-02,18,4,1591,1171,60,34.697,75.961,41,894,2317
2025-06-09,18,4,2590,660,128,34.697,75.961,41,894,2317
2025-06-16,18,4,1538,1096,110,34.697,75.961,41,894,2317
2025-06-23,18,4,2238,658,83,34.697,75.961,41,894,2317
2025-06-30,18,4,2687,507,72,34.697,75.961,41,894,2317
2025-04-07,18,5,1840,429,59,20.732,56.713,41,643,1493
2025-04-14,18,5,1424,956,76,20.732,56.713,41,643,1493
2025-04-21,18,5,906,696,48,20.732,56.713,41,643,1493
2025-04-28,18,5,1326,852,41,20.732,56.713,41,643,1493
2025-05-05,18,5,1168,535,58,20.732,56.713,41,643,1493
2025-05-12,18,5,1044,587,53,20.732,56.713,41,643,1493
2025-05-19,18,5,1483,811,46,20.732,56.713,41,643,1493
2025-05-26,18,5,1105,642,61,20.732,56.713,41,643,1493
2025-06-02,18,5,1117,868,77,20.732,56.713,41,643,1493
2025-06-09,18,5,1055,692,82,20.732,56.713,41,643,1493
2025-06-16,18,5,1452,456,65,20.732,56.713,41,643,1493
2025-06-23,18,5,1837,464,64,20.732,56.713,41,643,1493
2025-06-30,18,5,1205,609,69,20.732,56.713,41,643,1493
2025-04-07,18,6,2334,523,54,24.587,59.757,41,690,1698
2025-04-14,18,6,2129,606,73,24.587,59.757,41,690,1698
2025-04-21,18,6,2087,1073,27,24.587,59.757,41,690,1698
2025-04-28,18,6,2751,523,87,24.587,59.757,41,690,1698
2025-05-05,18,6,2231,849,46,24.587,59.757,41,690,1698
2025-05-12,18,6,2047,497,86,24.587,59.757,41,690,1698
2025-05-19,18,6,2349,547,71,24.587,59.757,41,690,1698
2025-05-26,18,6,2099,907,45,24.587,59.757,41,690,1698
2025-06-02,18,6,1759,1357,76,24.587,59.757,41,690,1698
2025-06-09,18,6,1914,1385,30,24.587,59.757,41,690,1698
2025-06-16,18,6,2218,878,25,24.587,59.757,41,690,1698
2025-06-23,18,6,2454,705,96,24.587,59.757,41,690,1698
2025-06-30,18,6,1855,1496,41,24.587,59.757,41,690,1698
2025-04-07,18,7,1037,305,46,24.131,64.758,41,737,1726
2025-04-14,18,7,1175,247,39,24.131,64.758,41,737,1726
2025-04-21,18,7,975,200,39,24.131,64.758,41,737,1726
2025-04-28,18,7,1038,283,28,24.131,64.758,41,737,1726
2025-05-05,18,7,802,415,26,24.131,64.758,41,737,1726
2025-05-12,18,7,997,321,68,24.131,64.758,41,737,1726
2025-05-19,18,7,625,477,95,24.131,64.758,41,737,1726
2025-05-26,18,7,810,151,59,24.131,64.758,41,737,1726
2025-06-02,18,7,1155,255,29,24.131,64.758,41,737,1726
2025-06-09,18,7,817,237,79,24.131,64.758,41,737,1726
2025-06-16,18,7,1009,543,94,24.131,64.758,41,737,1726
2025-06-23,18,7,792,442,41,24.131,64.758,41,737,1726
2025-06-30,18,7,761,315,55,24.131,64.758,41,737,1726
2025-04-07,18,8,1349,238,75,20.412,60.519,41,679,1516
2025-04-14,18,8,952,351,49,20.412,60.519,41,679,1516
2025-04-21,18,8,1065,479,30,20.412,60.519,41,679,1516
2025-04-28,18,8,995,244,42,20.412,60.519,41,679,1516
2025-05-05,18,8,960,526,32,20.412,60.519,41,679,1516
2025-05-12,18,8,952,322,80,20.412,60.519,41,679,1516
2025-05-19,18,8,942,527,27,20.412,60.519,41,679,1516
2025-05-26,18,8,1099,287,74,20.412,60.519,41,679,1516
2025-06-02,18,8,852,495,55,20.412,60.519,41,679,1516
2025-06-09,18,8,946,532,54,20.412,60.519,41,679,1516
2025-06-16,18,8,797,585,41,20.412,60.519,41,679,1516
2025-06-23,18,8,955,348,34,20.412,60.519,41,679,1516
2025-06-30,18,8,983,249,25,20.412,60.519,41,679,1516
2025-04-07,19,1,696,219,16,14.783,64.371,34,634,1137
2025-04-14,19,1,623,355,33,14.783,64.371,34,634,1137
2025-04-21,19,1,744,416,48,14.783,64.371,34,634,1137
2025-04-28,19,1,915,250,51,14.783,64.371,34,634,1137
2025-05-05,19,1,794,439,57,14.783,64.371,34,634,1137
2025-05-12,19,1,551,427,54,14.783,64.371,34,634,1137
2025-05-19,19,1,891,228,31,14.783,64.371,34,634,1137
2025-05-26,19,1,959,186,21,14.783,64.371,34,634,1137
2025-06-02,19,1,778,469,25,14.783,64.371,34,634,1137
2025-06-09,19,1,1028,284,56,14.783,64.371,34,634,1137
2025-06-16,19,1,730,355,34,14.783,64.371,34,634,1137
2025-06-23,19,1,812,285,57,14.783,64.371,34,634,1137
2025-06-30,19,1,782,247,40,14.783,64.371,34,634,1137
2025-04-07,19,2,1109,523,45,21.001,51.87,34,539,1253
2025-04-14,19,2,1004,522,79,21.001,51.87,34,539,1253
2025-04-21,19,2,1128,565,44,21.001,51.87,34,539,1253
2025-04-28,19,2,1044,575,48,21.001,51.87,34,539,1253
2025-05-05,19,2,1576,290,27,21.001,51.87,34,539,1253
2025-05-12,19,2,873,589,63,21.001,51.87,34,539,1253
2025-05-19,19,2,1325,374,76,21.001,51.87,34,539,1253
2025-05-26,19,2,1299,412,21,21.001,51.87,34,539,1253
2025-06-02,19,2,886,697,41,21.001,51.87,34,539,1253
2025-06-09,19,2,1378,565,36,21.001,51.87,34,539,1253
2025-06-16,19,2,1243,272,77,21.001,51.87,34,539,1253
2025-06-23,19,2,1143,662,31,21.001,51.87,34,539,1253
2025-06-30,19,2,978,716,72,21.001,51.87,34,539,1253
2025-04-07,19,3,1221,520,118,29.984,72.776,34,758,1778
2025-04-14,19,3,1121,256,71,29.984,72.776,34,758,1778
2025-04-21,19,3,736,444,44,29.984,72.776,34,758,1778
2025-04-28,19,3,1123,376,47,29.984,72.776,34,758,1778
2025-05-05,19,3,862,500,40,29.984,72.776,34,758,1778
2025-05-12,19,3,1325,269,66,29.984,72.776,34,758,1778
2025-05-19,19,3,876,510,38,29.984,72.776,34,758,1778
2025-05-26,19,3,968,398,106,29.984,72.776,34,758,1778
2025-06-02,19,3,1047,375,37,29.984,72.776,34,758,1778
2025-06-09,19,3,1186,212,89,29.984,72.776,34,758,1778
2025-06-16,19,3,1388,266,38,29.984,72.776,34,758,1778
2025-06-23,19,3,1266,239,107,29.984,72.776,34,758,1778
2025-06-30,19,3,875,280,49,29.984,72.776,34,758,1778
2025-04-07,19,4,1824,361,66,23.987,53.572,34,566,1381
2025-04-14,19,4,1353,601,26,23.987,53.572,34,566,1381
2025-04-21,19,4,1371,573,55,23.987,53.572,34,566,1381
2025-04-28,19,4,1202,902,40,23.987,53.572,34,566,1381
2025-05-05,19,4,1331,469,36,23.987,53.572,34,566,1381
2025-05-12,19,4,1035,534,63,23.987,53.572,34,566,1381
2025-05-19,19,4,1320,714,36,23.987,53.572,34,566,1381
2025-05-26,19,4,1613,373,81,23.987,53.572,34,566,1381
2025-06-02,19,4,1731,356,92,23.987,53.572,34,566,1381
2025-06-09,19,4,1126,876,79,23.987,53.572,34,566,1381
2025-06-16,19,4,1542,454,41,23.987,53.572,34,566,1381
2025-06-23,19,4,1365,654,34,23.987,53.572,34,566,1381
2025-06-30,19,4,1750,360,25,23.987,53.572,34,566,1381
2025-04-07,19,5,1845,780,83,21.43,62.223,34,633,1362
2025-04-14,19,5,2784,493,32,21.43,62.223,34,633,1362
2025-04-21,19,5,1634,1080,42,21.43,62.223,34,633,1362
2025-04-28,19,5,1542,943,30,21.43,62.223,34,633,1362
2025-05-05,19,5,1937,1023,41,21.43,62.223,34,633,1362
2025-05-12,19,5,1560,773,78,21.43,62.223,34,633,1362
2025-05-19,19,5,1622,832,64,21.43,62.223,34,633,1362
2025-05-26,19,5,2121,400,85,21.43,62.223,34,633,1362
2025-06-02,19,5,1445,817,38,21.43,62.223,34,633,1362
2025-06-09,19,5,1688,532,24,21.43,62.223,34,633,1362
2025-06-16,19,5,2073,680,28,21.43,62.223,34,633,1362
2025-06-23,19,5,2038,560,61,21.43,62.223,34,633,1362
2025-06-30,19,5,2230,517,31,21.43,62.223,34,633,1362
2025-04-07,19,6,1414,355,80,28.025,81.682,34,831,1784
2025-04-14,19,6,1382,360,94,28.025,81.682,34,831,1784
2025-04-21,19,6,1480,494,55,28.025,81.682,34,831,1784
2025-04-28,19,6,876,682,57,28.025,81.682,34,831,1784
2025-05-05,19,6,1299,486,41,28.025,81.682,34,831,1784
2025-05-12,19,6,1311,327,29,28.025,81.682,34,831,1784
2025-05-19,19,6,1106,765,104,28.025,81.682,34,831,1784
2025-05-26,19,6,1675,463,84,28.025,81.682,34,831,1784
2025-06-02,19,6,1202,712,41,28.025,81.682,34,831,1784
2025-06-09,19,6,1242,558,48,28.025,81.682,34,831,1784
2025-06-16,19,6,1456,345,49,28.025,81.682,34,831,1784
2025-06-23,19,6,1053,813,65,28.025,81.682,34,831,1784
2025-06-30,19,6,1251,453,66,28.025,81.682,34,831,1784
2025-04-07,19,7,1124,661,46,16.167,71.859,34,707,1257
2025-04-14,19,7,1051,830,34,16.167,71.859,34,707,1257
2025-04-21,19,7,1524,274,31,16.167,71.859,34,707,1257
2025-04-28,19,7,1377,396,31,16.167,71.859,34,707,1257
2025-05-05,19,7,1184,515,44,16.167,71.859,34,707,1257
2025-05-12,19,7,1437,525,25,16.167,71.859,34,707,1257
2025-05-19,19,7,1426,324,32,16.167,71.859,34,707,1257
2025-05-26,19,7,1339,255,28,16.167,71.859,34,707,1257
2025-06-02,19,7,1077,816,49,16.167,71.859,34,707,1257
2025-06-09,19,7,1276,299,42,16.167,71.859,34,707,1257
2025-06-16,19,7,1016,798,40,16.167,71.859,34,707,1257
2025-06-23,19,7,1218,541,50,16.167,71.859,34,707,1257
2025-06-30,19,7,1385,422,41,16.167,71.859,34,707,1257
2025-04-07,19,8,863,387,61,23.602,70.486,34,715,1518
2025-04-14,19,8,928,243,55,23.602,70.486,34,715,1518
2025-04-21,19,8,1266,294,45,23.602,70.486,34,715,1518
2025-04-28,19,8,848,396,84,23.602,70.486,34,715,1518
2025-05-05,19,8,805,321,83,23.602,70.486,34,715,1518
2025-05-12,19,8,667,514,70,23.602,70.486,34,715,1518
2025-05-19,19,8,804,315,25,23.602,70.486,34,715,1518
2025-05-26,19,8,727,405,49,23.602,70.486,34,715,1518
2025-06-02,19,8,754,501,70,23.602,70.486,34,715,1518
2025-06-09,19,8,616,414,47,23.602,70.486,34,715,1518
2025-06-16,19,8,1067,237,91,23.602,70.486,34,715,1518
2025-06-23,19,8,925,408,32,23.602,70.486,34,715,1518
2025-06-30,19,8,794,574,75,23.602,70.486,34,715,1518
2025-04-07,20,1,333,108,36,13.486,62.62,32,589,1021
2025-04-14,20,1,386,117,20,13.486,62.62,32,589,1021
2025-04-21,20,1,367,126,16,13.486,62.62,32,589,1021
2025-04-28,20,1,272,209,37,13.486,62.62,32,589,1021
2025-05-05,20,1,299,189,23,13.486,62.62,32,589,1021
2025-05-12,20,1,360,100,33,13.486,62.62,32,589,1021
2025-05-19,20,1,372,142,36,13.486,62.62,32,589,1021
2025-05-26,20,1,351,144,51,13.486,62.62,32,589,1021
2025-06-02,20,1,398,93,46,13.486,62.62,32,589,1021
2025-06-09,20,1,379,182,17,13.486,62.62,32,589,1021
2025-06-16,20,1,354,201,24,13.486,62.62,32,589,1021
2025-06-23,20,1,323,141,48,13.486,62.62,32,589,1021
2025-06-30,20,1,373,82,36,13.486,62.62,32,589,1021
2025-04-07,20,2,601,409,18,15.936,57.525,32,545,1055
2025-04-14,20,2,653,278,37,15.936,57.525,32,545,1055
2025-04-21,20,2,787,382,25,15.936,57.525,32,545,1055
2025-04-28,20,2,898,221,58,15.936,57.525,32,545,1055
2025-05-05,20,2,634,322,32,15.936,57.525,32,545,1055
2025-05-12,20,2,663,446,62,15.936,57.525,32,545,1055
2025-05-19,20,2,717,344,39,15.936,57.525,32,545,1055
2025-05-26,20,2,576,371,29,15.936,57.525,32,545,1055
2025-06-02,20,2,966,200,45,15.936,57.525,32,545,1055
2025-06-09,20,2,591,380,50,15.936,57.525,32,545,1055
2025-06-16,20,2,963,235,56,15.936,57.525,32,545,1055
2025-06-23,20,2,825,268,48,15.936,57.525,32,545,1055
2025-06-30,20,2,616,464,57,15.936,57.525,32,545,1055
2025-04-07,20,3,326,180,63,15.95,62.482,32,591,1101
2025-04-14,20,3,331,215,43,15.95,62.482,32,591,1101
2025-04-21,20,3,353,110,40,15.95,62.482,32,591,1101
2025-04-28,20,3,296,191,49,15.95,62.482,32,591,1101
2025-05-05,20,3,311,160,31,15.95,62.482,32,591,1101
2025-05-12,20,3,378,217,42,15.95,62.482,32,591,1101
2025-05-19,20,3,385,164,19,15.95,62.482,32,591,1101
2025-05-26,20,3,355,90,51,15.95,62.482,32,591,1101
2025-06-02,20,3,340,133,25,15.95,62.482,32,591,1101
2025-06-09,20,3,270,199,48,15.95,62.482,32,591,1101
2025-06-16,20,3,302,235,31,15.95,62.482,32,591,1101
2025-06-23,20,3,276,221,39,15.95,62.482,32,591,1101
2025-06-30,20,3,280,222,56,15.95,62.482,32,591,1101
2025-04-07,20,4,913,229,47,14.828,57.992,32,548,1023
2025-04-14,20,4,1279,230,23,14.828,57.992,32,548,1023
2025-04-21,20,4,1026,639,39,14.828,57.992,32,548,1023
2025-04-28,20,4,813,499,51,14.828,57.992,32,548,1023
2025-05-05,20,4,1180,271,37,14.828,57.992,32,548,1023
2025-05-12,20,4,930,531,26,14.828,57.992,32,548,1023
2025-05-19,20,4,951,448,43,14.828,57.992,32,548,1023
2025-05-26,20,4,1154,266,56,14.828,57.992,32,548,1023
2025-06-02,20,4,1360,252,34,14.828,57.992,32,548,1023
2025-06-09,20,4,1330,265,39,14.828,57.992,32,548,1023
2025-06-16,20,4,1007,372,50,14.828,57.992,32,548,1023
2025-06-23,20,4,915,456,45,14.828,57.992,32,548,1023
2025-06-30,20,4,825,577,29,14.828,57.992,32,548,1023
2025-04-07,20,5,689,418,73,18.67,81.874,32,772,1369
2025-04-14,20,5,643,387,29,18.67,81.874,32,772,1369
2025-04-21,20,5,921,304,73,18.67,81.874,32,772,1369
2025-04-28,20,5,783,259,60,18.67,81.874,32,772,1369
2025-05-05,20,5,776,300,55,18.67,81.874,32,772,1369
2025-05-12,20,5,924,243,44,18.67,81.874,32,772,1369
2025-05-19,20,5,906,435,26,18.67,81.874,32,772,1369
2025-05-26,20,5,675,395,49,18.67,81.874,32,772,1369
2025-06-02,20,5,1185,266,61,18.67,81.874,32,772,1369
2025-06-09,20,5,541,382,63,18.67,81.874,32,772,1369
2025-06-16,20,5,881,428,27,18.67,81.874,32,772,1369
2025-06-23,20,5,950,444,71,18.67,81.874,32,772,1369
2025-06-30,20,5,997,194,48,18.67,81.874,32,772,1369
2025-04-07,20,6,1195,584,40,31.689,74.143,32,721,1735
2025-04-14,20,6,1378,371,32,31.689,74.143,32,721,1735
2025-04-21,20,6,1084,440,120,31.689,74.143,32,721,1735
2025-04-28,20,6,1362,568,48,31.689,74.143,32,721,1735
2025-05-05,20,6,936,623,114,31.689,74.143,32,721,1735
2025-05-12,20,6,965,577,100,31.689,74.143,32,721,1735
2025-05-19,20,6,1539,416,87,31.689,74.143,32,721,1735
2025-05-26,20,6,1145,611,70,31.689,74.143,32,721,1735
2025-06-02,20,6,1624,348,40,31.689,74.143,32,721,1735
2025-06-09,20,6,1055,783,110,31.689,74.143,32,721,1735
2025-06-16,20,6,836,666,46,31.689,74.143,32,721,1735
2025-06-23,20,6,1328,409,67,31.689,74.143,32,721,1735
2025-06-30,20,6,1314,584,76,31.689,74.143,32,721,1735
2025-04-07,20,7,1813,580,90,23.748,68.005,32,652,1412
2025-04-14,20,7,1615,1057,60,23.748,68.005,32,652,1412
2025-04-21,20,7,2441,609,55,23.748,68.005,32,652,1412
2025-04-28,20,7,1703,1124,90,23.748,68.005,32,652,1412
2025-05-05,20,7,1559,1091,80,23.748,68.005,32,652,1412
2025-05-12,20,7,1619,616,64,23.748,68.005,32,652,1412
2025-05-19,20,7,2240,875,82,23.748,68.005,32,652,1412
2025-05-26,20,7,2100,1100,64,23.748,68.005,32,652,1412
2025-06-02,20,7,2050,1078,87,23.748,68.005,32,652,1412
2025-06-09,20,7,2406,838,63,23.748,68.005,32,652,1412
2025-06-16,20,7,2308,488,85,23.748,68.005,32,652,1412
2025-06-23,20,7,2335,541,32,23.748,68.005,32,652,1412
2025-06-30,20,7,1618,1098,48,23.748,68.005,32,652,1412
2025-04-07,20,8,1489,482,80,36.648,70.041,32,695,1868
2025-04-14,20,8,1568,700,71,36.648,70.041,32,695,1868
2025-04-21,20,8,1579,375,141,36.648,70.041,32,695,1868
2025-04-28,20,8,1259,493,115,36.648,70.041,32,695,1868
2025-05-05,20,8,1170,686,118,36.648,70.041,32,695,1868
2025-05-12,20,8,1531,294,56,36.648,70.041,32,695,1868
2025-05-19,20,8,1485,747,56,36.648,70.041,32,695,1868
2025-05-26,20,8,1072,852,52,36.648,70.041,32,695,1868
2025-06-02,20,8,1241,573,101,36.648,70.041,32,695,1868
2025-06-09,20,8,1239,494,38,36.648,70.041,32,695,1868
2025-06-16,20,8,1559,632,112,36.648,70.041,32,695,1868
2025-06-23,20,8,1074,624,124,36.648,70.041,32,695,1868
2025-06-30,20,8,1544,629,61,36.648,70.041,32,695,1868
2025-04-07,21,1,776,434,60,14.997,71.716,41,775,1390
2025-04-14,21,1,741,564,27,14.997,71.716,41,775,1390
2025-04-21,21,1,699,438,19,14.997,71.716,41,775,1390
2025-04-28,21,1,741,587,38,14.997,71.716,41,775,1390
2025-05-05,21,1,909,413,42,14.997,71.716,41,775,1390
2025-05-12,21,1,889,517,45,14.997,71.716,41,775,1390
2025-05-19,21,1,685,464,38,14.997,71.716,41,775,1390
2025-05-26,21,1,712,577,45,14.997,71.716,41,775,1390
2025-06-02,21,1,672,397,30,14.997,71.716,41,775,1390
2025-06-09,21,1,984,186,37,14.997,71.716,41,775,1390
2025-06-16,21,1,855,295,54,14.997,71.716,41,775,1390
2025-06-23,21,1,836,576,36,14.997,71.716,41,775,1390
2025-06-30,21,1,729,525,55,14.997,71.716,41,775,1390
2025-04-07,21,2,253,186,20,6.044,56.957,41,604,852
2025-04-14,21,2,260,86,8,6.044,56.957,41,604,852
2025-04-21,21,2,317,63,21,6.044,56.957,41,604,852
2025-04-28,21,2,291,91,18,6.044,56.957,41,604,852
2025-05-05,21,2,227,137,11,6.044,56.957,41,604,852
2025-05-12,21,2,239,121,16,6.044,56.957,41,604,852
2025-05-19,21,2,267,68,6,6.044,56.957,41,604,852
2025-05-26,21,2,321,73,18,6.044,56.957,41,604,852
2025-06-02,21,2,323,68,9,6.044,56.957,41,604,852
2025-06-09,21,2,226,122,19,6.044,56.957,41,604,852
2025-06-16,21,2,294,69,14,6.044,56.957,41,604,852
2025-06-23,21,2,223,88,19,6.044,56.957,41,604,852
2025-06-30,21,2,178,130,12,6.044,56.957,41,604,852
2025-04-07,21,3,638,382,118,38.219,75.245,41,907,2474
2025-04-14,21,3,847,364,79,38.219,75.245,41,907,2474
2025-04-21,21,3,609,469,152,38.219,75.245,41,907,2474
2025-04-28,21,3,937,248,130,38.219,75.245,41,907,2474
2025-05-05,21,3,770,278,52,38.219,75.245,41,907,2474
2025-05-12,21,3,739,215,123,38.219,75.245,41,907,2474
2025-05-19,21,3,666,400,128,38.219,75.245,41,907,2474
2025-05-26,21,3,849,264,130,38.219,75.245,41,907,2474
2025-06-02,21,3,653,422,98,38.219,75.245,41,907,2474
2025-06-09,21,3,572,366,132,38.219,75.245,41,907,2474
2025-06-16,21,3,765,289,49,38.219,75.245,41,907,2474
2025-06-23,21,3,832,336,87,38.219,75.245,41,907,2474
2025-06-30,21,3,662,483,39,38.219,75.245,41,907,2474
2025-04-07,21,4,1863,1356,135,34.55,74.658,41,881,2298
2025-04-14,21,4,1973,1166,108,34.55,74.658,41,881,2298
2025-04-21,21,4,2085,854,49,34.55,74.658,41,881,2298
2025-04-28,21,4,2388,1120,109,34.55,74.658,41,881,2298
2025-05-05,21,4,2170,717,52,34.55,74.658,41,881,2298
2025-05-12,21,4,2073,711,107,34.55,74.658,41,881,2298
2025-05-19,21,4,2093,1390,69,34.55,74.658,41,881,2298
2025-05-26,21,4,2374,587,136,34.55,74.658,41,881,2298
2025-06-02,21,4,2304,533,106,34.55,74.658,41,881,2298
2025-06-09,21,4,2434,726,102,34.55,74.658,41,881,2298
2025-06-16,21,4,1597,1294,127,34.55,74.658,41,881,2298
2025-06-23,21,4,2223,559,44,34.55,74.658,41,881,2298
2025-06-30,21,4,2027,808,73,34.55,74.658,41,881,2298
2025-04-07,21,5,1016,572,59,16.628,66.904,41,730,1412
2025-04-14,21,5,1242,357,41,16.628,66.904,41,730,1412
2025-04-21,21,5,841,573,29,16.628,66.904,41,730,1412
2025-04-28,21,5,1053,399,55,16.628,66.904,41,730,1412
2025-05-05,21,5,1034,390,33,16.628,66.904,41,730,1412
2025-05-12,21,5,1091,319,28,16.628,66.904,41,730,1412
2025-05-19,21,5,1288,281,25,16.628,66.904,41,730,1412
2025-05-26,21,5,887,206,33,16.628,66.904,41,730,1412
2025-06-02,21,5,1036,247,44,16.628,66.904,41,730,1412
2025-06-09,21,5,1067,469,39,16.628,66.904,41,730,1412
2025-06-16,21,5,834,428,29,16.628,66.904,41,730,1412
2025-06-23,21,5,722,575,44,16.628,66.904,41,730,1412
2025-06-30,21,5,1155,234,52,16.628,66.904,41,730,1412
2025-04-07,21,6,2208,594,59,15.923,78.869,41,851,1504
2025-04-14,21,6,1578,953,19,15.923,78.869,41,851,1504
2025-04-21,21,6,1981,588,53,15.923,78.869,41,851,1504
2025-04-28,21,6,2143,1063,31,15.923,78.869,41,851,1504
2025-05-05,21,6,1679,1102,37,15.923,78.869,41,851,1504
2025-05-12,21,6,2267,556,19,15.923,78.869,41,851,1504
2025-05-19,21,6,2205,754,62,15.923,78.869,41,851,1504
2025-05-26,21,6,2314,549,41,15.923,78.869,41,851,1504
2025-06-02,21,6,1729,1103,42,15.923,78.869,41,851,1504
2025-06-09,21,6,2216,516,31,15.923,78.869,41,851,1504
2025-06-16,21,6,2340,526,16,15.923,78.869,41,851,1504
2025-06-23,21,6,2066,558,41,15.923,78.869,41,851,1504
2025-06-30,21,6,1711,808,38,15.923,78.869,41,851,1504
2025-04-07,21,7,631,173,52,26.383,73.542,41,832,1914
2025-04-14,21,7,519,147,38,26.383,73.542,41,832,1914
2025-04-21,21,7,448,299,45,26.383,73.542,41,832,1914
2025-04-28,21,7,716,192,67,26.383,73.542,41,832,1914
2025-05-05,21,7,767,146,99,26.383,73.542,41,832,1914
2025-05-12,21,7,554,281,71,26.383,73.542,41,832,1914
2025-05-19,21,7,618,205,39,26.383,73.542,41,832,1914
2025-05-26,21,7,471,342,102,26.383,73.542,41,832,1914
2025-06-02,21,7,676,294,41,26.383,73.542,41,832,1914
2025-06-09,21,7,436,336,51,26.383,73.542,41,832,1914
2025-06-16,21,7,818,180,40,26.383,73.542,41,832,1914
2025-06-23,21,7,635,262,60,26.383,73.542,41,832,1914
2025-06-30,21,7,627,174,94,26.383,73.542,41,832,1914
2025-04-07,21,8,947,560,65,28.939,65.772,41,769,1955
2025-04-14,21,8,1186,288,106,28.939,65.772,41,769,1955
2025-04-21,21,8,1192,616,36,28.939,65.772,41,769,1955
2025-04-28,21,8,1066,382,37,28.939,65.772,41,769,1955
2025-05-05,21,8,937,427,58,28.939,65.772,41,769,1955
2025-05-12,21,8,1023,487,113,28.939,65.772,41,769,1955
2025-05-19,21,8,995,244,57,28.939,65.772,41,769,1955
2025-05-26,21,8,1287,361,69,28.939,65.772,41,769,1955
2025-06-02,21,8,1090,269,84,28.939,65.772,41,769,1955
2025-06-09,21,8,1153,326,109,28.939,65.772,41,769,1955
2025-06-16,21,8,1475,357,37,28.939,65.772,41,769,1955
2025-06-23,21,8,880,603,38,28.939,65.772,41,769,1955
2025-06-30,21,8,1115,424,112,28.939,65.772,41,769,1955
2025-04-07,22,1,1230,866,84,35.143,78.961,44,978,2524
2025-04-14,22,1,1756,763,87,35.143,78.961,44,978,2524
2025-04-21,22,1,2217,401,40,35.143,78.961,44,978,2524
2025-04-28,22,1,1121,913,131,35.143,78.961,44,978,2524
2025-05-05,22,1,2055,409,129,35.143,78.961,44,978,2524
2025-05-12,22,1,1722,474,129,35.143,78.961,44,978,2524
2025-05-19,22,1,1350,876,125,35.143,78.961,44,978,2524
2025-05-26,22,1,1405,487,70,35.143,78.961,44,978,2524
2025-06-02,22,1,1429,962,131,35.143,78.961,44,978,2524
2025-06-09,22,1,1495,723,96,35.143,78.961,44,978,2524
2025-06-16,22,1,2005,386,101,35.143,78.961,44,978,2524
2025-06-23,22,1,1490,853,92,35.143,78.961,44,978,2524
2025-06-30,22,1,1695,561,85,35.143,78.961,44,978,2524
2025-04-07,22,2,1627,766,52,28.618,78.497,44,936,2195
2025-04-14,22,2,1426,758,92,28.618,78.497,44,936,2195
2025-04-21,22,2,1811,389,77,28.618,78.497,44,936,2195
2025-04-28,22,2,1499,587,32,28.618,78.497,44,936,2195
2025-05-05,22,2,1834,753,74,28.618,78.497,44,936,2195
2025-05-12,22,2,1900,339,31,28.618,78.497,44,936,2195
2025-05-19,22,2,1388,628,47,28.618,78.497,44,936,2195
2025-05-26,22,2,1346,868,114,28.618,78.497,44,936,2195
2025-06-02,22,2,1397,636,78,28.618,78.497,44,936,2195
2025-06-09,22,2,1356,553,61,28.618,78.497,44,936,2195
2025-06-16,22,2,1316,854,46,28.618,78.497,44,936,2195
2025-06-23,22,2,1160,849,60,28.618,78.497,44,936,2195
2025-06-30,22,2,1464,485,79,28.618,78.497,44,936,2195
2025-04-07,22,3,1542,608,37,19.105,83.672,44,947,1788
2025-04-14,22,3,903,414,49,19.105,83.672,44,947,1788
2025-04-21,22,3,1112,422,49,19.105,83.672,44,947,1788
2025-04-28,22,3,1271,615,66,19.105,83.672,44,947,1788
2025-05-05,22,3,1013,564,68,19.105,83.672,44,947,1788
2025-05-12,22,3,1282,612,60,19.105,83.672,44,947,1788
2025-05-19,22,3,1267,605,71,19.105,83.672,44,947,1788
2025-05-26,22,3,1155,392,65,19.105,83.672,44,947,1788
2025-06-02,22,3,1104,603,66,19.105,83.672,44,947,1788
2025-06-09,22,3,814,566,22,19.105,83.672,44,947,1788
2025-06-16,22,3,1433,295,67,19.105,83.672,44,947,1788
2025-06-23,22,3,1314,524,43,19.105,83.672,44,947,1788
2025-06-30,22,3,859,500,69,19.105,83.672,44,947,1788
2025-04-07,22,4,3000,675,167,42.872,67.724,44,930,2816
2025-04-14,22,4,2597,1139,81,42.872,67.724,44,930,2816
2025-04-21,22,4,2613,921,81,42.872,67.724,44,930,2816
2025-04-28,22,4,2224,1144,62,42.872,67.724,44,930,2816
2025-05-05,22,4,2803,1191,96,42.872,67.724,44,930,2816
2025-05-12,22,4,2524,1704,153,42.872,67.724,44,930,2816
2025-05-19,22,4,2914,712,111,42.872,67.724,44,930,2816
2025-05-26,22,4,2763,541,46,42.872,67.724,44,930,2816
2025-06-02,22,4,2903,897,91,42.872,67.724,44,930,2816
2025-06-09,22,4,1955,1486,127,42.872,67.724,44,930,2816
2025-06-16,22,4,2191,887,146,42.872,67.724,44,930,2816
2025-06-23,22,4,2157,819,45,42.872,67.724,44,930,2816
2025-06-30,22,4,2196,1355,143,42.872,67.724,44,930,2816
2025-04-07,22,5,678,312,9,8.332,62.265,44,688,1055
2025-04-14,22,5,1045,229,18,8.332,62.265,44,688,1055
2025-04-21,22,5,955,204,25,8.332,62.265,44,688,1055
2025-04-28,22,5,629,313,23,8.332,62.265,44,688,1055
2025-05-05,22,5,709,261,31,8.332,62.265,44,688,1055
2025-05-12,22,5,593,289,19,8.332,62.265,44,688,1055
2025-05-19,22,5,747,366,18,8.332,62.265,44,688,1055
2025-05-26,22,5,788,147,17,8.332,62.265,44,688,1055
2025-06-02,22,5,780,306,23,8.332,62.265,44,688,1055
2025-06-09,22,5,603,327,18,8.332,62.265,44,688,1055
2025-06-16,22,5,766,140,9,8.332,62.265,44,688,1055
2025-06-23,22,5,757,334,19,8.332,62.265,44,688,1055
2025-06-30,22,5,688,227,33,8.332,62.265,44,688,1055
2025-04-07,22,6,1399,554,77,30.138,77.363,44,933,2259
2025-04-14,22,6,1395,397,91,30.138,77.363,44,933,2259
2025-04-21,22,6,1269,465,108,30.138,77.363,44,933,2259
2025-04-28,22,6,1030,576,31,30.138,77.363,44,933,2259
2025-05-05,22,6,1368,457,100,30.138,77.363,44,933,2259
2025-05-12,22,6,963,584,80,30.138,77.363,44,933,2259
2025-05-19,22,6,1040,639,106,30.138,77.363,44,933,2259
2025-05-26,22,6,1409,332,101,30.138,77.363,44,933,2259
2025-06-02,22,6,1010,475,105,30.138,77.363,44,933,2259
2025-06-09,22,6,1199,534,98,30.138,77.363,44,933,2259
2025-06-16,22,6,1063,399,85,30.138,77.363,44,933,2259
2025-06-23,22,6,1167,644,38,30.138,77.363,44,933,2259
2025-06-30,22,6,1395,408,120,30.138,77.363,44,933,2259
2025-04-07,22,7,760,398,35,13.599,66.68,44,749,1348
2025-04-14,22,7,641,389,51,13.599,66.68,44,749,1348
2025-04-21,22,7,600,442,15,13.599,66.68,44,749,1348
2025-04-28,22,7,962,206,20,13.599,66.68,44,749,1348
2025-05-05,22,7,633,480,47,13.599,66.68,44,749,1348
2025-05-12,22,7,802,149,45,13.599,66.68,44,749,1348
2025-05-19,22,7,510,141,21,13.599,66.68,44,749,1348
2025-05-26,22,7,822,169,24,13.599,66.68,44,749,1348
2025-06-02,22,7,787,238,43,13.599,66.68,44,749,1348
2025-06-09,22,7,621,183,45,13.599,66.68,44,749,1348
2025-06-16,22,7,780,219,40,13.599,66.68,44,749,1348
2025-06-23,22,7,594,349,52,13.599,66.68,44,749,1348
2025-06-30,22,7,577,367,37,13.599,66.68,44,749,1348
2025-04-07,22,8,1253,497,25,14.678,65.937,44,745,1391
2025-04-14,22,8,1480,490,48,14.678,65.937,44,745,1391
2025-04-21,22,8,1317,410,28,14.678,65.937,44,745,1391
2025-04-28,22,8,1451,307,45,14.678,65.937,44,745,1391
2025-05-05,22,8,958,676,38,14.678,65.937,44,745,1391
2025-05-12,22,8,928,741,27,14.678,65.937,44,745,1391
2025-05-19,22,8,1175,812,43,14.678,65.937,44,745,1391
2025-05-26,22,8,1276,300,30,14.678,65.937,44,745,1391
2025-06-02,22,8,1378,325,58,14.678,65.937,44,745,1391
2025-06-09,22,8,1232,548,28,14.678,65.937,44,745,1391
2025-06-16,22,8,1194,386,30,14.678,65.937,44,745,1391
2025-06-23,22,8,1219,557,31,14.678,65.937,44,745,1391
2025-06-30,22,8,1160,732,21,14.678,65.937,44,745,1391
2025-04-07,23,1,581,281,109,31.696,74.421,44,913,2308
2025-04-14,23,1,800,327,121,31.696,74.421,44,913,2308
2025-04-21,23,1,964,182,32,31.696,74.421,44,913,2308
2025-04-28,23,1,766,422,105,31.696,74.421,44,913,2308
2025-05-05,23,1,534,392,52,31.696,74.421,44,913,2308
2025-05-12,23,1,760,352,38,31.696,74.421,44,913,2308
2025-05-19,23,1,772,175,71,31.696,74.421,44,913,2308
2025-05-26,23,1,665,364,119,31.696,74.421,44,913,2308
2025-06-02,23,1,532,384,71,31.696,74.421,44,913,2308
2025-06-09,23,1,520,391,100,31.696,74.421,44,913,2308
2025-06-16,23,1,703,236,123,31.696,74.421,44,913,2308
2025-06-23,23,1,693,157,37,31.696,74.421,44,913,2308
2025-06-30,23,1,555,415,47,31.696,74.421,44,913,2308
2025-04-07,23,2,1322,587,47,18.671,70.867,44,811,1633
2025-04-14,23,2,1483,356,45,18.671,70.867,44,811,1633
2025-04-21,23,2,1854,346,53,18.671,70.867,44,811,1633
2025-04-28,23,2,1317,774,70,18.671,70.867,44,811,1633
2025-05-05,23,2,1534,725,35,18.671,70.867,44,811,1633
2025-05-12,23,2,1509,385,46,18.671,70.867,44,811,1633
2025-05-19,23,2,1958,474,66,18.671,70.867,44,811,1633
2025-05-26,23,2,1198,755,43,18.671,70.867,44,811,1633
2025-06-02,23,2,1494,547,19,18.671,70.867,44,811,1633
2025-06-09,23,2,1837,418,34,18.671,70.867,44,811,1633
2025-06-16,23,2,1492,633,62,18.671,70.867,44,811,1633
2025-06-23,23,2,1426,666,23,18.671,70.867,44,811,1633
2025-06-30,23,2,1200,885,39,18.671,70.867,44,811,1633
2025-04-07,23,3,538,336,11,8.29,70.302,44,775,1140
2025-04-14,23,3,622,371,27,8.29,70.302,44,775,1140
2025-04-21,23,3,654,256,18,8.29,70.302,44,775,1140
2025-04-28,23,3,674,337,27,8.29,70.302,44,775,1140
2025-05-05,23,3,505,308,19,8.29,70.302,44,775,1140
2025-05-12,23,3,576,375,23,8.29,70.302,44,775,1140
2025-05-19,23,3,652,251,28,8.29,70.302,44,775,1140
2025-05-26,23,3,613,291,27,8.29,70.302,44,775,1140
2025-06-02,23,3,604,178,18,8.29,70.302,44,775,1140
2025-06-09,23,3,674,258,30,8.29,70.302,44,775,1140
2025-06-16,23,3,507,285,24,8.29,70.302,44,775,1140
2025-06-23,23,3,671,140,27,8.29,70.302,44,775,1140
2025-06-30,23,3,444,327,20,8.29,70.302,44,775,1140
2025-04-07,23,4,1050,562,31,21.581,71.733,44,833,1782
2025-04-14,23,4,1216,285,49,21.581,71.733,44,833,1782
2025-04-21,23,4,1021,530,38,21.581,71.733,44,833,1782
2025-04-28,23,4,689,404,32,21.581,71.733,44,833,1782
2025-05-05,23,4,922,535,38,21.581,71.733,44,833,1782
2025-05-12,23,4,807,615,75,21.581,71.733,44,833,1782
2025-05-19,23,4,945,216,35,21.581,71.733,44,833,1782
2025-05-26,23,4,805,409,48,21.581,71.733,44,833,1782
2025-06-02,23,4,831,499,79,21.581,71.733,44,833,1782
2025-06-09,23,4,727,573,37,21.581,71.733,44,833,1782
2025-06-16,23,4,976,280,32,21.581,71.733,44,833,1782
2025-06-23,23,4,1120,345,49,21.581,71.733,44,833,1782
2025-06-30,23,4,882,378,33,21.581,71.733,44,833,1782
2025-04-07,23,5,737,262,95,37.083,79.733,44,998,2629
2025-04-14,23,5,761,181,113,37.083,79.733,44,998,2629
2025-04-21,23,5,747,348,51,37.083,79.733,44,998,2629
2025-04-28,23,5,652,455,40,37.083,79.733,44,998,2629
2025-05-05,23,5,1033,390,113,37.083,79.733,44,998,2629
2025-05-12,23,5,850,323,61,37.083,79.733,44,998,2629
2025-05-19,23,5,837,423,90,37.083,79.733,44,998,2629
2025-05-26,23,5,751,257,121,37.083,79.733,44,998,2629
2025-06-02,23,5,1024,259,51,37.083,79.733,44,998,2629
2025-06-09,23,5,793,222,53,37.083,79.733,44,998,2629
2025-06-16,23,5,702,301,100,37.083,79.733,44,998,2629
2025-06-23,23,5,650,413,46,37.083,79.733,44,998,2629
2025-06-30,23,5,924,234,122,37.083,79.733,44,998,2629
2025-04-07,23,6,781,447,17,15.93,56.137,44,647,1348
2025-04-14,23,6,1079,304,45,15.93,56.137,44,647,1348
2025-04-21,23,6,962,188,48,15.93,56.137,44,647,1348
2025-04-28,23,6,832,304,39,15.93,56.137,44,647,1348
2025-05-05,23,6,939,304,59,15.93,56.137,44,647,1348
2025-05-12,23,6,844,394,25,15.93,56.137,44,647,1348
2025-05-19,23,6,697,547,27,15.93,56.137,44,647,1348
2025-05-26,23,6,648,523,31,15.93,56.137,44,647,1348
2025-06-02,23,6,745,283,51,15.93,56.137,44,647,1348
2025-06-09,23,6,1052,292,26,15.93,56.137,44,647,1348
2025-06-16,23,6,781,365,28,15.93,56.137,44,647,1348
2025-06-23,23,6,751,519,25,15.93,56.137,44,647,1348
2025-06-30,23,6,823,501,48,15.93,56.137,44,647,1348
2025-04-07,23,7,908,473,41,16.566,87.288,44,977,1706
2025-04-14,23,7,1101,227,50,16.566,87.288,44,977,1706
2025-04-21,23,7,1059,509,51,16.566,87.288,44,977,1706
2025-04-28,23,7,1084,281,65,16.566,87.288,44,977,1706
2025-05-05,23,7,784,295,40,16.566,87.288,44,977,1706
2025-05-12,23,7,1144,215,64,16.566,87.288,44,977,1706
2025-05-19,23,7,834,187,46,16.566,87.288,44,977,1706
2025-05-26,23,7,718,240,23,16.566,87.288,44,977,1706
2025-06-02,23,7,801,459,62,16.566,87.288,44,977,1706
2025-06-09,23,7,1004,280,38,16.566,87.288,44,977,1706
2025-06-16,23,7,608,476,57,16.566,87.288,44,977,1706
2025-06-23,23,7,1039,350,21,16.566,87.288,44,977,1706
2025-06-30,23,7,981,468,59,16.566,87.288,44,977,1706
2025-04-07,23,8,2865,1767,113,44.156,100.487,44,1241,3184
2025-04-14,23,8,2693,1213,151,44.156,100.487,44,1241,3184
2025-04-21,23,8,2634,1422,172,44.156,100.487,44,1241,3184
2025-04-28,23,8,2828,1716,116,44.156,100.487,44,1241,3184
2025-05-05,23,8,3227,1225,142,44.156,100.487,44,1241,3184
2025-05-12,23,8,2625,1137,113,44.156,100.487,44,1241,3184
2025-05-19,23,8,2640,1790,150,44.156,100.487,44,1241,3184
2025-05-26,23,8,2982,848,165,44.156,100.487,44,1241,3184
2025-06-02,23,8,2082,1612,171,44.156,100.487,44,1241,3184
2025-06-09,23,8,2764,1032,123,44.156,100.487,44,1241,3184
2025-06-16,23,8,2272,1154,95,44.156,100.487,44,1241,3184
2025-06-23,23,8,2842,1032,120,44.156,100.487,44,1241,3184
2025-06-30,23,8,3508,679,57,44.156,100.487,44,1241,3184
2025-04-07,24,1,997,429,64,31.869,69.934,28,644,1536
2025-04-14,24,1,1066,235,112,31.869,69.934,28,644,1536
2025-04-21,24,1,1000,247,76,31.869,69.934,28,644,1536
2025-04-28,24,1,771,448,44,31.869,69.934,28,644,1536
2025-05-05,24,1,1027,380,79,31.869,69.934,28,644,1536
2025-05-12,24,1,861,319,76,31.869,69.934,28,644,1536
2025-05-19,24,1,742,510,94,31.869,69.934,28,644,1536
2025-05-26,24,1,940,223,89,31.869,69.934,28,644,1536
2025-06-02,24,1,1149,220,104,31.869,69.934,28,644,1536
2025-06-09,24,1,972,252,116,31.869,69.934,28,644,1536
2025-06-16,24,1,1069,429,45,31.869,69.934,28,644,1536
2025-06-23,24,1,973,339,104,31.869,69.934,28,644,1536
2025-06-30,24,1,790,643,103,31.869,69.934,28,644,1536
2025-04-07,24,2,346,187,75,19.031,60.606,28,542,1075
2025-04-14,24,2,408,78,48,19.031,60.606,28,542,1075
2025-04-21,24,2,348,107,43,19.031,60.606,28,542,1075
2025-04-28,24,2,251,174,40,19.031,60.606,28,542,1075
2025-05-05,24,2,260,185,47,19.031,60.606,28,542,1075
2025-05-12,24,2,388,158,70,19.031,60.606,28,542,1075
2025-05-19,24,2,345,149,76,19.031,60.606,28,542,1075
2025-05-26,24,2,294,161,36,19.031,60.606,28,542,1075
2025-06-02,24,2,320,115,41,19.031,60.606,28,542,1075
2025-06-09,24,2,352,203,73,19.031,60.606,28,542,1075
2025-06-16,24,2,347,148,35,19.031,60.606,28,542,1075
2025-06-23,24,2,359,229,75,19.031,60.606,28,542,1075
2025-06-30,24,2,345,157,57,19.031,60.606,28,542,1075
2025-04-07,24,3,631,335,59,22.498,56.717,28,515,1145
2025-04-14,24,3,883,536,90,22.498,56.717,28,515,1145
2025-04-21,24,3,1060,195,24,22.498,56.717,28,515,1145
2025-04-28,24,3,764,548,39,22.498,56.717,28,515,1145
2025-05-05,24,3,781,585,72,22.498,56.717,28,515,1145
2025-05-12,24,3,662,402,49,22.498,56.717,28,515,1145
2025-05-19,24,3,784,247,89,22.498,56.717,28,515,1145
2025-05-26,24,3,708,422,32,22.498,56.717,28,515,1145
2025-06-02,24,3,702,372,90,22.498,56.717,28,515,1145
2025-06-09,24,3,942,187,32,22.498,56.717,28,515,1145
2025-06-16,24,3,752,390,45,22.498,56.717,28,515,1145
2025-06-23,24,3,1063,436,43,22.498,56.717,28,515,1145
2025-06-30,24,3,1062,388,76,22.498,56.717,28,515,1145
2025-04-07,24,4,587,207,48,31.383,64.127,28,595,1474
2025-04-14,24,4,473,169,32,31.383,64.127,28,595,1474
2025-04-21,24,4,467,381,57,31.383,64.127,28,595,1474
2025-04-28,24,4,549,130,37,31.383,64.127,28,595,1474
2025-05-05,24,4,531,172,40,31.383,64.127,28,595,1474
2025-05-12,24,4,434,241,79,31.383,64.127,28,595,1474
2025-05-19,24,4,595,168,96,31.383,64.127,28,595,1474
2025-05-26,24,4,426,202,43,31.383,64.127,28,595,1474
2025-06-02,24,4,458,298,55,31.383,64.127,28,595,1474
2025-06-09,24,4,422,331,73,31.383,64.127,28,595,1474
2025-06-16,24,4,425,271,48,31.383,64.127,28,595,1474
2025-06-23,24,4,466,295,122,31.383,64.127,28,595,1474
2025-06-30,24,4,497,322,38,31.383,64.127,28,595,1474
2025-04-07,24,5,1218,670,43,31.702,61.589,28,575,1463
2025-04-14,24,5,1356,542,114,31.702,61.589,28,575,1463
2025-04-21,24,5,1675,523,82,31.702,61.589,28,575,1463
2025-04-28,24,5,1387,780,62,31.702,61.589,28,575,1463
2025-05-05,24,5,1637,496,37,31.702,61.589,28,575,1463
2025-05-12,24,5,1469,712,93,31.702,61.589,28,575,1463
2025-05-19,24,5,1408,514,95,31.702,61.589,28,575,1463
2025-05-26,24,5,1331,949,60,31.702,61.589,28,575,1463
2025-06-02,24,5,1854,484,94,31.702,61.589,28,575,1463
2025-06-09,24,5,1562,656,54,31.702,61.589,28,575,1463
2025-06-16,24,5,1400,979,119,31.702,61.589,28,575,1463
2025-06-23,24,5,1800,583,83,31.702,61.589,28,575,1463
2025-06-30,24,5,1775,417,104,31.702,61.589,28,575,1463
2025-04-07,24,6,586,344,27,17.584,55.586,28,497,990
2025-04-14,24,6,828,213,57,17.584,55.586,28,497,990
2025-04-21,24,6,839,245,39,17.584,55.586,28,497,990
2025-04-28,24,6,912,227,37,17.584,55.586,28,497,990
2025-05-05,24,6,569,450,29,17.584,55.586,28,497,990
2025-05-12,24,6,623,361,65,17.584,55.586,28,497,990
2025-05-19,24,6,832,300,20,17.584,55.586,28,497,990
2025-05-26,24,6,857,221,45,17.584,55.586,28,497,990
2025-06-02,24,6,768,306,62,17.584,55.586,28,497,990
2025-06-09,24,6,822,147,33,17.584,55.586,28,497,990
2025-06-16,24,6,643,365,67,17.584,55.586,28,497,990
2025-06-23,24,6,466,347,20,17.584,55.586,28,497,990
2025-06-30,24,6,981,227,54,17.584,55.586,28,497,990
2025-04-07,24,7,658,467,56,17.069,64.826,28,575,1053
2025-04-14,24,7,786,257,62,17.069,64.826,28,575,1053
2025-04-21,24,7,642,427,40,17.069,64.826,28,575,1053
2025-04-28,24,7,877,257,44,17.069,64.826,28,575,1053
2025-05-05,24,7,698,313,45,17.069,64.826,28,575,1053
2025-05-12,24,7,647,477,43,17.069,64.826,28,575,1053
2025-05-19,24,7,930,193,30,17.069,64.826,28,575,1053
2025-05-26,24,7,883,327,64,17.069,64.826,28,575,1053
2025-06-02,24,7,902,203,40,17.069,64.826,28,575,1053
2025-06-09,24,7,776,303,56,17.069,64.826,28,575,1053
2025-06-16,24,7,812,445,47,17.069,64.826,28,575,1053
2025-06-23,24,7,621,428,54,17.069,64.826,28,575,1053
2025-06-30,24,7,631,456,36,17.069,64.826,28,575,1053
2025-04-07,24,8,732,216,46,14.284,56.448,28,500,900
2025-04-14,24,8,560,269,30,14.284,56.448,28,500,900
2025-04-21,24,8,833,158,24,14.284,56.448,28,500,900
2025-04-28,24,8,692,188,30,14.284,56.448,28,500,900
2025-05-05,24,8,757,217,44,14.284,56.448,28,500,900
2025-05-12,24,8,894,164,41,14.284,56.448,28,500,900
2025-05-19,24,8,651,268,18,14.284,56.448,28,500,900
2025-05-26,24,8,532,426,35,14.284,56.448,28,500,900
2025-06-02,24,8,816,275,16,14.284,56.448,28,500,900
2025-06-09,24,8,958,263,21,14.284,56.448,28,500,900
2025-06-16,24,8,924,271,42,14.284,56.448,28,500,900
2025-06-23,24,8,748,182,22,14.284,56.448,28,500,900
2025-06-30,24,8,757,233,55,14.284,56.448,28,500,900
2025-04-07,25,1,255,138,23,8.761,42.043,27,364,601
2025-04-14,25,1,285,192,30,8.761,42.043,27,364,601
2025-04-21,25,1,407,103,33,8.761,42.043,27,364,601
2025-04-28,25,1,324,231,31,8.761,42.043,27,364,601
2025-05-05,25,1,401,74,17,8.761,42.043,27,364,601
2025-05-12,25,1,277,206,34,8.761,42.043,27,364,601
2025-05-19,25,1,259,179,19,8.761,42.043,27,364,601
2025-05-26,25,1,443,106,14,8.761,42.043,27,364,601
2025-06-02,25,1,321,123,11,8.761,42.043,27,364,601
2025-06-09,25,1,318,207,35,8.761,42.043,27,364,601
2025-06-16,25,1,415,74,25,8.761,42.043,27,364,601
2025-06-23,25,1,448,162,16,8.761,42.043,27,364,601
2025-06-30,25,1,318,183,12,8.761,42.043,27,364,601
2025-04-07,25,2,619,485,44,17.219,81.378,27,705,1170
2025-04-14,25,2,801,201,58,17.219,81.378,27,705,1170
2025-04-21,25,2,723,327,23,17.219,81.378,27,705,1170
2025-04-28,25,2,585,320,31,17.219,81.378,27,705,1170
2025-05-05,25,2,723,344,51,17.219,81.378,27,705,1170
2025-05-12,25,2,795,534,63,17.219,81.378,27,705,1170
2025-05-19,25,2,602,174,22,17.219,81.378,27,705,1170
2025-05-26,25,2,426,341,68,17.219,81.378,27,705,1170
2025-06-02,25,2,906,231,44,17.219,81.378,27,705,1170
2025-06-09,25,2,874,329,52,17.219,81.378,27,705,1170
2025-06-16,25,2,607,328,21,17.219,81.378,27,705,1170
2025-06-23,25,2,825,147,46,17.219,81.378,27,705,1170
2025-06-30,25,2,737,433,59,17.219,81.378,27,705,1170
2025-04-07,25,3,1594,859,40,33.884,71.5,27,651,1565
2025-04-14,25,3,2468,457,106,33.884,71.5,27,651,1565
2025-04-21,25,3,2648,703,122,33.884,71.5,27,651,1565
2025-04-28,25,3,2052,876,44,33.884,71.5,27,651,1565
2025-05-05,25,3,2488,498,39,33.884,71.5,27,651,1565
2025-05-12,25,3,2740,522,38,33.884,71.5,27,651,1565
2025-05-19,25,3,2065,927,123,33.884,71.5,27,651,1565
2025-05-26,25,3,2354,931,93,33.884,71.5,27,651,1565
2025-06-02,25,3,2008,749,38,33.884,71.5,27,651,1565
2025-06-09,25,3,2873,542,52,33.884,71.5,27,651,1565
2025-06-16,25,3,1851,1081,58,33.884,71.5,27,651,1565
2025-06-23,25,3,2925,560,119,33.884,71.5,27,651,1565
2025-06-30,25,3,2221,1325,75,33.884,71.5,27,651,1565
2025-04-07,25,4,623,151,97,29.841,75.055,27,671,1477
2025-04-14,25,4,433,271,51,29.841,75.055,27,671,1477
2025-04-21,25,4,503,236,48,29.841,75.055,27,671,1477
2025-04-28,25,4,469,149,85,29.841,75.055,27,671,1477
2025-05-05,25,4,372,263,62,29.841,75.055,27,671,1477
2025-05-12,25,4,550,236,110,29.841,75.055,27,671,1477
2025-05-19,25,4,449,270,33,29.841,75.055,27,671,1477
2025-05-26,25,4,399,272,86,29.841,75.055,27,671,1477
2025-06-02,25,4,557,265,84,29.841,75.055,27,671,1477
2025-06-09,25,4,396,249,83,29.841,75.055,27,671,1477
2025-06-16,25,4,433,325,71,29.841,75.055,27,671,1477
2025-06-23,25,4,585,218,95,29.841,75.055,27,671,1477
2025-06-30,25,4,450,240,89,29.841,75.055,27,671,1477
2025-04-07,25,5,1716,625,89,39.235,84.306,27,765,1825
2025-04-14,25,5,1576,989,104,39.235,84.306,27,765,1825
2025-04-21,25,5,2015,753,119,39.235,84.306,27,765,1825
2025-04-28,25,5,2107,462,116,39.235,84.306,27,765,1825
2025-05-05,25,5,1486,1035,56,39.235,84.306,27,765,1825
2025-05-12,25,5,1954,1001,148,39.235,84.306,27,765,1825
2025-05-19,25,5,1650,833,83,39.235,84.306,27,765,1825
2025-05-26,25,5,2195,680,44,39.235,84.306,27,765,1825
2025-06-02,25,5,2100,624,141,39.235,84.306,27,765,1825
2025-06-09,25,5,1438,1035,62,39.235,84.306,27,765,1825
2025-06-16,25,5,2155,401,99,39.235,84.306,27,765,1825
2025-06-23,25,5,2538,752,116,39.235,84.306,27,765,1825
2025-06-30,25,5,1951,577,148,39.235,84.306,27,765,1825
2025-04-07,25,6,773,426,44,20.117,85.497,27,743,1286
2025-04-14,25,6,829,468,30,20.117,85.497,27,743,1286
2025-04-21,25,6,1059,283,57,20.117,85.497,27,743,1286
2025-04-28,25,6,834,249,71,20.117,85.497,27,743,1286
2025-05-05,25,6,1187,332,64,20.117,85.497,27,743,1286
2025-05-12,25,6,954,371,30,20.117,85.497,27,743,1286
2025-05-19,25,6,849,335,64,20.117,85.497,27,743,1286
2025-05-26,25,6,937,433,80,20.117,85.497,27,743,1286
2025-06-02,25,6,1013,324,56,20.117,85.497,27,743,1286
2025-06-09,25,6,770,445,69,20.117,85.497,27,743,1286
2025-06-16,25,6,1217,373,59,20.117,85.497,27,743,1286
2025-06-23,25,6,1136,584,72,20.117,85.497,27,743,1286
2025-06-30,25,6,941,328,48,20.117,85.497,27,743,1286
2025-04-07,25,7,865,578,51,33.916,77.159,27,696,1612
2025-04-14,25,7,692,489,59,33.916,77.159,27,696,1612
2025-04-21,25,7,724,480,108,33.916,77.159,27,696,1612
2025-04-28,25,7,832,500,110,33.916,77.159,27,696,1612
2025-05-05,25,7,996,563,78,33.916,77.159,27,696,1612
2025-05-12,25,7,1015,418,134,33.916,77.159,27,696,1612
2025-05-19,25,7,788,519,128,33.916,77.159,27,696,1612
2025-05-26,25,7,901,360,41,33.916,77.159,27,696,1612
2025-06-02,25,7,738,394,99,33.916,77.159,27,696,1612
2025-06-09,25,7,881,631,65,33.916,77.159,27,696,1612
2025-06-16,25,7,772,437,114,33.916,77.159,27,696,1612
2025-06-23,25,7,1102,360,113,33.916,77.159,27,696,1612
2025-06-30,25,7,997,382,117,33.916,77.159,27,696,1612
2025-04-07,25,8,752,346,75,19.117,64.823,27,568,1084
2025-04-14,25,8,724,416,56,19.117,64.823,27,568,1084
2025-04-21,25,8,956,223,32,19.117,64.823,27,568,1084
2025-04-28,25,8,1043,196,72,19.117,64.823,27,568,1084
2025-05-05,25,8,766,502,32,19.117,64.823,27,568,1084
2025-05-12,25,8,1043,211,20,19.117,64.823,27,568,1084
2025-05-19,25,8,713,285,75,19.117,64.823,27,568,1084
2025-05-26,25,8,801,192,68,19.117,64.823,27,568,1084
2025-06-02,25,8,879,462,56,19.117,64.823,27,568,1084
2025-06-09,25,8,1002,433,73,19.117,64.823,27,568,1084
2025-06-16,25,8,993,222,46,19.117,64.823,27,568,1084
2025-06-23,25,8,664,506,58,19.117,64.823,27,568,1084
2025-06-30,25,8,843,315,55,19.117,64.823,27,568,1084
2025-04-07,26,1,522,165,38,10.868,59.863,30,544,870
2025-04-14,26,1,553,210,41,10.868,59.863,30,544,870
2025-04-21,26,1,644,184,20,10.868,59.863,30,544,870
2025-04-28,26,1,527,219,26,10.868,59.863,30,544,870
2025-05-05,26,1,567,237,33,10.868,59.863,30,544,870
2025-05-12,26,1,454,264,36,10.868,59.863,30,544,870
2025-05-19,26,1,523,200,30,10.868,59.863,30,544,870
2025-05-26,26,1,517,202,14,10.868,59.863,30,544,870
2025-06-02,26,1,460,183,11,10.868,59.863,30,544,870
2025-06-09,26,1,492,234,23,10.868,59.863,30,544,870
2025-06-16,26,1,530,246,32,10.868,59.863,30,544,870
2025-06-23,26,1,552,223,16,10.868,59.863,30,544,870
2025-06-30,26,1,489,353,30,10.868,59.863,30,544,870
2025-04-07,26,2,762,167,42,24.655,66.049,30,617,1356
2025-04-14,26,2,619,413,56,24.655,66.049,30,617,1356
2025-04-21,26,2,916,205,95,24.655,66.049,30,617,1356
2025-04-28,26,2,713,432,61,24.655,66.049,30,617,1356
2025-05-05,26,2,913,432,42,24.655,66.049,30,617,1356
2025-05-12,26,2,755,413,71,24.655,66.049,30,617,1356
2025-05-19,26,2,847,293,43,24.655,66.049,30,617,1356
2025-05-26,26,2,645,471,81,24.655,66.049,30,617,1356
2025-06-02,26,2,631,376,75,24.655,66.049,30,617,1356
2025-06-09,26,2,849,257,38,24.655,66.049,30,617,1356
2025-06-16,26,2,781,304,80,24.655,66.049,30,617,1356
2025-06-23,26,2,660,500,86,24.655,66.049,30,617,1356
2025-06-30,26,2,957,401,71,24.655,66.049,30,617,1356
2025-04-07,26,3,792,321,83,21.994,57.528,30,538,1198
2025-04-14,26,3,1064,231,81,21.994,57.528,30,538,1198
2025-04-21,26,3,724,493,80,21.994,57.528,30,538,1198
2025-04-28,26,3,859,307,83,21.994,57.528,30,538,1198
2025-05-05,26,3,890,539,68,21.994,57.528,30,538,1198
2025-05-12,26,3,1071,380,66,21.994,57.528,30,538,1198
2025-05-19,26,3,1173,209,50,21.994,57.528,30,538,1198
2025-05-26,26,3,984,389,49,21.994,57.528,30,538,1198
2025-06-02,26,3,842,680,76,21.994,57.528,30,538,1198
2025-06-09,26,3,976,343,87,21.994,57.528,30,538,1198
2025-06-16,26,3,813,400,30,21.994,57.528,30,538,1198
2025-06-23,26,3,1102,309,79,21.994,57.528,30,538,1198
2025-06-30,26,3,906,529,23,21.994,57.528,30,538,1198
2025-04-07,26,4,324,249,57,21.334,51.749,30,487,1127
2025-04-14,26,4,365,134,24,21.334,51.749,30,487,1127
2025-04-21,26,4,410,114,62,21.334,51.749,30,487,1127
2025-04-28,26,4,292,215,48,21.334,51.749,30,487,1127
2025-05-05,26,4,313,168,33,21.334,51.749,30,487,1127
2025-05-12,26,4,459,90,43,21.334,51.749,30,487,1127
2025-05-19,26,4,350,170,82,21.334,51.749,30,487,1127
2025-05-26,26,4,389,196,34,21.334,51.749,30,487,1127
2025-06-02,26,4,356,180,84,21.334,51.749,30,487,1127
2025-06-09,26,4,522,100,31,21.334,51.749,30,487,1127
2025-06-16,26,4,334,170,39,21.334,51.749,30,487,1127
2025-06-23,26,4,415,239,85,21.334,51.749,30,487,1127
2025-06-30,26,4,324,210,58,21.334,51.749,30,487,1127
2025-04-07,26,5,1152,934,140,39.509,81.162,30,776,1961
2025-04-14,26,5,1281,934,71,39.509,81.162,30,776,1961
2025-04-21,26,5,1449,546,56,39.509,81.162,30,776,1961
2025-04-28,26,5,1536,678,53,39.509,81.162,30,776,1961
2025-05-05,26,5,1727,429,122,39.509,81.162,30,776,1961
2025-05-12,26,5,1687,740,55,39.509,81.162,30,776,1961
2025-05-19,26,5,1189,874,123,39.509,81.162,30,776,1961
2025-05-26,26,5,1560,469,124,39.509,81.162,30,776,1961
2025-06-02,26,5,1657,532,132,39.509,81.162,30,776,1961
2025-06-09,26,5,1424,652,137,39.509,81.162,30,776,1961
2025-06-16,26,5,1738,383,153,39.509,81.162,30,776,1961
2025-06-23,26,5,1886,517,40,39.509,81.162,30,776,1961
2025-06-30,26,5,1184,857,44,39.509,81.162,30,776,1961
2025-04-07,26,6,1237,566,134,39.659,65.671,30,647,1836
2025-04-14,26,6,1423,919,154,39.659,65.671,30,647,1836
2025-04-21,26,6,1320,480,143,39.659,65.671,30,647,1836
2025-04-28,26,6,949,599,139,39.659,65.671,30,647,1836
2025-05-05,26,6,1343,704,44,39.659,65.671,30,647,1836
2025-05-12,26,6,1055,596,106,39.659,65.671,30,647,1836
2025-05-19,26,6,943,696,131,39.659,65.671,30,647,1836
2025-05-26,26,6,1648,404,72,39.659,65.671,30,647,1836
2025-06-02,26,6,1696,733,90,39.659,65.671,30,647,1836
2025-06-09,26,6,1658,309,116,39.659,65.671,30,647,1836
2025-06-16,26,6,1309,646,142,39.659,65.671,30,647,1836
2025-06-23,26,6,1482,563,135,39.659,65.671,30,647,1836
2025-06-30,26,6,1249,744,119,39.659,65.671,30,647,1836
2025-04-07,26,7,1219,691,43,34.891,87.875,30,824,1871
2025-04-14,26,7,1446,497,100,34.891,87.875,30,824,1871
2025-04-21,26,7,1326,487,108,34.891,87.875,30,824,1871
2025-04-28,26,7,1350,651,85,34.891,87.875,30,824,1871
2025-05-05,26,7,1296,706,45,34.891,87.875,30,824,1871
2025-05-12,26,7,1584,321,111,34.891,87.875,30,824,1871
2025-05-19,26,7,1403,683,109,34.891,87.875,30,824,1871
2025-05-26,26,7,988,782,117,34.891,87.875,30,824,1871
2025-06-02,26,7,1137,766,94,34.891,87.875,30,824,1871
2025-06-09,26,7,1460,773,74,34.891,87.875,30,824,1871
2025-06-16,26,7,1504,280,132,34.891,87.875,30,824,1871
2025-06-23,26,7,1560,552,58,34.891,87.875,30,824,1871
2025-06-30,26,7,1263,707,124,34.891,87.875,30,824,1871
2025-04-07,26,8,384,294,15,12.472,54.681,30,499,874
2025-04-14,26,8,445,311,30,12.472,54.681,30,499,874
2025-04-21,26,8,478,200,48,12.472,54.681,30,499,874
2025-04-28,26,8,521,143,32,12.472,54.681,30,499,874
2025-05-05,26,8,471,179,49,12.472,54.681,30,499,874
2025-05-12,26,8,600,258,34,12.472,54.681,30,499,874
2025-05-19,26,8,657,134,31,12.472,54.681,30,499,874
2025-05-26,26,8,634,148,18,12.472,54.681,30,499,874
2025-06-02,26,8,550,188,13,12.472,54.681,30,499,874
2025-06-09,26,8,631,187,35,12.472,54.681,30,499,874
2025-06-16,26,8,409,327,17,12.472,54.681,30,499,874
2025-06-23,26,8,444,354,37,12.472,54.681,30,499,874
2025-06-30,26,8,371,174,17,12.472,54.681,30,499,874
2025-04-07,27,1,1591,343,60,17.117,70.095,43,781,1517
2025-04-14,27,1,1163,950,46,17.117,70.095,43,781,1517
2025-04-21,27,1,1256,938,64,17.117,70.095,43,781,1517
2025-04-28,27,1,1154,699,51,17.117,70.095,43,781,1517
2025-05-05,27,1,1455,601,28,17.117,70.095,43,781,1517
2025-05-12,27,1,1112,602,61,17.117,70.095,43,781,1517
2025-05-19,27,1,1136,700,65,17.117,70.095,43,781,1517
2025-05-26,27,1,1013,786,48,17.117,70.095,43,781,1517
2025-06-02,27,1,1174,404,19,17.117,70.095,43,781,1517
2025-06-09,27,1,1592,521,33,17.117,70.095,43,781,1517
2025-06-16,27,1,1032,833,54,17.117,70.095,43,781,1517
2025-06-23,27,1,983,696,63,17.117,70.095,43,781,1517
2025-06-30,27,1,1140,670,45,17.117,70.095,43,781,1517
2025-04-07,27,2,1264,305,43,21.143,60.522,43,697,1606
2025-04-14,27,2,981,632,35,21.143,60.522,43,697,1606
2025-04-21,27,2,977,467,54,21.143,60.522,43,697,1606
2025-04-28,27,2,779,567,38,21.143,60.522,43,697,1606
2025-05-05,27,2,920,531,81,21.143,60.522,43,697,1606
2025-05-12,27,2,1295,258,62,21.143,60.522,43,697,1606
2025-05-19,27,2,1135,430,83,21.143,60.522,43,697,1606
2025-05-26,27,2,919,587,26,21.143,60.522,43,697,1606
2025-06-02,27,2,998,324,56,21.143,60.522,43,697,1606
2025-06-09,27,2,1278,296,52,21.143,60.522,43,697,1606
2025-06-16,27,2,1295,264,79,21.143,60.522,43,697,1606
2025-06-23,27,2,1290,312,23,21.143,60.522,43,697,1606
2025-06-30,27,2,1080,421,64,21.143,60.522,43,697,1606
2025-04-07,27,3,890,453,19,13.772,82.994,43,909,1501
2025-04-14,27,3,728,496,34,13.772,82.994,43,909,1501
2025-04-21,27,3,814,180,18,13.772,82.994,43,909,1501
2025-04-28,27,3,1134,206,34,13.772,82.994,43,909,1501
2025-05-05,27,3,569,440,32,13.772,82.994,43,909,1501
2025-05-12,27,3,967,282,45,13.772,82.994,43,909,1501
2025-05-19,27,3,898,185,22,13.772,82.994,43,909,1501
2025-05-26,27,3,786,164,50,13.772,82.994,43,909,1501
2025-06-02,27,3,813,293,36,13.772,82.994,43,909,1501
2025-06-09,27,3,558,448,32,13.772,82.994,43,909,1501
2025-06-16,27,3,899,311,23,13.772,82.994,43,909,1501
2025-06-23,27,3,1011,215,22,13.772,82.994,43,909,1501
2025-06-30,27,3,648,297,14,13.772,82.994,43,909,1501
2025-04-07,27,4,2265,581,74,41.255,58.489,43,790,2564
2025-04-14,27,4,1649,1061,106,41.255,58.489,43,790,2564
2025-04-21,27,4,1336,918,134,41.255,58.489,43,790,2564
2025-04-28,27,4,1796,687,82,41.255,58.489,43,790,2564
2025-05-05,27,4,2068,598,161,41.255,58.489,43,790,2564
2025-05-12,27,4,2063,528,148,41.255,58.489,43,790,2564
2025-05-19,27,4,1209,657,108,41.255,58.489,43,790,2564
2025-05-26,27,4,1973,871,50,41.255,58.489,43,790,2564
2025-06-02,27,4,2074,735,84,41.255,58.489,43,790,2564
2025-06-09,27,4,1736,480,90,41.255,58.489,43,790,2564
2025-06-16,27,4,1739,492,159,41.255,58.489,43,790,2564
2025-06-23,27,4,1614,1262,81,41.255,58.489,43,790,2564
2025-06-30,27,4,1717,612,96,41.255,58.489,43,790,2564
2025-04-07,27,5,726,493,34,14.22,71.26,43,786,1397
2025-04-14,27,5,675,404,24,14.22,71.26,43,786,1397
2025-04-21,27,5,634,237,25,14.22,71.26,43,786,1397
2025-04-28,27,5,737,231,33,14.22,71.26,43,786,1397
2025-05-05,27,5,538,357,28,14.22,71.26,43,786,1397
2025-05-12,27,5,637,473,38,14.22,71.26,43,786,1397
2025-05-19,27,5,616,388,21,14.22,71.26,43,786,1397
2025-05-26,27,5,825,249,53,14.22,71.26,43,786,1397
2025-06-02,27,5,721,198,35,14.22,71.26,43,786,1397
2025-06-09,27,5,948,195,27,14.22,71.26,43,786,1397
2025-06-16,27,5,948,183,21,14.22,71.26,43,786,1397
2025-06-23,27,5,894,168,35,14.22,71.26,43,786,1397
2025-06-30,27,5,661,205,23,14.22,71.26,43,786,1397
2025-04-07,27,6,1998,537,84,23.492,65.165,43,753,1763
2025-04-14,27,6,1767,423,43,23.492,65.165,43,753,1763
2025-04-21,27,6,1670,762,62,23.492,65.165,43,753,1763
2025-04-28,27,6,1710,327,61,23.492,65.165,43,753,1763
2025-05-05,27,6,1278,840,85,23.492,65.165,43,753,1763
2025-05-12,27,6,2104,453,33,23.492,65.165,43,753,1763
2025-05-19,27,6,1426,841,75,23.492,65.165,43,753,1763
2025-05-26,27,6,1727,411,77,23.492,65.165,43,753,1763
2025-06-02,27,6,1437,656,59,23.492,65.165,43,753,1763
2025-06-09,27,6,1595,687,57,23.492,65.165,43,753,1763
2025-06-16,27,6,1365,933,71,23.492,65.165,43,753,1763
2025-06-23,27,6,1628,585,30,23.492,65.165,43,753,1763
2025-06-30,27,6,1255,570,76,23.492,65.165,43,753,1763
2025-04-07,27,7,1243,786,41,11.722,66.245,43,727,1231
2025-04-14,27,7,928,634,43,11.722,66.245,43,727,1231
2025-04-21,27,7,1320,357,39,11.722,66.245,43,727,1231
2025-04-28,27,7,1213,412,20,11.722,66.245,43,727,1231
2025-05-05,27,7,1095,597,43,11.722,66.245,43,727,1231
2025-05-12,27,7,1186,256,44,11.722,66.245,43,727,1231
2025-05-19,27,7,903,594,30,11.722,66.245,43,727,1231
2025-05-26,27,7,1199,305,24,11.722,66.245,43,727,1231
2025-06-02,27,7,900,429,36,11.722,66.245,43,727,1231
2025-06-09,27,7,1361,308,16,11.722,66.245,43,727,1231
2025-06-16,27,7,1140,569,20,11.722,66.245,43,727,1231
2025-06-23,27,7,1165,353,12,11.722,66.245,43,727,1231
2025-06-30,27,7,1090,366,35,11.722,66.245,43,727,1231
2025-04-07,27,8,772,239,98,24.775,67.628,43,783,1849
2025-04-14,27,8,630,179,31,24.775,67.628,43,783,1849
2025-04-21,27,8,639,173,44,24.775,67.628,43,783,1849
2025-04-28,27,8,574,223,63,24.775,67.628,43,783,1849
2025-05-05,27,8,691,169,79,24.775,67.628,43,783,1849
2025-05-12,27,8,416,328,86,24.775,67.628,43,783,1849
2025-05-19,27,8,574,218,55,24.775,67.628,43,783,1849
2025-05-26,27,8,616,146,37,24.775,67.628,43,783,1849
2025-06-02,27,8,668,175,75,24.775,67.628,43,783,1849
2025-06-09,27,8,656,203,66,24.775,67.628,43,783,1849
2025-06-16,27,8,408,306,88,24.775,67.628,43,783,1849
2025-06-23,27,8,639,139,76,24.775,67.628,43,783,1849
2025-06-30,27,8,458,330,85,24.775,67.628,43,783,1849
2025-04-07,28,1,507,285,113,37.453,70.812,16,501,1101
2025-04-14,28,1,672,153,43,37.453,70.812,16,501,1101
2025-04-21,28,1,477,318,123,37.453,70.812,16,501,1101
2025-04-28,28,1,572,206,76,37.453,70.812,16,501,1101
2025-05-05,28,1,732,182,89,37.453,70.812,16,501,1101
2025-05-12,28,1,885,236,116,37.453,70.812,16,501,1101
2025-05-19,28,1,838,284,63,37.453,70.812,16,501,1101
2025-05-26,28,1,568,374,136,37.453,70.812,16,501,1101
2025-06-02,28,1,703,162,108,37.453,70.812,16,501,1101
2025-06-09,28,1,798,221,74,37.453,70.812,16,501,1101
2025-06-16,28,1,693,503,71,37.453,70.812,16,501,1101
2025-06-23,28,1,747,237,53,37.453,70.812,16,501,1101
2025-06-30,28,1,639,455,75,37.453,70.812,16,501,1101
2025-04-07,28,2,340,243,49,16.902,70.706,16,473,743
2025-04-14,28,2,368,223,55,16.902,70.706,16,473,743
2025-04-21,28,2,437,192,39,16.902,70.706,16,473,743
2025-04-28,28,2,476,158,56,16.902,70.706,16,473,743
2025-05-05,28,2,446,249,23,16.902,70.706,16,473,743
2025-05-12,28,2,437,165,20,16.902,70.706,16,473,743
2025-05-19,28,2,478,241,35,16.902,70.706,16,473,743
2025-05-26,28,2,405,230,58,16.902,70.706,16,473,743
2025-06-02,28,2,556,115,25,16.902,70.706,16,473,743
2025-06-09,28,2,486,163,29,16.902,70.706,16,473,743
2025-06-16,28,2,513,165,26,16.902,70.706,16,473,743
2025-06-23,28,2,602,150,38,16.902,70.706,16,473,743
2025-06-30,28,2,424,299,34,16.902,70.706,16,473,743
2025-04-07,28,3,789,145,35,11.816,54.723,16,365,554
2025-04-14,28,3,592,469,18,11.816,54.723,16,365,554
2025-04-21,28,3,963,206,39,11.816,54.723,16,365,554
2025-04-28,28,3,1119,296,15,11.816,54.723,16,365,554
2025-05-05,28,3,995,332,26,11.816,54.723,16,365,554
2025-05-12,28,3,800,183,32,11.816,54.723,16,365,554
2025-05-19,28,3,930,197,36,11.816,54.723,16,365,554
2025-05-26,28,3,721,362,21,11.816,54.723,16,365,554
2025-06-02,28,3,991,289,16,11.816,54.723,16,365,554
2025-06-09,28,3,681,407,25,11.816,54.723,16,365,554
2025-06-16,28,3,1068,236,13,11.816,54.723,16,365,554
2025-06-23,28,3,939,270,30,11.816,54.723,16,365,554
2025-06-30,28,3,966,307,41,11.816,54.723,16,365,554
2025-04-07,28,4,164,114,35,11.891,67.374,16,447,637
2025-04-14,28,4,202,85,40,11.891,67.374,16,447,637
2025-04-21,28,4,215,136,37,11.891,67.374,16,447,637
2025-04-28,28,4,228,119,35,11.891,67.374,16,447,637
2025-05-05,28,4,207,81,18,11.891,67.374,16,447,637
2025-05-12,28,4,254,58,14,11.891,67.374,16,447,637
2025-05-19,28,4,263,48,47,11.891,67.374,16,447,637
2025-05-26,28,4,211,39,21,11.891,67.374,16,447,637
2025-06-02,28,4,310,69,32,11.891,67.374,16,447,637
2025-06-09,28,4,191,94,24,11.891,67.374,16,447,637
2025-06-16,28,4,240,119,25,11.891,67.374,16,447,637
2025-06-23,28,4,264,66,14,11.891,67.374,16,447,637
2025-06-30,28,4,305,69,35,11.891,67.374,16,447,637
2025-04-07,28,5,662,175,58,16.448,73.564,16,491,754
2025-04-14,28,5,463,329,42,16.448,73.564,16,491,754
2025-04-21,28,5,530,338,18,16.448,73.564,16,491,754
2025-04-28,28,5,692,144,50,16.448,73.564,16,491,754
2025-05-05,28,5,491,280,47,16.448,73.564,16,491,754
2025-05-12,28,5,418,266,35,16.448,73.564,16,491,754
2025-05-19,28,5,456,371,22,16.448,73.564,16,491,754
2025-05-26,28,5,515,376,51,16.448,73.564,16,491,754
2025-06-02,28,5,526,280,39,16.448,73.564,16,491,754
2025-06-09,28,5,606,249,60,16.448,73.564,16,491,754
2025-06-16,28,5,601,282,16,16.448,73.564,16,491,754
2025-06-23,28,5,542,344,57,16.448,73.564,16,491,754
2025-06-30,28,5,738,212,23,16.448,73.564,16,491,754
2025-04-07,28,6,649,129,43,28.336,73.55,16,504,957
2025-04-14,28,6,340,247,102,28.336,73.55,16,504,957
2025-04-21,28,6,651,198,50,28.336,73.55,16,504,957
2025-04-28,28,6,518,114,33,28.336,73.55,16,504,957
2025-05-05,28,6,614,206,71,28.336,73.55,16,504,957
2025-05-12,28,6,730,284,88,28.336,73.55,16,504,957
2025-05-19,28,6,523,418,52,28.336,73.55,16,504,957
2025-05-26,28,6,472,339,107,28.336,73.55,16,504,957
2025-06-02,28,6,722,210,78,28.336,73.55,16,504,957
2025-06-09,28,6,529,350,61,28.336,73.55,16,504,957
2025-06-16,28,6,551,377,81,28.336,73.55,16,504,957
2025-06-23,28,6,612,493,65,28.336,73.55,16,504,957
2025-06-30,28,6,634,252,71,28.336,73.55,16,504,957
2025-04-07,28,7,763,352,29,16.857,51.481,16,349,619
2025-04-14,28,7,623,371,64,16.857,51.481,16,349,619
2025-04-21,28,7,888,383,22,16.857,51.481,16,349,619
2025-04-28,28,7,838,427,54,16.857,51.481,16,349,619
2025-05-05,28,7,710,533,25,16.857,51.481,16,349,619
2025-05-12,28,7,831,333,34,16.857,51.481,16,349,619
2025-05-19,28,7,874,434,49,16.857,51.481,16,349,619
2025-05-26,28,7,1054,285,20,16.857,51.481,16,349,619
2025-06-02,28,7,1134,235,47,16.857,51.481,16,349,619
2025-06-09,28,7,938,266,60,16.857,51.481,16,349,619
2025-06-16,28,7,1078,446,46,16.857,51.481,16,349,619
2025-06-23,28,7,766,526,25,16.857,51.481,16,349,619
2025-06-30,28,7,1016,447,47,16.857,51.481,16,349,619
2025-04-07,28,8,786,602,98,28.381,77.832,16,531,985
2025-04-14,28,8,820,434,81,28.381,77.832,16,531,985
2025-04-21,28,8,900,409,30,28.381,77.832,16,531,985
2025-04-28,28,8,1194,298,39,28.381,77.832,16,531,985
2025-05-05,28,8,829,666,90,28.381,77.832,16,531,985
2025-05-12,28,8,1060,420,84,28.381,77.832,16,531,985
2025-05-19,28,8,1186,214,98,28.381,77.832,16,531,985
2025-05-26,28,8,1282,512,79,28.381,77.832,16,531,985
2025-06-02,28,8,829,400,52,28.381,77.832,16,531,985
2025-06-09,28,8,1235,298,93,28.381,77.832,16,531,985
2025-06-16,28,8,1455,265,58,28.381,77.832,16,531,985
2025-06-23,28,8,1069,446,100,28.381,77.832,16,531,985
2025-06-30,28,8,880,716,105,28.381,77.832,16,531,985
2025-04-07,29,1,1582,1033,82,27.97,74.504,44,874,2105
2025-04-14,29,1,2253,635,85,27.97,74.504,44,874,2105
2025-04-21,29,1,2235,435,46,27.97,74.504,44,874,2105
2025-04-28,29,1,2585,507,67,27.97,74.504,44,874,2105
2025-05-05,29,1,2098,587,76,27.97,74.504,44,874,2105
2025-05-12,29,1,1962,552,100,27.97,74.504,44,874,2105
2025-05-19,29,1,2092,683,103,27.97,74.504,44,874,2105
2025-05-26,29,1,2138,529,94,27.97,74.504,44,874,2105
2025-06-02,29,1,1729,771,41,27.97,74.504,44,874,2105
2025-06-09,29,1,1897,766,43,27.97,74.504,44,874,2105
2025-06-16,29,1,2142,466,73,27.97,74.504,44,874,2105
2025-06-23,29,1,1619,1307,42,27.97,74.504,44,874,2105
2025-06-30,29,1,1632,576,104,27.97,74.504,44,874,2105
2025-04-07,29,2,3175,563,66,28.778,72.68,44,860,2126
2025-04-14,29,2,2443,1246,57,28.778,72.68,44,860,2126
2025-04-21,29,2,2192,1279,64,28.778,72.68,44,860,2126
2025-04-28,29,2,2668,1345,93,28.778,72.68,44,860,2126
2025-05-05,29,2,2782,499,53,28.778,72.68,44,860,2126
2025-05-12,29,2,3285,1148,35,28.778,72.68,44,860,2126
2025-05-19,29,2,3290,620,81,28.778,72.68,44,860,2126
2025-05-26,29,2,3284,720,86,28.778,72.68,44,860,2126
2025-06-02,29,2,2636,1182,54,28.778,72.68,44,860,2126
2025-06-09,29,2,2075,1569,32,28.778,72.68,44,860,2126
2025-06-16,29,2,2228,1349,32,28.778,72.68,44,860,2126
2025-06-23,29,2,2526,1273,30,28.778,72.68,44,860,2126
2025-06-30,29,2,3500,659,114,28.778,72.68,44,860,2126
2025-04-07,29,3,1135,835,79,33.009,77.85,44,931,2383
2025-04-14,29,3,1326,500,38,33.009,77.85,44,931,2383
2025-04-21,29,3,1502,383,62,33.009,77.85,44,931,2383
2025-04-28,29,3,1520,455,126,33.009,77.85,44,931,2383
2025-05-05,29,3,1170,762,40,33.009,77.85,44,931,2383
2025-05-12,29,3,1636,309,100,33.009,77.85,44,931,2383
2025-05-19,29,3,1307,517,60,33.009,77.85,44,931,2383
2025-05-26,29,3,1300,323,75,33.009,77.85,44,931,2383
2025-06-02,29,3,1428,395,90,33.009,77.85,44,931,2383
2025-06-09,29,3,1231,675,85,33.009,77.85,44,931,2383
2025-06-16,29,3,770,625,109,33.009,77.85,44,931,2383
2025-06-23,29,3,1421,580,98,33.009,77.85,44,931,2383
2025-06-30,29,3,757,591,58,33.009,77.85,44,931,2383
2025-04-07,29,4,1491,407,19,14.349,70.719,44,789,1421
2025-04-14,29,4,1508,656,18,14.349,70.719,44,789,1421
2025-04-21,29,4,1258,748,53,14.349,70.719,44,789,1421
2025-04-28,29,4,1326,278,38,14.349,70.719,44,789,1421
2025-05-05,29,4,1151,884,51,14.349,70.719,44,789,1421
2025-05-12,29,4,1301,667,27,14.349,70.719,44,789,1421
2025-05-19,29,4,1042,741,15,14.349,70.719,44,789,1421
2025-05-26,29,4,1704,322,34,14.349,70.719,44,789,1421
2025-06-02,29,4,1264,387,29,14.349,70.719,44,789,1421
2025-06-09,29,4,1240,742,32,14.349,70.719,44,789,1421
2025-06-16,29,4,953,501,35,14.349,70.719,44,789,1421
2025-06-23,29,4,965,724,15,14.349,70.719,44,789,1421
2025-06-30,29,4,979,518,57,14.349,70.719,44,789,1421
2025-04-07,29,5,872,588,64,20.647,67.285,44,772,1680
2025-04-14,29,5,1095,243,37,20.647,67.285,44,772,1680
2025-04-21,29,5,1228,287,75,20.647,67.285,44,772,1680
2025-04-28,29,5,1092,399,28,20.647,67.285,44,772,1680
2025-05-05,29,5,841,567,41,20.647,67.285,44,772,1680
2025-05-12,29,5,759,449,28,20.647,67.285,44,772,1680
2025-05-19,29,5,885,417,23,20.647,67.285,44,772,1680
2025-05-26,29,5,706,401,24,20.647,67.285,44,772,1680
2025-06-02,29,5,885,435,40,20.647,67.285,44,772,1680
2025-06-09,29,5,621,455,58,20.647,67.285,44,772,1680
2025-06-16,29,5,933,210,34,20.647,67.285,44,772,1680
2025-06-23,29,5,911,184,32,20.647,67.285,44,772,1680
2025-06-30,29,5,703,506,25,20.647,67.285,44,772,1680
2025-04-07,29,6,1204,810,14,13.26,82.541,44,914,1497
2025-04-14,29,6,1504,511,38,13.26,82.541,44,914,1497
2025-04-21,29,6,1530,590,18,13.26,82.541,44,914,1497
2025-04-28,29,6,1443,469,30,13.26,82.541,44,914,1497
2025-05-05,29,6,1128,583,26,13.26,82.541,44,914,1497
2025-05-12,29,6,870,640,31,13.26,82.541,44,914,1497
2025-05-19,29,6,1464,591,35,13.26,82.541,44,914,1497
2025-05-26,29,6,1496,720,22,13.26,82.541,44,914,1497
2025-06-02,29,6,1484,522,47,13.26,82.541,44,914,1497
2025-06-09,29,6,1432,254,18,13.26,82.541,44,914,1497
2025-06-16,29,6,1440,443,49,13.26,82.541,44,914,1497
2025-06-23,29,6,1541,327,49,13.26,82.541,44,914,1497
2025-06-30,29,6,1180,379,18,13.26,82.541,44,914,1497
2025-04-07,29,7,591,459,18,10.688,50.614,44,566,1036
2025-04-14,29,7,855,198,19,10.688,50.614,44,566,1036
2025-04-21,29,7,958,185,42,10.688,50.614,44,566,1036
2025-04-28,29,7,546,282,29,10.688,50.614,44,566,1036
2025-05-05,29,7,609,463,19,10.688,50.614,44,566,1036
2025-05-12,29,7,579,349,15,10.688,50.614,44,566,1036
2025-05-19,29,7,741,263,41,10.688,50.614,44,566,1036
2025-05-26,29,7,700,199,37,10.688,50.614,44,566,1036
2025-06-02,29,7,724,173,13,10.688,50.614,44,566,1036
2025-06-09,29,7,587,443,26,10.688,50.614,44,566,1036
2025-06-16,29,7,469,358,35,10.688,50.614,44,566,1036
2025-06-23,29,7,621,223,38,10.688,50.614,44,566,1036
2025-06-30,29,7,813,153,32,10.688,50.614,44,566,1036
2025-04-07,29,8,969,478,111,29.501,63.659,44,773,2071
2025-04-14,29,8,1264,598,115,29.501,63.659,44,773,2071
2025-04-21,29,8,963,586,57,29.501,63.659,44,773,2071
2025-04-28,29,8,889,669,36,29.501,63.659,44,773,2071
2025-05-05,29,8,880,666,105,29.501,63.659,44,773,2071
2025-05-12,29,8,1348,303,42,29.501,63.659,44,773,2071
2025-05-19,29,8,1483,275,36,29.501,63.659,44,773,2071
2025-05-26,29,8,968,389,117,29.501,63.659,44,773,2071
2025-06-02,29,8,1016,586,85,29.501,63.659,44,773,2071
2025-06-09,29,8,1040,500,96,29.501,63.659,44,773,2071
2025-06-16,29,8,1017,800,54,29.501,63.659,44,773,2071
2025-06-23,29,8,1171,311,97,29.501,63.659,44,773,2071
2025-06-30,29,8,1209,249,57,29.501,63.659,44,773,2071
2025-04-07,30,1,639,458,137,34.154,79.208,46,991,2563
2025-04-14,30,1,840,294,115,34.154,79.208,46,991,2563
2025-04-21,30,1,759,386,107,34.154,79.208,46,991,2563
2025-04-28,30,1,692,517,47,34.154,79.208,46,991,2563
2025-05-05,30,1,807,326,71,34.154,79.208,46,991,2563
2025-05-12,30,1,622,364,69,34.154,79.208,46,991,2563
2025-05-19,30,1,743,381,85,34.154,79.208,46,991,2563
2025-05-26,30,1,623,350,36,34.154,79.208,46,991,2563
2025-06-02,30,1,703,242,70,34.154,79.208,46,991,2563
2025-06-09,30,1,699,268,82,34.154,79.208,46,991,2563
2025-06-16,30,1,820,273,84,34.154,79.208,46,991,2563
2025-06-23,30,1,752,298,123,34.154,79.208,46,991,2563
2025-06-30,30,1,590,269,82,34.154,79.208,46,991,2563
2025-04-07,30,2,1777,432,34,32.924,65.307,46,848,2362
2025-04-14,30,2,1486,334,74,32.924,65.307,46,848,2362
2025-04-21,30,2,1340,398,75,32.924,65.307,46,848,2362
2025-04-28,30,2,1618,297,131,32.924,65.307,46,848,2362
2025-05-05,30,2,1154,611,83,32.924,65.307,46,848,2362
2025-05-12,30,2,1684,341,54,32.924,65.307,46,848,2362
2025-05-19,30,2,943,628,120,32.924,65.307,46,848,2362
2025-05-26,30,2,1002,572,77,32.924,65.307,46,848,2362
2025-06-02,30,2,934,434,80,32.924,65.307,46,848,2362
2025-06-09,30,2,1028,755,74,32.924,65.307,46,848,2362
2025-06-16,30,2,1307,523,54,32.924,65.307,46,848,2362
2025-06-23,30,2,1209,421,85,32.924,65.307,46,848,2362
2025-06-30,30,2,1220,570,42,32.924,65.307,46,848,2362
2025-04-07,30,3,1138,896,46,28.662,87.402,46,1046,2364
2025-04-14,30,3,1335,719,58,28.662,87.402,46,1046,2364
2025-04-21,30,3,1131,924,46,28.662,87.402,46,1046,2364
2025-04-28,30,3,1685,562,36,28.662,87.402,46,1046,2364
2025-05-05,30,3,2085,668,83,28.662,87.402,46,1046,2364
2025-05-12,30,3,1472,596,66,28.662,87.402,46,1046,2364
2025-05-19,30,3,1618,553,64,28.662,87.402,46,1046,2364
2025-05-26,30,3,1603,600,85,28.662,87.402,46,1046,2364
2025-06-02,30,3,1630,606,50,28.662,87.402,46,1046,2364
2025-06-09,30,3,1603,756,88,28.662,87.402,46,1046,2364
2025-06-16,30,3,1703,344,56,28.662,87.402,46,1046,2364
2025-06-23,30,3,1352,861,61,28.662,87.402,46,1046,2364
2025-06-30,30,3,1192,690,114,28.662,87.402,46,1046,2364
2025-04-07,30,4,427,287,37,17.529,43.047,46,533,1339
2025-04-14,30,4,432,114,45,17.529,43.047,46,533,1339
2025-04-21,30,4,359,247,42,17.529,43.047,46,533,1339
2025-04-28,30,4,340,205,63,17.529,43.047,46,533,1339
2025-05-05,30,4,348,166,59,17.529,43.047,46,533,1339
2025-05-12,30,4,443,155,35,17.529,43.047,46,533,1339
2025-05-19,30,4,333,206,35,17.529,43.047,46,533,1339
2025-05-26,30,4,387,157,31,17.529,43.047,46,533,1339
2025-06-02,30,4,347,186,39,17.529,43.047,46,533,1339
2025-06-09,30,4,445,119,46,17.529,43.047,46,533,1339
2025-06-16,30,4,303,241,33,17.529,43.047,46,533,1339
2025-06-23,30,4,330,207,23,17.529,43.047,46,533,1339
2025-06-30,30,4,368,279,41,17.529,43.047,46,533,1339
2025-04-07,30,5,1218,800,60,19.987,85.247,46,987,1906
2025-04-14,30,5,1833,538,52,19.987,85.247,46,987,1906
2025-04-21,30,5,992,716,66,19.987,85.247,46,987,1906
2025-04-28,30,5,1433,258,70,19.987,85.247,46,987,1906
2025-05-05,30,5,1164,462,41,19.987,85.247,46,987,1906
2025-05-12,30,5,1127,691,26,19.987,85.247,46,987,1906
2025-05-19,30,5,1055,863,48,19.987,85.247,46,987,1906
2025-05-26,30,5,918,642,41,19.987,85.247,46,987,1906
2025-06-02,30,5,1032,717,63,19.987,85.247,46,987,1906
2025-06-09,30,5,886,669,75,19.987,85.247,46,987,1906
2025-06-16,30,5,1087,377,41,19.987,85.247,46,987,1906
2025-06-23,30,5,1056,639,28,19.987,85.247,46,987,1906
2025-06-30,30,5,1037,764,71,19.987,85.247,46,987,1906
2025-04-07,30,6,998,436,29,10.855,62.037,46,707,1206
2025-04-14,30,6,1115,508,30,10.855,62.037,46,707,1206
2025-04-21,30,6,998,599,23,10.855,62.037,46,707,1206
2025-04-28,30,6,1108,204,24,10.855,62.037,46,707,1206
2025-05-05,30,6,852,629,41,10.855,62.037,46,707,1206
2025-05-12,30,6,906,508,42,10.855,62.037,46,707,1206
2025-05-19,30,6,952,531,38,10.855,62.037,46,707,1206
2025-05-26,30,6,1266,428,13,10.855,62.037,46,707,1206
2025-06-02,30,6,999,455,30,10.855,62.037,46,707,1206
2025-06-09,30,6,1123,320,25,10.855,62.037,46,707,1206
2025-06-16,30,6,1008,575,42,10.855,62.037,46,707,1206
2025-06-23,30,6,910,530,42,10.855,62.037,46,707,1206
2025-06-30,30,6,1034,376,30,10.855,62.037,46,707,1206
2025-04-07,30,7,3652,819,46,31.979,68.894,46,876,2347
2025-04-14,30,7,3000,1469,52,31.979,68.894,46,876,2347
2025-04-21,30,7,4053,754,44,31.979,68.894,46,876,2347
2025-04-28,30,7,2104,1635,80,31.979,68.894,46,876,2347
2025-05-05,30,7,2787,934,91,31.979,68.894,46,876,2347
2025-05-12,30,7,2555,1292,81,31.979,68.894,46,876,2347
2025-05-19,30,7,2522,1733,68,31.979,68.894,46,876,2347
2025-05-26,30,7,3007,1196,87,31.979,68.894,46,876,2347
2025-06-02,30,7,3562,1205,57,31.979,68.894,46,876,2347
2025-06-09,30,7,2139,1471,68,31.979,68.894,46,876,2347
2025-06-16,30,7,3227,1223,50,31.979,68.894,46,876,2347
2025-06-23,30,7,2114,1364,45,31.979,68.894,46,876,2347
2025-06-30,30,7,2278,1111,74,31.979,68.894,46,876,2347
2025-04-07,30,8,821,245,14,11.412,49.704,46,575,1099
2025-04-14,30,8,752,368,16,11.412,49.704,46,575,1099
2025-04-21,30,8,854,182,18,11.412,49.704,46,575,1099
2025-04-28,30,8,793,416,17,11.412,49.704,46,575,1099
2025-05-05,30,8,582,418,43,11.412,49.704,46,575,1099
2025-05-12,30,8,763,209,19,11.412,49.704,46,575,1099
2025-05-19,30,8,551,383,19,11.412,49.704,46,575,1099
2025-05-26,30,8,850,194,23,11.412,49.704,46,575,1099
2025-06-02,30,8,663,221,22,11.412,49.704,46,575,1099
2025-06-09,30,8,782,332,37,11.412,49.704,46,575,1099
2025-06-16,30,8,615,465,21,11.412,49.704,46,575,1099
2025-06-23,30,8,816,332,30,11.412,49.704,46,575,1099
2025-06-30,30,8,788,248,44,11.412,49.704,46,575,1099
2025-04-07,31,1,956,208,44,15.839,54.87,46,647,1375
2025-04-14,31,1,897,259,37,15.839,54.87,46,647,1375
2025-04-21,31,1,1063,278,51,15.839,54.87,46,647,1375
2025-04-28,31,1,584,454,40,15.839,54.87,46,647,1375
2025-05-05,31,1,768,228,63,15.839,54.87,46,647,1375
2025-05-12,31,1,629,477,44,15.839,54.87,46,647,1375
2025-05-19,31,1,684,396,51,15.839,54.87,46,647,1375
2025-05-26,31,1,547,338,58,15.839,54.87,46,647,1375
2025-06-02,31,1,775,238,62,15.839,54.87,46,647,1375
2025-06-09,31,1,683,392,41,15.839,54.87,46,647,1375
2025-06-16,31,1,809,153,35,15.839,54.87,46,647,1375
2025-06-23,31,1,570,405,33,15.839,54.87,46,647,1375
2025-06-30,31,1,569,340,30,15.839,54.87,46,647,1375
2025-04-07,31,2,631,411,58,26.777,75.893,46,917,2149
2025-04-14,31,2,759,198,32,26.777,75.893,46,917,2149
2025-04-21,31,2,607,396,38,26.777,75.893,46,917,2149
2025-04-28,31,2,501,399,57,26.777,75.893,46,917,2149
2025-05-05,31,2,660,315,90,26.777,75.893,46,917,2149
2025-05-12,31,2,764,170,77,26.777,75.893,46,917,2149
2025-05-19,31,2,533,326,64,26.777,75.893,46,917,2149
2025-05-26,31,2,587,339,56,26.777,75.893,46,917,2149
2025-06-02,31,2,576,224,92,26.777,75.893,46,917,2149
2025-06-09,31,2,508,308,75,26.777,75.893,46,917,2149
2025-06-16,31,2,597,275,70,26.777,75.893,46,917,2149
2025-06-23,31,2,545,265,89,26.777,75.893,46,917,2149
2025-06-30,31,2,519,265,41,26.777,75.893,46,917,2149
2025-04-07,31,3,484,181,49,16.365,75.914,46,874,1627
2025-04-14,31,3,482,235,37,16.365,75.914,46,874,1627
2025-04-21,31,3,364,289,31,16.365,75.914,46,874,1627
2025-04-28,31,3,672,126,51,16.365,75.914,46,874,1627
2025-05-05,31,3,396,293,45,16.365,75.914,46,874,1627
2025-05-12,31,3,336,172,36,16.365,75.914,46,874,1627
2025-05-19,31,3,432,316,60,16.365,75.914,46,874,1627
2025-05-26,31,3,560,104,39,16.365,75.914,46,874,1627
2025-06-02,31,3,390,242,48,16.365,75.914,46,874,1627
2025-06-09,31,3,616,130,37,16.365,75.914,46,874,1627
2025-06-16,31,3,382,234,50,16.365,75.914,46,874,1627
2025-06-23,31,3,424,204,65,16.365,75.914,46,874,1627
2025-06-30,31,3,403,225,60,16.365,75.914,46,874,1627
2025-04-07,31,4,1437,770,35,15.11,73.046,46,839,1534
2025-04-14,31,4,1540,395,28,15.11,73.046,46,839,1534
2025-04-21,31,4,1271,769,22,15.11,73.046,46,839,1534
2025-04-28,31,4,1432,932,30,15.11,73.046,46,839,1534
2025-05-05,31,4,1691,358,45,15.11,73.046,46,839,1534
2025-05-12,31,4,1573,498,30,15.11,73.046,46,839,1534
2025-05-19,31,4,1591,321,39,15.11,73.046,46,839,1534
2025-05-26,31,4,1394,497,36,15.11,73.046,46,839,1534
2025-06-02,31,4,1463,364,39,15.11,73.046,46,839,1534
2025-06-09,31,4,1788,526,23,15.11,73.046,46,839,1534
2025-06-16,31,4,1553,436,38,15.11,73.046,46,839,1534
2025-06-23,31,4,1566,345,17,15.11,73.046,46,839,1534
2025-06-30,31,4,1120,558,24,15.11,73.046,46,839,1534
2025-04-07,31,5,1086,244,42,19.744,67.356,46,795,1703
2025-04-14,31,5,931,336,49,19.744,67.356,46,795,1703
2025-04-21,31,5,1005,424,21,19.744,67.356,46,795,1703
2025-04-28,31,5,801,530,41,19.744,67.356,46,795,1703
2025-05-05,31,5,735,594,73,19.744,67.356,46,795,1703
2025-05-12,31,5,1067,259,36,19.744,67.356,46,795,1703
2025-05-19,31,5,936,521,26,19.744,67.356,46,795,1703
2025-05-26,31,5,790,562,60,19.744,67.356,46,795,1703
2025-06-02,31,5,925,367,21,19.744,67.356,46,795,1703
2025-06-09,31,5,929,291,41,19.744,67.356,46,795,1703
2025-06-16,31,5,867,414,58,19.744,67.356,46,795,1703
2025-06-23,31,5,830,425,59,19.744,67.356,46,795,1703
2025-06-30,31,5,778,192,69,19.744,67.356,46,795,1703
2025-04-07,31,6,1771,1291,118,39.992,62.458,46,873,2713
2025-04-14,31,6,1519,951,88,39.992,62.458,46,873,2713
2025-04-21,31,6,1863,435,141,39.992,62.458,46,873,2713
2025-04-28,31,6,2065,580,85,39.992,62.458,46,873,2713
2025-05-05,31,6,1429,565,63,39.992,62.458,46,873,2713
2025-05-12,31,6,1633,908,54,39.992,62.458,46,873,2713
2025-05-19,31,6,1709,694,123,39.992,62.458,46,873,2713
2025-05-26,31,6,1510,748,62,39.992,62.458,46,873,2713
2025-06-02,31,6,1444,1084,127,39.992,62.458,46,873,2713
2025-06-09,31,6,1560,752,104,39.992,62.458,46,873,2713
2025-06-16,31,6,2051,674,156,39.992,62.458,46,873,2713
2025-06-23,31,6,1517,1084,96,39.992,62.458,46,873,2713
2025-06-30,31,6,1793,711,58,39.992,62.458,46,873,2713
2025-04-07,31,7,1025,329,37,20.538,59.476,46,717,1661
2025-04-14,31,7,1193,498,32,20.538,59.476,46,717,1661
2025-04-21,31,7,1178,407,68,20.538,59.476,46,717,1661
2025-04-28,31,7,1420,348,34,20.538,59.476,46,717,1661
2025-05-05,31,7,1416,375,69,20.538,59.476,46,717,1661
2025-05-12,31,7,1070,429,53,20.538,59.476,46,717,1661
2025-05-19,31,7,1220,321,28,20.538,59.476,46,717,1661
2025-05-26,31,7,792,517,49,20.538,59.476,46,717,1661
2025-06-02,31,7,917,483,54,20.538,59.476,46,717,1661
2025-06-09,31,7,1055,679,69,20.538,59.476,46,717,1661
2025-06-16,31,7,1400,272,78,20.538,59.476,46,717,1661
2025-06-23,31,7,995,534,21,20.538,59.476,46,717,1661
2025-06-30,31,7,1153,305,59,20.538,59.476,46,717,1661
2025-04-07,31,8,2058,712,22,16.716,73.942,46,854,1623
2025-04-14,31,8,1844,1021,38,16.716,73.942,46,854,1623
2025-04-21,31,8,2117,650,27,16.716,73.942,46,854,1623
2025-04-28,31,8,2196,508,63,16.716,73.942,46,854,1623
2025-05-05,31,8,2345,737,56,16.716,73.942,46,854,1623
2025-05-12,31,8,2267,486,30,16.716,73.942,46,854,1623
2025-05-19,31,8,2253,856,48,16.716,73.942,46,854,1623
2025-05-26,31,8,1862,663,17,16.716,73.942,46,854,1623
2025-06-02,31,8,2180,415,24,16.716,73.942,46,854,1623
2025-06-09,31,8,2058,393,65,16.716,73.942,46,854,1623
2025-06-16,31,8,2272,738,41,16.716,73.942,46,854,1623
2025-06-23,31,8,1661,887,63,16.716,73.942,46,854,1623
2025-06-30,31,8,1616,1147,62,16.716,73.942,46,854,1623
2025-04-07,32,1,1524,413,44,21.562,56.753,44,667,1616
2025-04-14,32,1,1060,659,86,21.562,56.753,44,667,1616
2025-04-21,32,1,1046,619,37,21.562,56.753,44,667,1616
2025-04-28,32,1,942,684,80,21.562,56.753,44,667,1616
2025-05-05,32,1,1493,288,58,21.562,56.753,44,667,1616
2025-05-12,32,1,916,703,67,21.562,56.753,44,667,1616
2025-05-19,32,1,1129,368,80,21.562,56.753,44,667,1616
2025-05-26,32,1,1410,286,58,21.562,56.753,44,667,1616
2025-06-02,32,1,1180,343,77,21.562,56.753,44,667,1616
2025-06-09,32,1,1221,411,65,21.562,56.753,44,667,1616
2025-06-16,32,1,1080,245,56,21.562,56.753,44,667,1616
2025-06-23,32,1,1109,679,53,21.562,56.753,44,667,1616
2025-06-30,32,1,1083,403,32,21.562,56.753,44,667,1616
2025-04-07,32,2,1811,738,54,40.873,69.921,44,896,2695
2025-04-14,32,2,1858,477,67,40.873,69.921,44,896,2695
2025-04-21,32,2,1562,1207,78,40.873,69.921,44,896,2695
2025-04-28,32,2,2429,749,44,40.873,69.921,44,896,2695
2025-05-05,32,2,2306,570,76,40.873,69.921,44,896,2695
2025-05-12,32,2,1238,884,120,40.873,69.921,44,896,2695
2025-05-19,32,2,2485,501,78,40.873,69.921,44,896,2695
2025-05-26,32,2,1583,889,145,40.873,69.921,44,896,2695
2025-06-02,32,2,1644,878,80,40.873,69.921,44,896,2695
2025-06-09,32,2,1716,759,68,40.873,69.921,44,896,2695
2025-06-16,32,2,1364,1078,65,40.873,69.921,44,896,2695
2025-06-23,32,2,1069,670,142,40.873,69.921,44,896,2695
2025-06-30,32,2,1672,1016,151,40.873,69.921,44,896,2695
2025-04-07,32,3,2750,899,77,29.037,73.828,44,872,2150
2025-04-14,32,3,2765,521,43,29.037,73.828,44,872,2150
2025-04-21,32,3,2028,816,33,29.037,73.828,44,872,2150
2025-04-28,32,3,2441,573,116,29.037,73.828,44,872,2150
2025-05-05,32,3,1784,723,99,29.037,73.828,44,872,2150
2025-05-12,32,3,1911,592,91,29.037,73.828,44,872,2150
2025-05-19,32,3,1902,937,51,29.037,73.828,44,872,2150
2025-05-26,32,3,1479,928,34,29.037,73.828,44,872,2150
2025-06-02,32,3,2040,387,65,29.037,73.828,44,872,2150
2025-06-09,32,3,1614,662,74,29.037,73.828,44,872,2150
2025-06-16,32,3,2127,695,48,29.037,73.828,44,872,2150
2025-06-23,32,3,1703,407,84,29.037,73.828,44,872,2150
2025-06-30,32,3,1949,1108,103,29.037,73.828,44,872,2150
2025-04-07,32,4,1839,1375,42,15.409,65.999,44,742,1420
2025-04-14,32,4,2078,845,38,15.409,65.999,44,742,1420
2025-04-21,32,4,1697,951,50,15.409,65.999,44,742,1420
2025-04-28,32,4,1615,547,19,15.409,65.999,44,742,1420
2025-05-05,32,4,2350,750,49,15.409,65.999,44,742,1420
2025-05-12,32,4,1330,1073,21,15.409,65.999,44,742,1420
2025-05-19,32,4,1845,447,50,15.409,65.999,44,742,1420
2025-05-26,32,4,1359,1085,48,15.409,65.999,44,742,1420
2025-06-02,32,4,1721,907,48,15.409,65.999,44,742,1420
2025-06-09,32,4,2253,526,52,15.409,65.999,44,742,1420
2025-06-16,32,4,2204,538,40,15.409,65.999,44,742,1420
2025-06-23,32,4,1608,1235,47,15.409,65.999,44,742,1420
2025-06-30,32,4,1971,483,53,15.409,65.999,44,742,1420
2025-04-07,32,5,1048,708,21,11.085,55.171,44,615,1103
2025-04-14,32,5,906,566,37,11.085,55.171,44,615,1103
2025-04-21,32,5,950,225,25,11.085,55.171,44,615,1103
2025-04-28,32,5,1144,345,31,11.085,55.171,44,615,1103
2025-05-05,32,5,875,705,32,11.085,55.171,44,615,1103
2025-05-12,32,5,1017,189,18,11.085,55.171,44,615,1103
2025-05-19,32,5,697,421,19,11.085,55.171,44,615,1103
2025-05-26,32,5,822,571,34,11.085,55.171,44,615,1103
2025-06-02,32,5,943,403,38,11.085,55.171,44,615,1103
2025-06-09,32,5,1120,366,43,11.085,55.171,44,615,1103
2025-06-16,32,5,1148,258,11,11.085,55.171,44,615,1103
2025-06-23,32,5,896,298,25,11.085,55.171,44,615,1103
2025-06-30,32,5,797,434,30,11.085,55.171,44,615,1103
2025-04-07,32,6,1820,417,45,33.643,87.559,44,1031,2511
2025-04-14,32,6,1592,316,110,33.643,87.559,44,1031,2511
2025-04-21,32,6,1905,345,81,33.643,87.559,44,1031,2511
2025-04-28,32,6,1108,793,66,33.643,87.559,44,1031,2511
2025-05-05,32,6,1281,489,131,33.643,87.559,44,1031,2511
2025-05-12,32,6,1352,321,86,33.643,87.559,44,1031,2511
2025-05-19,32,6,1253,995,129,33.643,87.559,44,1031,2511
2025-05-26,32,6,1709,323,134,33.643,87.559,44,1031,2511
2025-06-02,32,6,897,253,61,33.643,87.559,44,1031,2511
2025-06-09,32,6,1232,421,130,33.643,87.559,44,1031,2511
2025-06-16,32,6,1578,372,112,33.643,87.559,44,1031,2511
2025-06-23,32,6,1355,654,111,33.643,87.559,44,1031,2511
2025-06-30,32,6,1453,473,102,33.643,87.559,44,1031,2511
2025-04-07,32,7,1976,1272,21,20.027,76.925,44,870,1752
2025-04-14,32,7,2202,1313,28,20.027,76.925,44,870,1752
2025-04-21,32,7,1940,1195,79,20.027,76.925,44,870,1752
2025-04-28,32,7,3011,689,25,20.027,76.925,44,870,1752
2025-05-05,32,7,2988,664,25,20.027,76.925,44,870,1752
2025-05-12,32,7,2132,867,78,20.027,76.925,44,870,1752
2025-05-19,32,7,2207,956,66,20.027,76.925,44,870,1752
2025-05-26,32,7,1822,1048,69,20.027,76.925,44,870,1752
2025-06-02,32,7,1739,771,66,20.027,76.925,44,870,1752
2025-06-09,32,7,2607,528,68,20.027,76.925,44,870,1752
2025-06-16,32,7,2113,843,65,20.027,76.925,44,870,1752
2025-06-23,32,7,2038,922,54,20.027,76.925,44,870,1752
2025-06-30,32,7,2263,1022,36,20.027,76.925,44,870,1752
2025-04-07,32,8,1002,420,40,15.655,60.367,44,683,1372
2025-04-14,32,8,908,581,55,15.655,60.367,44,683,1372
2025-04-21,32,8,1058,193,28,15.655,60.367,44,683,1372
2025-04-28,32,8,1070,245,33,15.655,60.367,44,683,1372
2025-05-05,32,8,1040,463,39,15.655,60.367,44,683,1372
2025-05-12,32,8,755,502,17,15.655,60.367,44,683,1372
2025-05-19,32,8,1071,201,60,15.655,60.367,44,683,1372
2025-05-26,32,8,886,377,57,15.655,60.367,44,683,1372
2025-06-02,32,8,753,370,44,15.655,60.367,44,683,1372
2025-06-09,32,8,934,470,62,15.655,60.367,44,683,1372
2025-06-16,32,8,732,434,50,15.655,60.367,44,683,1372
2025-06-23,32,8,838,451,60,15.655,60.367,44,683,1372
2025-06-30,32,8,1089,196,38,15.655,60.367,44,683,1372
2025-04-07,33,1,1372,340,27,16.994,52.366,43,608,1338
2025-04-14,33,1,853,373,25,16.994,52.366,43,608,1338
2025-04-21,33,1,1629,537,22,16.994,52.366,43,608,1338
2025-04-28,33,1,1136,397,59,16.994,52.366,43,608,1338
2025-05-05,33,1,949,507,43,16.994,52.366,43,608,1338
2025-05-12,33,1,1032,478,27,16.994,52.366,43,608,1338
2025-05-19,33,1,1203,423,53,16.994,52.366,43,608,1338
2025-05-26,33,1,903,638,43,16.994,52.366,43,608,1338
2025-06-02,33,1,1249,357,36,16.994,52.366,43,608,1338
2025-06-09,33,1,1100,427,52,16.994,52.366,43,608,1338
2025-06-16,33,1,1393,448,50,16.994,52.366,43,608,1338
2025-06-23,33,1,910,427,25,16.994,52.366,43,608,1338
2025-06-30,33,1,1166,231,40,16.994,52.366,43,608,1338
2025-04-07,33,2,1042,713,33,15.81,61.569,43,696,1376
2025-04-14,33,2,836,455,35,15.81,61.569,43,696,1376
2025-04-21,33,2,1047,315,32,15.81,61.569,43,696,1376
2025-04-28,33,2,756,201,39,15.81,61.569,43,696,1376
2025-05-05,33,2,758,493,16,15.81,61.569,43,696,1376
2025-05-12,33,2,1071,337,34,15.81,61.569,43,696,1376
2025-05-19,33,2,1106,373,44,15.81,61.569,43,696,1376
2025-05-26,33,2,938,357,17,15.81,61.569,43,696,1376
2025-06-02,33,2,762,482,24,15.81,61.569,43,696,1376
2025-06-09,33,2,1005,185,17,15.81,61.569,43,696,1376
2025-06-16,33,2,936,396,55,15.81,61.569,43,696,1376
2025-06-23,33,2,1060,313,57,15.81,61.569,43,696,1376
2025-06-30,33,2,749,472,51,15.81,61.569,43,696,1376
2025-04-07,33,3,2116,590,103,30.385,70.876,43,863,2169
2025-04-14,33,3,1795,1226,41,30.385,70.876,43,863,2169
2025-04-21,33,3,1937,1050,86,30.385,70.876,43,863,2169
2025-04-28,33,3,2242,460,32,30.385,70.876,43,863,2169
2025-05-05,33,3,1769,699,102,30.385,70.876,43,863,2169
2025-05-12,33,3,2019,709,82,30.385,70.876,43,863,2169
2025-05-19,33,3,2332,851,50,30.385,70.876,43,863,2169
2025-05-26,33,3,2272,528,99,30.385,70.876,43,863,2169
2025-06-02,33,3,1765,1049,90,30.385,70.876,43,863,2169
2025-06-09,33,3,1630,918,119,30.385,70.876,43,863,2169
2025-06-16,33,3,1761,666,35,30.385,70.876,43,863,2169
2025-06-23,33,3,1803,1249,83,30.385,70.876,43,863,2169
2025-06-30,33,3,1995,591,101,30.385,70.876,43,863,2169
2025-04-07,33,4,1304,277,58,25.683,67.049,43,798,1903
2025-04-14,33,4,1012,410,100,25.683,67.049,43,798,1903
2025-04-21,33,4,1094,473,59,25.683,67.049,43,798,1903
2025-04-28,33,4,745,557,70,25.683,67.049,43,798,1903
2025-05-05,33,4,831,614,34,25.683,67.049,43,798,1903
2025-05-12,33,4,1011,572,100,25.683,67.049,43,798,1903
2025-05-19,33,4,1444,327,28,25.683,67.049,43,798,1903
2025-05-26,33,4,799,426,86,25.683,67.049,43,798,1903
2025-06-02,33,4,751,571,35,25.683,67.049,43,798,1903
2025-06-09,33,4,1225,303,103,25.683,67.049,43,798,1903
2025-06-16,33,4,1157,465,87,25.683,67.049,43,798,1903
2025-06-23,33,4,865,268,93,25.683,67.049,43,798,1903
2025-06-30,33,4,1103,440,78,25.683,67.049,43,798,1903
2025-04-07,33,5,1123,247,39,10.291,82.99,43,905,1348
2025-04-14,33,5,1028,500,30,10.291,82.99,43,905,1348
2025-04-21,33,5,774,489,26,10.291,82.99,43,905,1348
2025-04-28,33,5,1019,274,20,10.291,82.99,43,905,1348
2025-05-05,33,5,688,552,23,10.291,82.99,43,905,1348
2025-05-12,33,5,957,545,41,10.291,82.99,43,905,1348
2025-05-19,33,5,897,450,39,10.291,82.99,43,905,1348
2025-05-26,33,5,1008,244,40,10.291,82.99,43,905,1348
2025-06-02,33,5,1009,367,34,10.291,82.99,43,905,1348
2025-06-09,33,5,902,282,24,10.291,82.99,43,905,1348
2025-06-16,33,5,955,344,11,10.291,82.99,43,905,1348
2025-06-23,33,5,887,703,15,10.291,82.99,43,905,1348
2025-06-30,33,5,1052,261,11,10.291,82.99,43,905,1348
2025-04-07,33,6,2783,596,88,55.431,78.305,43,1116,3500
2025-04-14,33,6,2516,1015,81,55.431,78.305,43,1116,3500
2025-04-21,33,6,2413,1427,190,55.431,78.305,43,1116,3500
2025-04-28,33,6,2270,1264,57,55.431,78.305,43,1116,3500
2025-05-05,33,6,2389,918,79,55.431,78.305,43,1116,3500
2025-05-12,33,6,2754,1066,213,55.431,78.305,43,1116,3500
2025-05-19,33,6,3122,774,84,55.431,78.305,43,1116,3500
2025-05-26,33,6,2403,811,144,55.431,78.305,43,1116,3500
2025-06-02,33,6,2174,499,205,55.431,78.305,43,1116,3500
2025-06-09,33,6,2439,851,221,55.431,78.305,43,1116,3500
2025-06-16,33,6,2512,808,104,55.431,78.305,43,1116,3500
2025-06-23,33,6,1861,999,126,55.431,78.305,43,1116,3500
2025-06-30,33,6,1936,804,207,55.431,78.305,43,1116,3500
2025-04-07,33,7,1054,686,62,23.951,57.904,43,700,1730
2025-04-14,33,7,1275,688,60,23.951,57.904,43,700,1730
2025-04-21,33,7,1249,288,91,23.951,57.904,43,700,1730
2025-04-28,33,7,1337,522,54,23.951,57.904,43,700,1730
2025-05-05,33,7,1352,424,28,23.951,57.904,43,700,1730
2025-05-12,33,7,1153,461,52,23.951,57.904,43,700,1730
2025-05-19,33,7,1034,569,67,23.951,57.904,43,700,1730
2025-05-26,33,7,1104,615,77,23.951,57.904,43,700,1730
2025-06-02,33,7,1213,260,47,23.951,57.904,43,700,1730
2025-06-09,33,7,1047,758,82,23.951,57.904,43,700,1730
2025-06-16,33,7,1079,526,24,23.951,57.904,43,700,1730
2025-06-23,33,7,1263,317,83,23.951,57.904,43,700,1730
2025-06-30,33,7,1263,435,42,23.951,57.904,43,700,1730
2025-04-07,33,8,1235,324,60,25.042,65.645,43,781,1858
2025-04-14,33,8,1135,474,26,25.042,65.645,43,781,1858
2025-04-21,33,8,863,653,57,25.042,65.645,43,781,1858
2025-04-28,33,8,1096,382,44,25.042,65.645,43,781,1858
2025-05-05,33,8,1139,345,79,25.042,65.645,43,781,1858
2025-05-12,33,8,773,321,26,25.042,65.645,43,781,1858
2025-05-19,33,8,935,725,97,25.042,65.645,43,781,1858
2025-05-26,33,8,856,451,94,25.042,65.645,43,781,1858
2025-06-02,33,8,903,522,56,25.042,65.645,43,781,1858
2025-06-09,33,8,989,485,51,25.042,65.645,43,781,1858
2025-06-16,33,8,867,407,32,25.042,65.645,43,781,1858
2025-06-23,33,8,761,423,89,25.042,65.645,43,781,1858
2025-06-30,33,8,768,553,95,25.042,65.645,43,781,1858
2025-04-07,34,1,1262,426,52,29.957,56.055,44,702,2020
2025-04-14,34,1,1096,689,59,29.957,56.055,44,702,2020
2025-04-21,34,1,1074,502,72,29.957,56.055,44,702,2020
2025-04-28,34,1,1226,459,111,29.957,56.055,44,702,2020
2025-05-05,34,1,874,629,106,29.957,56.055,44,702,2020
2025-05-12,34,1,1378,271,81,29.957,56.055,44,702,2020
2025-05-19,34,1,1037,409,100,29.957,56.055,44,702,2020
2025-05-26,34,1,992,646,119,29.957,56.055,44,702,2020
2025-06-02,34,1,1142,356,52,29.957,56.055,44,702,2020
2025-06-09,34,1,890,629,48,29.957,56.055,44,702,2020
2025-06-16,34,1,1265,280,42,29.957,56.055,44,702,2020
2025-06-23,34,1,998,588,82,29.957,56.055,44,702,2020
2025-06-30,34,1,1277,359,44,29.957,56.055,44,702,2020
2025-04-07,34,2,1121,561,73,24.607,65.851,44,772,1855
2025-04-14,34,2,1552,601,31,24.607,65.851,44,772,1855
2025-04-21,34,2,980,776,45,24.607,65.851,44,772,1855
2025-04-28,34,2,1323,289,75,24.607,65.851,44,772,1855
2025-05-05,34,2,1473,440,63,24.607,65.851,44,772,1855
2025-05-12,34,2,1196,627,40,24.607,65.851,44,772,1855
2025-05-19,34,2,1040,730,58,24.607,65.851,44,772,1855
2025-05-26,34,2,1388,454,66,24.607,65.851,44,772,1855
2025-06-02,34,2,1057,669,51,24.607,65.851,44,772,1855
2025-06-09,34,2,1001,566,83,24.607,65.851,44,772,1855
2025-06-16,34,2,1340,590,66,24.607,65.851,44,772,1855
2025-06-23,34,2,909,694,68,24.607,65.851,44,772,1855
2025-06-30,34,2,1173,536,38,24.607,65.851,44,772,1855
2025-04-07,34,3,534,270,30,21.296,59.922,44,698,1635
2025-04-14,34,3,620,228,54,21.296,59.922,44,698,1635
2025-04-21,34,3,561,171,71,21.296,59.922,44,698,1635
2025-04-28,34,3,488,141,66,21.296,59.922,44,698,1635
2025-05-05,34,3,637,116,71,21.296,59.922,44,698,1635
2025-05-12,34,3,566,165,23,21.296,59.922,44,698,1635
2025-05-19,34,3,455,157,67,21.296,59.922,44,698,1635
2025-05-26,34,3,542,246,84,21.296,59.922,44,698,1635
2025-06-02,34,3,372,274,51,21.296,59.922,44,698,1635
2025-06-09,34,3,387,256,40,21.296,59.922,44,698,1635
2025-06-16,34,3,608,147,64,21.296,59.922,44,698,1635
2025-06-23,34,3,383,172,71,21.296,59.922,44,698,1635
2025-06-30,34,3,380,210,53,21.296,59.922,44,698,1635
2025-04-07,34,4,1153,584,95,24.244,84.298,44,961,2028
2025-04-14,34,4,1295,235,46,24.244,84.298,44,961,2028
2025-04-21,34,4,1468,263,59,24.244,84.298,44,961,2028
2025-04-28,34,4,1160,368,40,24.244,84.298,44,961,2028
2025-05-05,34,4,990,615,30,24.244,84.298,44,961,2028
2025-05-12,34,4,1136,473,49,24.244,84.298,44,961,2028
2025-05-19,34,4,1161,288,94,24.244,84.298,44,961,2028
2025-05-26,34,4,848,468,52,24.244,84.298,44,961,2028
2025-06-02,34,4,896,647,93,24.244,84.298,44,961,2028
2025-06-09,34,4,1168,265,47,24.244,84.298,44,961,2028
2025-06-16,34,4,918,423,85,24.244,84.298,44,961,2028
2025-06-23,34,4,1402,313,93,24.244,84.298,44,961,2028
2025-06-30,34,4,991,242,63,24.244,84.298,44,961,2028
2025-04-07,34,5,674,179,30,23.242,65.039,44,758,1781
2025-04-14,34,5,575,248,52,23.242,65.039,44,758,1781
2025-04-21,34,5,480,288,87,23.242,65.039,44,758,1781
2025-04-28,34,5,425,344,35,23.242,65.039,44,758,1781
2025-05-05,34,5,538,169,49,23.242,65.039,44,758,1781
2025-05-12,34,5,454,309,69,23.242,65.039,44,758,1781
2025-05-19,34,5,439,332,64,23.242,65.039,44,758,1781
2025-05-26,34,5,586,111,28,23.242,65.039,44,758,1781
2025-06-02,34,5,509,263,81,23.242,65.039,44,758,1781
2025-06-09,34,5,437,237,26,23.242,65.039,44,758,1781
2025-06-16,34,5,558,129,88,23.242,65.039,44,758,1781
2025-06-23,34,5,408,293,34,23.242,65.039,44,758,1781
2025-06-30,34,5,508,207,49,23.242,65.039,44,758,1781
2025-04-07,34,6,2458,516,81,24.902,61.422,44,729,1825
2025-04-14,34,6,1450,783,55,24.902,61.422,44,729,1825
2025-04-21,34,6,1760,509,90,24.902,61.422,44,729,1825
2025-04-28,34,6,1876,495,73,24.902,61.422,44,729,1825
2025-05-05,34,6,1554,826,25,24.902,61.422,44,729,1825
2025-05-12,34,6,1974,583,36,24.902,61.422,44,729,1825
2025-05-19,34,6,1920,501,61,24.902,61.422,44,729,1825
2025-05-26,34,6,1560,766,76,24.902,61.422,44,729,1825
2025-06-02,34,6,1808,517,27,24.902,61.422,44,729,1825
2025-06-09,34,6,2091,392,48,24.902,61.422,44,729,1825
2025-06-16,34,6,1359,681,66,24.902,61.422,44,729,1825
2025-06-23,34,6,1514,382,79,24.902,61.422,44,729,1825
2025-06-30,34,6,1316,648,32,24.902,61.422,44,729,1825
2025-04-07,34,7,1611,766,37,18.048,60.893,44,696,1490
2025-04-14,34,7,1251,909,61,18.048,60.893,44,696,1490
2025-04-21,34,7,1217,800,46,18.048,60.893,44,696,1490
2025-04-28,34,7,1277,450,50,18.048,60.893,44,696,1490
2025-05-05,34,7,1677,523,27,18.048,60.893,44,696,1490
2025-05-12,34,7,1201,767,71,18.048,60.893,44,696,1490
2025-05-19,34,7,1206,818,53,18.048,60.893,44,696,1490
2025-05-26,34,7,1790,392,53,18.048,60.893,44,696,1490
2025-06-02,34,7,1262,384,65,18.048,60.893,44,696,1490
2025-06-09,34,7,1025,786,39,18.048,60.893,44,696,1490
2025-06-16,34,7,1000,661,58,18.048,60.893,44,696,1490
2025-06-23,34,7,1267,475,28,18.048,60.893,44,696,1490
2025-06-30,34,7,1377,304,20,18.048,60.893,44,696,1490
2025-04-07,34,8,972,343,81,23.538,63.421,44,743,1779
2025-04-14,34,8,965,407,55,23.538,63.421,44,743,1779
2025-04-21,34,8,740,585,56,23.538,63.421,44,743,1779
2025-04-28,34,8,883,406,53,23.538,63.421,44,743,1779
2025-05-05,34,8,822,562,62,23.538,63.421,44,743,1779
2025-05-12,34,8,955,628,66,23.538,63.421,44,743,1779
2025-05-19,34,8,915,706,66,23.538,63.421,44,743,1779
2025-05-26,34,8,807,416,84,23.538,63.421,44,743,1779
2025-06-02,34,8,940,223,80,23.538,63.421,44,743,1779
2025-06-09,34,8,845,444,43,23.538,63.421,44,743,1779
2025-06-16,34,8,771,344,31,23.538,63.421,44,743,1779
2025-06-23,34,8,779,592,47,23.538,63.421,44,743,1779
2025-06-30,34,8,611,390,63,23.538,63.421,44,743,1779
2025-04-07,35,1,955,605,56,27.025,77.276,36,808,1781
2025-04-14,35,1,1043,371,106,27.025,77.276,36,808,1781
2025-04-21,35,1,985,435,89,27.025,77.276,36,808,1781
2025-04-28,35,1,783,608,68,27.025,77.276,36,808,1781
2025-05-05,35,1,984,333,107,27.025,77.276,36,808,1781
2025-05-12,35,1,857,518,46,27.025,77.276,36,808,1781
2025-05-19,35,1,933,413,34,27.025,77.276,36,808,1781
2025-05-26,35,1,1118,285,57,27.025,77.276,36,808,1781
2025-06-02,35,1,1045,271,44,27.025,77.276,36,808,1781
2025-06-09,35,1,1294,335,65,27.025,77.276,36,808,1781
2025-06-16,35,1,985,459,28,27.025,77.276,36,808,1781
2025-06-23,35,1,764,469,66,27.025,77.276,36,808,1781
2025-06-30,35,1,988,226,47,27.025,77.276,36,808,1781
2025-04-07,35,2,554,274,102,35.007,69.5,36,768,2028
2025-04-14,35,2,615,369,63,35.007,69.5,36,768,2028
2025-04-21,35,2,582,349,100,35.007,69.5,36,768,2028
2025-04-28,35,2,568,208,82,35.007,69.5,36,768,2028
2025-05-05,35,2,725,228,58,35.007,69.5,36,768,2028
2025-05-12,35,2,513,384,59,35.007,69.5,36,768,2028
2025-05-19,35,2,734,199,120,35.007,69.5,36,768,2028
2025-05-26,35,2,706,285,40,35.007,69.5,36,768,2028
2025-06-02,35,2,591,160,103,35.007,69.5,36,768,2028
2025-06-09,35,2,559,361,91,35.007,69.5,36,768,2028
2025-06-16,35,2,610,216,39,35.007,69.5,36,768,2028
2025-06-23,35,2,626,166,55,35.007,69.5,36,768,2028
2025-06-30,35,2,671,313,95,35.007,69.5,36,768,2028
2025-04-07,35,3,1244,359,86,26.557,70.498,36,744,1700
2025-04-14,35,3,1436,501,92,26.557,70.498,36,744,1700
2025-04-21,35,3,1007,567,35,26.557,70.498,36,744,1700
2025-04-28,35,3,923,625,28,26.557,70.498,36,744,1700
2025-05-05,35,3,1141,514,82,26.557,70.498,36,744,1700
2025-05-12,35,3,1368,499,50,26.557,70.498,36,744,1700
2025-05-19,35,3,1340,398,91,26.557,70.498,36,744,1700
2025-05-26,35,3,1065,676,88,26.557,70.498,36,744,1700
2025-06-02,35,3,1004,549,64,26.557,70.498,36,744,1700
2025-06-09,35,3,1126,523,63,26.557,70.498,36,744,1700
2025-06-16,35,3,1223,339,91,26.557,70.498,36,744,1700
2025-06-23,35,3,1132,329,45,26.557,70.498,36,744,1700
2025-06-30,35,3,1243,597,81,26.557,70.498,36,744,1700
2025-04-07,35,4,915,477,18,4.562,55.813,36,553,717
2025-04-14,35,4,850,502,11,4.562,55.813,36,553,717
2025-04-21,35,4,872,296,6,4.562,55.813,36,553,717
2025-04-28,35,4,922,586,15,4.562,55.813,36,553,717
2025-05-05,35,4,1061,286,16,4.562,55.813,36,553,717
2025-05-12,35,4,1040,514,5,4.562,55.813,36,553,717
2025-05-19,35,4,906,457,6,4.562,55.813,36,553,717
2025-05-26,35,4,1041,325,8,4.562,55.813,36,553,717
2025-06-02,35,4,926,504,11,4.562,55.813,36,553,717
2025-06-09,35,4,969,570,12,4.562,55.813,36,553,717
2025-06-16,35,4,811,381,11,4.562,55.813,36,553,717
2025-06-23,35,4,1050,422,17,4.562,55.813,36,553,717
2025-06-30,35,4,872,523,11,4.562,55.813,36,553,717
2025-04-07,35,5,1680,407,32,14.451,45.771,36,474,994
2025-04-14,35,5,1300,492,20,14.451,45.771,36,474,994
2025-04-21,35,5,1083,637,47,14.451,45.771,36,474,994
2025-04-28,35,5,1509,486,49,14.451,45.771,36,474,994
2025-05-05,35,5,1289,443,34,14.451,45.771,36,474,994
2025-05-12,35,5,1381,533,26,14.451,45.771,36,474,994
2025-05-19,35,5,1299,741,36,14.451,45.771,36,474,994
2025-05-26,35,5,1130,566,34,14.451,45.771,36,474,994
2025-06-02,35,5,1231,786,17,14.451,45.771,36,474,994
2025-06-09,35,5,1337,855,26,14.451,45.771,36,474,994
2025-06-16,35,5,1593,480,46,14.451,45.771,36,474,994
2025-06-23,35,5,783,525,56,14.451,45.771,36,474,994
2025-06-30,35,5,1457,821,28,14.451,45.771,36,474,994
2025-04-07,35,6,863,477,36,20.401,71.544,36,734,1469
2025-04-14,35,6,1117,382,29,20.401,71.544,36,734,1469
2025-04-21,35,6,941,511,39,20.401,71.544,36,734,1469
2025-04-28,35,6,748,385,58,20.401,71.544,36,734,1469
2025-05-05,35,6,850,632,66,20.401,71.544,36,734,1469
2025-05-12,35,6,1166,214,49,20.401,71.544,36,734,1469
2025-05-19,35,6,1025,809,21,20.401,71.544,36,734,1469
2025-05-26,35,6,1212,243,36,20.401,71.544,36,734,1469
2025-06-02,35,6,1170,243,53,20.401,71.544,36,734,1469
2025-06-09,35,6,688,494,59,20.401,71.544,36,734,1469
2025-06-16,35,6,966,288,25,20.401,71.544,36,734,1469
2025-06-23,35,6,698,557,54,20.401,71.544,36,734,1469
2025-06-30,35,6,806,419,55,20.401,71.544,36,734,1469
2025-04-07,35,7,851,237,33,11.44,60.56,36,608,1020
2025-04-14,35,7,1269,226,28,11.44,60.56,36,608,1020
2025-04-21,35,7,1134,334,36,11.44,60.56,36,608,1020
2025-04-28,35,7,981,537,31,11.44,60.56,36,608,1020
2025-05-05,35,7,1019,337,39,11.44,60.56,36,608,1020
2025-05-12,35,7,1051,398,34,11.44,60.56,36,608,1020
2025-05-19,35,7,784,555,14,11.44,60.56,36,608,1020
2025-05-26,35,7,864,382,12,11.44,60.56,36,608,1020
2025-06-02,35,7,1156,363,41,11.44,60.56,36,608,1020
2025-06-09,35,7,849,577,36,11.44,60.56,36,608,1020
2025-06-16,35,7,1073,332,18,11.44,60.56,36,608,1020
2025-06-23,35,7,1198,271,16,11.44,60.56,36,608,1020
2025-06-30,35,7,1019,335,26,11.44,60.56,36,608,1020
2025-04-07,35,8,2442,686,103,28.317,69.987,36,745,1765
2025-04-14,35,8,2794,1070,79,28.317,69.987,36,745,1765
2025-04-21,35,8,2420,1065,45,28.317,69.987,36,745,1765
2025-04-28,35,8,2716,726,66,28.317,69.987,36,745,1765
2025-05-05,35,8,1822,1278,58,28.317,69.987,36,745,1765
2025-05-12,35,8,3019,761,57,28.317,69.987,36,745,1765
2025-05-19,35,8,2874,714,76,28.317,69.987,36,745,1765
2025-05-26,35,8,2497,1279,35,28.317,69.987,36,745,1765
2025-06-02,35,8,2192,1142,72,28.317,69.987,36,745,1765
2025-06-09,35,8,1802,1000,111,28.317,69.987,36,745,1765
2025-06-16,35,8,2885,591,35,28.317,69.987,36,745,1765
2025-06-23,35,8,2589,737,42,28.317,69.987,36,745,1765
2025-06-30,35,8,2186,1477,98,28.317,69.987,36,745,1765
2025-04-07,36,1,1286,233,110,41.932,68.0,17,506,1218
2025-04-14,36,1,1034,634,159,41.932,68.0,17,506,1218
2025-04-21,36,1,750,477,148,41.932,68.0,17,506,1218
2025-04-28,36,1,1185,260,56,41.932,68.0,17,506,1218
2025-05-05,36,1,1343,614,70,41.932,68.0,17,506,1218
2025-05-12,36,1,1165,436,104,41.932,68.0,17,506,1218
2025-05-19,36,1,1098,877,124,41.932,68.0,17,506,1218
2025-05-26,36,1,1304,662,118,41.932,68.0,17,506,1218
2025-06-02,36,1,1192,540,161,41.932,68.0,17,506,1218
2025-06-09,36,1,1227,565,131,41.932,68.0,17,506,1218
2025-06-16,36,1,1660,378,123,41.932,68.0,17,506,1218
2025-06-23,36,1,1676,399,153,41.932,68.0,17,506,1218
2025-06-30,36,1,1031,623,134,41.932,68.0,17,506,1218
2025-04-07,36,2,468,140,15,11.942,81.858,17,558,761
2025-04-14,36,2,406,253,34,11.942,81.858,17,558,761
2025-04-21,36,2,421,138,27,11.942,81.858,17,558,761
2025-04-28,36,2,543,148,15,11.942,81.858,17,558,761
2025-05-05,36,2,387,154,16,11.942,81.858,17,558,761
2025-05-12,36,2,471,100,45,11.942,81.858,17,558,761
2025-05-19,36,2,469,138,27,11.942,81.858,17,558,761
2025-05-26,36,2,565,117,32,11.942,81.858,17,558,761
2025-06-02,36,2,358,262,46,11.942,81.858,17,558,761
2025-06-09,36,2,395,232,26,11.942,81.858,17,558,761
2025-06-16,36,2,632,142,17,11.942,81.858,17,558,761
2025-06-23,36,2,607,168,18,11.942,81.858,17,558,761
2025-06-30,36,2,584,227,47,11.942,81.858,17,558,761
2025-04-07,36,3,188,98,39,18.281,60.961,17,423,734
2025-04-14,36,3,278,65,25,18.281,60.961,17,423,734
2025-04-21,36,3,221,161,26,18.281,60.961,17,423,734
2025-04-28,36,3,240,110,61,18.281,60.961,17,423,734
2025-05-05,36,3,199,143,40,18.281,60.961,17,423,734
2025-05-12,36,3,279,108,40,18.281,60.961,17,423,734
2025-05-19,36,3,258,153,49,18.281,60.961,17,423,734
2025-05-26,36,3,230,54,59,18.281,60.961,17,423,734
2025-06-02,36,3,267,137,64,18.281,60.961,17,423,734
2025-06-09,36,3,265,104,53,18.281,60.961,17,423,734
2025-06-16,36,3,234,153,54,18.281,60.961,17,423,734
2025-06-23,36,3,333,104,42,18.281,60.961,17,423,734
2025-06-30,36,3,330,122,56,18.281,60.961,17,423,734
2025-04-07,36,4,233,79,25,17.603,65.349,17,452,751
2025-04-14,36,4,288,71,33,17.603,65.349,17,452,751
2025-04-21,36,4,219,117,66,17.603,65.349,17,452,751
2025-04-28,36,4,211,125,41,17.603,65.349,17,452,751
2025-05-05,36,4,253,79,46,17.603,65.349,17,452,751
2025-05-12,36,4,257,112,51,17.603,65.349,17,452,751
2025-05-19,36,4,229,145,68,17.603,65.349,17,452,751
2025-05-26,36,4,244,108,39,17.603,65.349,17,452,751
2025-06-02,36,4,284,106,60,17.603,65.349,17,452,751
2025-06-09,36,4,223,125,37,17.603,65.349,17,452,751
2025-06-16,36,4,232,134,70,17.603,65.349,17,452,751
2025-06-23,36,4,286,82,50,17.603,65.349,17,452,751
2025-06-30,36,4,370,93,20,17.603,65.349,17,452,751
2025-04-07,36,5,489,363,117,37.467,66.593,17,488,1125
2025-04-14,36,5,623,345,136,37.467,66.593,17,488,1125
2025-04-21,36,5,531,362,118,37.467,66.593,17,488,1125
2025-04-28,36,5,641,278,129,37.467,66.593,17,488,1125
2025-05-05,36,5,762,343,139,37.467,66.593,17,488,1125
2025-05-12,36,5,720,229,77,37.467,66.593,17,488,1125
2025-05-19,36,5,671,205,50,37.467,66.593,17,488,1125
2025-05-26,36,5,489,371,146,37.467,66.593,17,488,1125
2025-06-02,36,5,803,174,105,37.467,66.593,17,488,1125
2025-06-09,36,5,856,297,147,37.467,66.593,17,488,1125
2025-06-16,36,5,695,397,80,37.467,66.593,17,488,1125
2025-06-23,36,5,734,395,40,37.467,66.593,17,488,1125
2025-06-30,36,5,811,240,146,37.467,66.593,17,488,1125
2025-04-07,36,6,226,156,39,29.176,98.431,17,683,1179
2025-04-14,36,6,356,71,58,29.176,98.431,17,683,1179
2025-04-21,36,6,413,187,51,29.176,98.431,17,683,1179
2025-04-28,36,6,368,180,58,29.176,98.431,17,683,1179
2025-05-05,36,6,313,168,46,29.176,98.431,17,683,1179
2025-05-12,36,6,347,193,95,29.176,98.431,17,683,1179
2025-05-19,36,6,440,147,40,29.176,98.431,17,683,1179
2025-05-26,36,6,411,157,34,29.176,98.431,17,683,1179
2025-06-02,36,6,408,195,67,29.176,98.431,17,683,1179
2025-06-09,36,6,362,180,99,29.176,98.431,17,683,1179
2025-06-16,36,6,316,227,61,29.176,98.431,17,683,1179
2025-06-23,36,6,379,308,31,29.176,98.431,17,683,1179
2025-06-30,36,6,445,201,92,29.176,98.431,17,683,1179
2025-04-07,36,7,361,284,43,17.41,56.871,17,395,691
2025-04-14,36,7,382,196,45,17.41,56.871,17,395,691
2025-04-21,36,7,564,185,33,17.41,56.871,17,395,691
2025-04-28,36,7,533,216,20,17.41,56.871,17,395,691
2025-05-05,36,7,488,187,68,17.41,56.871,17,395,691
2025-05-12,36,7,478,324,44,17.41,56.871,17,395,691
2025-05-19,36,7,569,312,37,17.41,56.871,17,395,691
2025-05-26,36,7,609,133,64,17.41,56.871,17,395,691
2025-06-02,36,7,621,217,23,17.41,56.871,17,395,691
2025-06-09,36,7,515,251,42,17.41,56.871,17,395,691
2025-06-16,36,7,507,405,22,17.41,56.871,17,395,691
2025-06-23,36,7,584,279,19,17.41,56.871,17,395,691
2025-06-30,36,7,620,125,39,17.41,56.871,17,395,691
2025-04-07,36,8,595,147,16,15.856,64.673,17,446,715
2025-04-14,36,8,531,145,32,15.856,64.673,17,446,715
2025-04-21,36,8,503,262,30,15.856,64.673,17,446,715
2025-04-28,36,8,631,165,55,15.856,64.673,17,446,715
2025-05-05,36,8,516,120,51,15.856,64.673,17,446,715
2025-05-12,36,8,596,182,17,15.856,64.673,17,446,715
2025-05-19,36,8,498,284,22,15.856,64.673,17,446,715
2025-05-26,36,8,628,187,25,15.856,64.673,17,446,715
2025-06-02,36,8,492,340,44,15.856,64.673,17,446,715
2025-06-09,36,8,527,274,56,15.856,64.673,17,446,715
2025-06-16,36,8,478,298,36,15.856,64.673,17,446,715
2025-06-23,36,8,541,167,22,15.856,64.673,17,446,715
2025-06-30,36,8,744,170,52,15.856,64.673,17,446,715
2025-04-07,37,1,951,393,90,30.161,64.036,33,654,1649
2025-04-14,37,1,1114,255,31,30.161,64.036,33,654,1649
2025-04-21,37,1,1155,242,89,30.161,64.036,33,654,1649
2025-04-28,37,1,1177,227,31,30.161,64.036,33,654,1649
2025-05-05,37,1,1312,268,106,30.161,64.036,33,654,1649
2025-05-12,37,1,1067,417,81,30.161,64.036,33,654,1649
2025-05-19,37,1,845,557,86,30.161,64.036,33,654,1649
2025-05-26,37,1,1074,354,97,30.161,64.036,33,654,1649
2025-06-02,37,1,972,254,88,30.161,64.036,33,654,1649
2025-06-09,37,1,1083,209,35,30.161,64.036,33,654,1649
2025-06-16,37,1,1082,572,113,30.161,64.036,33,654,1649
2025-06-23,37,1,1230,241,114,30.161,64.036,33,654,1649
2025-06-30,37,1,899,561,51,30.161,64.036,33,654,1649
2025-04-07,37,2,1008,520,30,8.729,58.753,33,560,848
2025-04-14,37,2,1075,420,29,8.729,58.753,33,560,848
2025-04-21,37,2,1215,310,19,8.729,58.753,33,560,848
2025-04-28,37,2,1264,457,16,8.729,58.753,33,560,848
2025-05-05,37,2,1028,555,17,8.729,58.753,33,560,848
2025-05-12,37,2,1188,659,18,8.729,58.753,33,560,848
2025-05-19,37,2,1543,392,25,8.729,58.753,33,560,848
2025-05-26,37,2,943,552,21,8.729,58.753,33,560,848
2025-06-02,37,2,1344,318,15,8.729,58.753,33,560,848
2025-06-09,37,2,1094,549,17,8.729,58.753,33,560,848
2025-06-16,37,2,863,578,18,8.729,58.753,33,560,848
2025-06-23,37,2,993,741,23,8.729,58.753,33,560,848
2025-06-30,37,2,1332,530,11,8.729,58.753,33,560,848
2025-04-07,37,3,929,597,56,23.459,68.264,33,673,1447
2025-04-14,37,3,1074,385,45,23.459,68.264,33,673,1447
2025-04-21,37,3,986,482,33,23.459,68.264,33,673,1447
2025-04-28,37,3,963,405,91,23.459,68.264,33,673,1447
2025-05-05,37,3,1291,543,85,23.459,68.264,33,673,1447
2025-05-12,37,3,1116,417,49,23.459,68.264,33,673,1447
2025-05-19,37,3,1309,279,70,23.459,68.264,33,673,1447
2025-05-26,37,3,994,232,71,23.459,68.264,33,673,1447
2025-06-02,37,3,972,361,24,23.459,68.264,33,673,1447
2025-06-09,37,3,1033,573,31,23.459,68.264,33,673,1447
2025-06-16,37,3,1045,542,67,23.459,68.264,33,673,1447
2025-06-23,37,3,907,532,25,23.459,68.264,33,673,1447
2025-06-30,37,3,1458,317,27,23.459,68.264,33,673,1447
2025-04-07,37,4,1306,579,48,28.204,84.587,33,832,1763
2025-04-14,37,4,1074,784,51,28.204,84.587,33,832,1763
2025-04-21,37,4,1340,791,73,28.204,84.587,33,832,1763
2025-04-28,37,4,1058,724,62,28.204,84.587,33,832,1763
2025-05-05,37,4,1566,394,73,28.204,84.587,33,832,1763
2025-05-12,37,4,1082,825,78,28.204,84.587,33,832,1763
2025-05-19,37,4,1525,571,51,28.204,84.587,33,832,1763
2025-05-26,37,4,1327,685,92,28.204,84.587,33,832,1763
2025-06-02,37,4,1054,612,39,28.204,84.587,33,832,1763
2025-06-09,37,4,1544,319,105,28.204,84.587,33,832,1763
2025-06-16,37,4,1321,894,58,28.204,84.587,33,832,1763
2025-06-23,37,4,1218,320,50,28.204,84.587,33,832,1763
2025-06-30,37,4,1656,332,108,28.204,84.587,33,832,1763
2025-04-07,37,5,984,363,19,15.389,81.087,33,777,1284
2025-04-14,37,5,1059,279,24,15.389,81.087,33,777,1284
2025-04-21,37,5,932,313,49,15.389,81.087,33,777,1284
2025-04-28,37,5,752,503,50,15.389,81.087,33,777,1284
2025-05-05,37,5,829,534,20,15.389,81.087,33,777,1284
2025-05-12,37,5,1098,243,25,15.389,81.087,33,777,1284
2025-05-19,37,5,1036,452,54,15.389,81.087,33,777,1284
2025-05-26,37,5,773,255,31,15.389,81.087,33,777,1284
2025-06-02,37,5,757,512,23,15.389,81.087,33,777,1284
2025-06-09,37,5,815,386,46,15.389,81.087,33,777,1284
2025-06-16,37,5,868,159,55,15.389,81.087,33,777,1284
2025-06-23,37,5,898,291,51,15.389,81.087,33,777,1284
2025-06-30,37,5,1059,296,37,15.389,81.087,33,777,1284
2025-04-07,37,6,681,460,43,27.59,62.678,33,634,1545
2025-04-14,37,6,773,215,88,27.59,62.678,33,634,1545
2025-04-21,37,6,945,283,29,27.59,62.678,33,634,1545
2025-04-28,37,6,830,452,81,27.59,62.678,33,634,1545
2025-05-05,37,6,889,527,30,27.59,62.678,33,634,1545
2025-05-12,37,6,993,274,99,27.59,62.678,33,634,1545
2025-05-19,37,6,1094,298,85,27.59,62.678,33,634,1545
2025-05-26,37,6,932,291,75,27.59,62.678,33,634,1545
2025-06-02,37,6,843,493,105,27.59,62.678,33,634,1545
2025-06-09,37,6,862,266,41,27.59,62.678,33,634,1545
2025-06-16,37,6,802,622,74,27.59,62.678,33,634,1545
2025-06-23,37,6,743,516,84,27.59,62.678,33,634,1545
2025-06-30,37,6,820,441,39,27.59,62.678,33,634,1545
2025-04-07,37,7,1070,552,51,21.129,75.261,33,732,1429
2025-04-14,37,7,1080,422,63,21.129,75.261,33,732,1429
2025-04-21,37,7,993,305,29,21.129,75.261,33,732,1429
2025-04-28,37,7,681,515,24,21.129,75.261,33,732,1429
2025-05-05,37,7,735,519,47,21.129,75.261,33,732,1429
2025-05-12,37,7,1180,413,59,21.129,75.261,33,732,1429
2025-05-19,37,7,1159,245,26,21.129,75.261,33,732,1429
2025-05-26,37,7,1215,343,23,21.129,75.261,33,732,1429
2025-06-02,37,7,1281,404,75,21.129,75.261,33,732,1429
2025-06-09,37,7,1049,316,71,21.129,75.261,33,732,1429
2025-06-16,37,7,862,565,45,21.129,75.261,33,732,1429
2025-06-23,37,7,780,555,29,21.129,75.261,33,732,1429
2025-06-30,37,7,1062,719,32,21.129,75.261,33,732,1429
2025-04-07,37,8,826,155,73,40.201,65.077,33,698,2025
2025-04-14,37,8,602,275,115,40.201,65.077,33,698,2025
2025-04-21,37,8,776,245,110,40.201,65.077,33,698,2025
2025-04-28,37,8,677,208,102,40.201,65.077,33,698,2025
2025-05-05,37,8,552,398,110,40.201,65.077,33,698,2025
2025-05-12,37,8,590,351,60,40.201,65.077,33,698,2025
2025-05-19,37,8,678,229,107,40.201,65.077,33,698,2025
2025-05-26,37,8,544,333,56,40.201,65.077,33,698,2025
2025-06-02,37,8,754,379,80,40.201,65.077,33,698,2025
2025-06-09,37,8,706,377,86,40.201,65.077,33,698,2025
2025-06-16,37,8,663,231,130,40.201,65.077,33,698,2025
2025-06-23,37,8,572,226,75,40.201,65.077,33,698,2025
2025-06-30,37,8,610,340,46,40.201,65.077,33,698,2025
2025-04-07,38,1,540,395,29,22.375,61.694,25,528,1088
2025-04-14,38,1,559,385,37,22.375,61.694,25,528,1088
2025-04-21,38,1,669,321,31,22.375,61.694,25,528,1088
2025-04-28,38,1,542,328,86,22.375,61.694,25,528,1088
2025-05-05,38,1,790,337,26,22.375,61.694,25,528,1088
2025-05-12,38,1,671,343,53,22.375,61.694,25,528,1088
2025-05-19,38,1,778,188,56,22.375,61.694,25,528,1088
2025-05-26,38,1,621,271,38,22.375,61.694,25,528,1088
2025-06-02,38,1,610,415,33,22.375,61.694,25,528,1088
2025-06-09,38,1,695,275,86,22.375,61.694,25,528,1088
2025-06-16,38,1,643,230,80,22.375,61.694,25,528,1088
2025-06-23,38,1,662,195,42,22.375,61.694,25,528,1088
2025-06-30,38,1,840,456,26,22.375,61.694,25,528,1088
2025-04-07,38,2,698,170,56,18.89,59.66,25,506,978
2025-04-14,38,2,685,190,48,18.89,59.66,25,506,978
2025-04-21,38,2,796,258,59,18.89,59.66,25,506,978
2025-04-28,38,2,608,449,41,18.89,59.66,25,506,978
2025-05-05,38,2,775,427,56,18.89,59.66,25,506,978
2025-05-12,38,2,630,513,44,18.89,59.66,25,506,978
2025-05-19,38,2,664,481,65,18.89,59.66,25,506,978
2025-05-26,38,2,891,173,46,18.89,59.66,25,506,978
2025-06-02,38,2,650,362,53,18.89,59.66,25,506,978
2025-06-09,38,2,865,212,40,18.89,59.66,25,506,978
2025-06-16,38,2,720,284,58,18.89,59.66,25,506,978
2025-06-23,38,2,1062,283,71,18.89,59.66,25,506,978
2025-06-30,38,2,703,561,62,18.89,59.66,25,506,978
2025-04-07,38,3,923,312,66,28.755,52.946,25,475,1194
2025-04-14,38,3,904,335,53,28.755,52.946,25,475,1194
2025-04-21,38,3,767,397,52,28.755,52.946,25,475,1194
2025-04-28,38,3,712,473,60,28.755,52.946,25,475,1194
2025-05-05,38,3,936,310,88,28.755,52.946,25,475,1194
2025-05-12,38,3,790,582,39,28.755,52.946,25,475,1194
2025-05-19,38,3,919,291,55,28.755,52.946,25,475,1194
2025-05-26,38,3,972,327,45,28.755,52.946,25,475,1194
2025-06-02,38,3,965,502,114,28.755,52.946,25,475,1194
2025-06-09,38,3,1110,213,75,28.755,52.946,25,475,1194
2025-06-16,38,3,1011,334,61,28.755,52.946,25,475,1194
2025-06-23,38,3,804,591,69,28.755,52.946,25,475,1194
2025-06-30,38,3,1026,391,31,28.755,52.946,25,475,1194
2025-04-07,38,4,580,297,54,13.908,50.633,25,426,774
2025-04-14,38,4,821,304,27,13.908,50.633,25,426,774
2025-04-21,38,4,565,423,38,13.908,50.633,25,426,774
2025-04-28,38,4,704,275,22,13.908,50.633,25,426,774
2025-05-05,38,4,762,466,34,13.908,50.633,25,426,774
2025-05-12,38,4,852,173,48,13.908,50.633,25,426,774
2025-05-19,38,4,715,543,43,13.908,50.633,25,426,774
2025-05-26,38,4,1029,219,32,13.908,50.633,25,426,774
2025-06-02,38,4,802,422,42,13.908,50.633,25,426,774
2025-06-09,38,4,620,496,29,13.908,50.633,25,426,774
2025-06-16,38,4,921,243,19,13.908,50.633,25,426,774
2025-06-23,38,4,876,398,19,13.908,50.633,25,426,774
2025-06-30,38,4,979,180,39,13.908,50.633,25,426,774
2025-04-07,38,5,809,656,85,32.64,63.08,25,562,1378
2025-04-14,38,5,1060,258,115,32.64,63.08,25,562,1378
2025-04-21,38,5,965,434,52,32.64,63.08,25,562,1378
2025-04-28,38,5,767,594,121,32.64,63.08,25,562,1378
2025-05-05,38,5,1467,357,59,32.64,63.08,25,562,1378
2025-05-12,38,5,987,519,106,32.64,63.08,25,562,1378
2025-05-19,38,5,1182,311,80,32.64,63.08,25,562,1378
2025-05-26,38,5,848,612,120,32.64,63.08,25,562,1378
2025-06-02,38,5,999,477,83,32.64,63.08,25,562,1378
2025-06-09,38,5,784,619,117,32.64,63.08,25,562,1378
2025-06-16,38,5,1156,646,126,32.64,63.08,25,562,1378
2025-06-23,38,5,1332,369,100,32.64,63.08,25,562,1378
2025-06-30,38,5,811,634,101,32.64,63.08,25,562,1378
2025-04-07,38,6,1037,737,36,25.227,82.821,25,701,1332
2025-04-14,38,6,1472,272,39,25.227,82.821,25,701,1332
2025-04-21,38,6,1083,810,38,25.227,82.821,25,701,1332
2025-04-28,38,6,1363,661,100,25.227,82.821,25,701,1332
2025-05-05,38,6,1343,725,75,25.227,82.821,25,701,1332
2025-05-12,38,6,1258,564,46,25.227,82.821,25,701,1332
2025-05-19,38,6,1265,635,97,25.227,82.821,25,701,1332
2025-05-26,38,6,1310,902,74,25.227,82.821,25,701,1332
2025-06-02,38,6,1140,863,40,25.227,82.821,25,701,1332
2025-06-09,38,6,863,689,81,25.227,82.821,25,701,1332
2025-06-16,38,6,1300,571,76,25.227,82.821,25,701,1332
2025-06-23,38,6,1820,611,52,25.227,82.821,25,701,1332
2025-06-30,38,6,1216,897,79,25.227,82.821,25,701,1332
2025-04-07,38,7,1088,446,50,29.371,63.913,25,560,1294
2025-04-14,38,7,616,417,80,29.371,63.913,25,560,1294
2025-04-21,38,7,828,401,59,29.371,63.913,25,560,1294
2025-04-28,38,7,811,476,103,29.371,63.913,25,560,1294
2025-05-05,38,7,937,463,48,29.371,63.913,25,560,1294
2025-05-12,38,7,1153,363,89,29.371,63.913,25,560,1294
2025-05-19,38,7,1137,260,44,29.371,63.913,25,560,1294
2025-05-26,38,7,992,270,56,29.371,63.913,25,560,1294
2025-06-02,38,7,1349,370,110,29.371,63.913,25,560,1294
2025-06-09,38,7,1021,671,82,29.371,63.913,25,560,1294
2025-06-16,38,7,1367,427,82,29.371,63.913,25,560,1294
2025-06-23,38,7,1276,323,112,29.371,63.913,25,560,1294
2025-06-30,38,7,849,294,38,29.371,63.913,25,560,1294
2025-04-07,38,8,592,141,67,16.972,61.565,25,519,943
2025-04-14,38,8,393,293,18,16.972,61.565,25,519,943
2025-04-21,38,8,475,277,18,16.972,61.565,25,519,943
2025-04-28,38,8,622,155,47,16.972,61.565,25,519,943
2025-05-05,38,8,600,144,37,16.972,61.565,25,519,943
2025-05-12,38,8,561,225,35,16.972,61.565,25,519,943
2025-05-19,38,8,545,397,45,16.972,61.565,25,519,943
2025-05-26,38,8,616,130,28,16.972,61.565,25,519,943
2025-06-02,38,8,647,262,27,16.972,61.565,25,519,943
2025-06-09,38,8,636,254,65,16.972,61.565,25,519,943
2025-06-16,38,8,474,344,33,16.972,61.565,25,519,943
2025-06-23,38,8,655,147,49,16.972,61.565,25,519,943
2025-06-30,38,8,567,339,49,16.972,61.565,25,519,943
2025-04-07,39,1,1081,790,120,38.546,64.701,34,728,2038
2025-04-14,39,1,1517,398,127,38.546,64.701,34,728,2038
2025-04-21,39,1,1925,529,83,38.546,64.701,34,728,2038
2025-04-28,39,1,1103,728,59,38.546,64.701,34,728,2038
2025-05-05,39,1,1791,403,64,38.546,64.701,34,728,2038
2025-05-12,39,1,1270,351,101,38.546,64.701,34,728,2038
2025-05-19,39,1,1101,839,122,38.546,64.701,34,728,2038
2025-05-26,39,1,1903,454,102,38.546,64.701,34,728,2038
2025-06-02,39,1,1432,322,92,38.546,64.701,34,728,2038
2025-06-09,39,1,1592,403,133,38.546,64.701,34,728,2038
2025-06-16,39,1,2000,450,152,38.546,64.701,34,728,2038
2025-06-23,39,1,1601,291,53,38.546,64.701,34,728,2038
2025-06-30,39,1,1510,873,73,38.546,64.701,34,728,2038
2025-04-07,39,2,795,626,24,16.241,67.56,34,668,1220
2025-04-14,39,2,1234,320,38,16.241,67.56,34,668,1220
2025-04-21,39,2,1195,667,46,16.241,67.56,34,668,1220
2025-04-28,39,2,983,695,58,16.241,67.56,34,668,1220
2025-05-05,39,2,1004,460,63,16.241,67.56,34,668,1220
2025-05-12,39,2,930,590,63,16.241,67.56,34,668,1220
2025-05-19,39,2,1336,523,45,16.241,67.56,34,668,1220
2025-05-26,39,2,1028,524,52,16.241,67.56,34,668,1220
2025-06-02,39,2,867,279,44,16.241,67.56,34,668,1220
2025-06-09,39,2,1143,492,26,16.241,67.56,34,668,1220
2025-06-16,39,2,1255,591,26,16.241,67.56,34,668,1220
2025-06-23,39,2,947,473,46,16.241,67.56,34,668,1220
2025-06-30,39,2,1183,540,45,16.241,67.56,34,668,1220
2025-04-07,39,3,884,543,109,27.858,69.682,34,723,1670
2025-04-14,39,3,1328,346,105,27.858,69.682,34,723,1670
2025-04-21,39,3,923,737,31,27.858,69.682,34,723,1670
2025-04-28,39,3,1035,547,56,27.858,69.682,34,723,1670
2025-05-05,39,3,1739,308,65,27.858,69.682,34,723,1670
2025-05-12,39,3,909,260,32,27.858,69.682,34,723,1670
2025-05-19,39,3,979,263,69,27.858,69.682,34,723,1670
2025-05-26,39,3,1253,531,31,27.858,69.682,34,723,1670
2025-06-02,39,3,1153,395,59,27.858,69.682,34,723,1670
2025-06-09,39,3,1654,531,40,27.858,69.682,34,723,1670
2025-06-16,39,3,1050,562,84,27.858,69.682,34,723,1670
2025-06-23,39,3,1150,626,36,27.858,69.682,34,723,1670
2025-06-30,39,3,1351,247,102,27.858,69.682,34,723,1670
2025-04-07,39,4,1443,986,73,18.799,59.355,34,599,1238
2025-04-14,39,4,1474,1065,75,18.799,59.355,34,599,1238
2025-04-21,39,4,2127,553,27,18.799,59.355,34,599,1238
2025-04-28,39,4,1398,1018,34,18.799,59.355,34,599,1238
2025-05-05,39,4,1373,670,46,18.799,59.355,34,599,1238
2025-05-12,39,4,1675,700,67,18.799,59.355,34,599,1238
2025-05-19,39,4,1622,729,65,18.799,59.355,34,599,1238
2025-05-26,39,4,1842,890,30,18.799,59.355,34,599,1238
2025-06-02,39,4,1581,862,71,18.799,59.355,34,599,1238
2025-06-09,39,4,2053,492,20,18.799,59.355,34,599,1238
2025-06-16,39,4,1666,490,47,18.799,59.355,34,599,1238
2025-06-23,39,4,1147,861,49,18.799,59.355,34,599,1238
2025-06-30,39,4,1923,479,60,18.799,59.355,34,599,1238
2025-04-07,39,5,813,494,58,20.77,65.796,34,664,1370
2025-04-14,39,5,1193,275,78,20.77,65.796,34,664,1370
2025-04-21,39,5,1152,448,82,20.77,65.796,34,664,1370
2025-04-28,39,5,1001,410,30,20.77,65.796,34,664,1370
2025-05-05,39,5,1036,414,32,20.77,65.796,34,664,1370
2025-05-12,39,5,961,595,75,20.77,65.796,34,664,1370
2025-05-19,39,5,851,522,62,20.77,65.796,34,664,1370
2025-05-26,39,5,1119,301,61,20.77,65.796,34,664,1370
2025-06-02,39,5,762,600,68,20.77,65.796,34,664,1370
2025-06-09,39,5,989,249,60,20.77,65.796,34,664,1370
2025-06-16,39,5,965,423,60,20.77,65.796,34,664,1370
2025-06-23,39,5,1019,507,30,20.77,65.796,34,664,1370
2025-06-30,39,5,1057,212,58,20.77,65.796,34,664,1370
2025-04-07,39,6,344,163,57,15.008,65.241,34,643,1153
2025-04-14,39,6,348,201,26,15.008,65.241,34,643,1153
2025-04-21,39,6,401,80,23,15.008,65.241,34,643,1153
2025-04-28,39,6,390,77,31,15.008,65.241,34,643,1153
2025-05-05,39,6,357,138,42,15.008,65.241,34,643,1153
2025-05-12,39,6,357,142,19,15.008,65.241,34,643,1153
2025-05-19,39,6,375,206,46,15.008,65.241,34,643,1153
2025-05-26,39,6,433,100,56,15.008,65.241,34,643,1153
2025-06-02,39,6,482,89,51,15.008,65.241,34,643,1153
2025-06-09,39,6,338,163,51,15.008,65.241,34,643,1153
2025-06-16,39,6,318,214,27,15.008,65.241,34,643,1153
2025-06-23,39,6,359,190,53,15.008,65.241,34,643,1153
2025-06-30,39,6,332,175,36,15.008,65.241,34,643,1153
2025-04-07,39,7,1583,465,66,23.792,60.658,34,627,1436
2025-04-14,39,7,1634,331,53,23.792,60.658,34,627,1436
2025-04-21,39,7,1399,710,67,23.792,60.658,34,627,1436
2025-04-28,39,7,1222,846,43,23.792,60.658,34,627,1436
2025-05-05,39,7,1157,741,94,23.792,60.658,34,627,1436
2025-05-12,39,7,1039,750,68,23.792,60.658,34,627,1436
2025-05-19,39,7,1627,423,45,23.792,60.658,34,627,1436
2025-05-26,39,7,1028,746,34,23.792,60.658,34,627,1436
2025-06-02,39,7,1155,903,35,23.792,60.658,34,627,1436
2025-06-09,39,7,1608,312,46,23.792,60.658,34,627,1436
2025-06-16,39,7,1121,848,61,23.792,60.658,34,627,1436
2025-06-23,39,7,1468,602,89,23.792,60.658,34,627,1436
2025-06-30,39,7,1362,410,34,23.792,60.658,34,627,1436
2025-04-07,39,8,455,87,54,15.444,56.94,34,567,1092
2025-04-14,39,8,324,229,43,15.444,56.94,34,567,1092
2025-04-21,39,8,278,206,57,15.444,56.94,34,567,1092
2025-04-28,39,8,397,148,18,15.444,56.94,34,567,1092
2025-05-05,39,8,345,161,55,15.444,56.94,34,567,1092
2025-05-12,39,8,366,102,25,15.444,56.94,34,567,1092
2025-05-19,39,8,341,178,54,15.444,56.94,34,567,1092
2025-05-26,39,8,270,143,58,15.444,56.94,34,567,1092
2025-06-02,39,8,340,137,61,15.444,56.94,34,567,1092
2025-06-09,39,8,293,228,38,15.444,56.94,34,567,1092
2025-06-16,39,8,384,195,34,15.444,56.94,34,567,1092
2025-06-23,39,8,259,186,24,15.444,56.94,34,567,1092
2025-06-30,39,8,353,138,61,15.444,56.94,34,567,1092
2025-04-07,40,1,910,407,48,17.72,65.545,41,720,1446
2025-04-14,40,1,743,390,20,17.72,65.545,41,720,1446
2025-04-21,40,1,598,403,28,17.72,65.545,41,720,1446
2025-04-28,40,1,704,377,59,17.72,65.545,41,720,1446
2025-05-05,40,1,674,522,33,17.72,65.545,41,720,1446
2025-05-12,40,1,682,402,43,17.72,65.545,41,720,1446
2025-05-19,40,1,865,293,59,17.72,65.545,41,720,1446
2025-05-26,40,1,735,439,23,17.72,65.545,41,720,1446
2025-06-02,40,1,786,349,26,17.72,65.545,41,720,1446
2025-06-09,40,1,695,346,24,17.72,65.545,41,720,1446
2025-06-16,40,1,882,158,44,17.72,65.545,41,720,1446
2025-06-23,40,1,716,451,30,17.72,65.545,41,720,1446
2025-06-30,40,1,894,222,47,17.72,65.545,41,720,1446
2025-04-07,40,2,2633,1511,51,31.569,72.079,41,842,2136
2025-04-14,40,2,3311,1127,67,31.569,72.079,41,842,2136
2025-04-21,40,2,3940,768,45,31.569,72.079,41,842,2136
2025-04-28,40,2,3169,819,83,31.569,72.079,41,842,2136
2025-05-05,40,2,3162,1260,72,31.569,72.079,41,842,2136
2025-05-12,40,2,3074,1534,126,31.569,72.079,41,842,2136
2025-05-19,40,2,2838,1140,102,31.569,72.079,41,842,2136
2025-05-26,40,2,2969,717,63,31.569,72.079,41,842,2136
2025-06-02,40,2,1908,1553,67,31.569,72.079,41,842,2136
2025-06-09,40,2,2423,812,40,31.569,72.079,41,842,2136
2025-06-16,40,2,2458,1385,62,31.569,72.079,41,842,2136
2025-06-23,40,2,2698,971,107,31.569,72.079,41,842,2136
2025-06-30,40,2,2502,908,89,31.569,72.079,41,842,2136
2025-04-07,40,3,660,445,45,12.699,78.131,41,836,1357
2025-04-14,40,3,752,411,46,12.699,78.131,41,836,1357
2025-04-21,40,3,707,451,35,12.699,78.131,41,836,1357
2025-04-28,40,3,815,199,38,12.699,78.131,41,836,1357
2025-05-05,40,3,753,271,42,12.699,78.131,41,836,1357
2025-05-12,40,3,850,210,28,12.699,78.131,41,836,1357
2025-05-19,40,3,726,180,42,12.699,78.131,41,836,1357
2025-05-26,40,3,736,161,45,12.699,78.131,41,836,1357
2025-06-02,40,3,729,356,35,12.699,78.131,41,836,1357
2025-06-09,40,3,445,328,19,12.699,78.131,41,836,1357
2025-06-16,40,3,587,378,38,12.699,78.131,41,836,1357
2025-06-23,40,3,752,356,44,12.699,78.131,41,836,1357
2025-06-30,40,3,794,201,49,12.699,78.131,41,836,1357
2025-04-07,40,4,1282,466,59,15.972,49.915,41,557,1212
2025-04-14,40,4,1238,312,33,15.972,49.915,41,557,1212
2025-04-21,40,4,891,657,18,15.972,49.915,41,557,1212
2025-04-28,40,4,1329,448,27,15.972,49.915,41,557,1212
2025-05-05,40,4,1135,585,19,15.972,49.915,41,557,1212
2025-05-12,40,4,1343,387,18,15.972,49.915,41,557,1212
2025-05-19,40,4,1088,393,64,15.972,49.915,41,557,1212
2025-05-26,40,4,1398,502,35,15.972,49.915,41,557,1212
2025-06-02,40,4,1041,396,24,15.972,49.915,41,557,1212
2025-06-09,40,4,1046,518,62,15.972,49.915,41,557,1212
2025-06-16,40,4,1254,518,27,15.972,49.915,41,557,1212
2025-06-23,40,4,979,605,63,15.972,49.915,41,557,1212
2025-06-30,40,4,1128,365,26,15.972,49.915,41,557,1212
2025-04-07,40,5,1984,1232,97,24.333,83.688,41,925,1923
2025-04-14,40,5,2202,1244,80,24.333,83.688,41,925,1923
2025-04-21,40,5,2153,1267,29,24.333,83.688,41,925,1923
2025-04-28,40,5,2254,1402,60,24.333,83.688,41,925,1923
2025-05-05,40,5,2492,1117,63,24.333,83.688,41,925,1923
2025-05-12,40,5,2128,794,59,24.333,83.688,41,925,1923
2025-05-19,40,5,2343,905,72,24.333,83.688,41,925,1923
2025-05-26,40,5,1935,1538,63,24.333,83.688,41,925,1923
2025-06-02,40,5,2054,958,59,24.333,83.688,41,925,1923
2025-06-09,40,5,1949,1033,61,24.333,83.688,41,925,1923
2025-06-16,40,5,2278,1554,61,24.333,83.688,41,925,1923
2025-06-23,40,5,2743,691,38,24.333,83.688,41,925,1923
2025-06-30,40,5,2338,729,96,24.333,83.688,41,925,1923
2025-04-07,40,6,780,488,14,8.697,49.124,41,527,884
2025-04-14,40,6,824,288,12,8.697,49.124,41,527,884
2025-04-21,40,6,746,156,19,8.697,49.124,41,527,884
2025-04-28,40,6,618,473,10,8.697,49.124,41,527,884
2025-05-05,40,6,895,342,23,8.697,49.124,41,527,884
2025-05-12,40,6,700,454,18,8.697,49.124,41,527,884
2025-05-19,40,6,694,440,17,8.697,49.124,41,527,884
2025-05-26,40,6,673,372,20,8.697,49.124,41,527,884
2025-06-02,40,6,614,438,22,8.697,49.124,41,527,884
2025-06-09,40,6,908,378,34,8.697,49.124,41,527,884
2025-06-16,40,6,823,532,11,8.697,49.124,41,527,884
2025-06-23,40,6,878,325,14,8.697,49.124,41,527,884
2025-06-30,40,6,756,467,15,8.697,49.124,41,527,884
2025-04-07,40,7,1123,510,45,24.253,71.54,41,804,1798
2025-04-14,40,7,1625,320,34,24.253,71.54,41,804,1798
2025-04-21,40,7,1386,311,71,24.253,71.54,41,804,1798
2025-04-28,40,7,1072,590,75,24.253,71.54,41,804,1798
2025-05-05,40,7,1005,633,27,24.253,71.54,41,804,1798
2025-05-12,40,7,1499,527,34,24.253,71.54,41,804,1798
2025-05-19,40,7,1344,489,59,24.253,71.54,41,804,1798
2025-05-26,40,7,1037,508,60,24.253,71.54,41,804,1798
2025-06-02,40,7,1223,461,78,24.253,71.54,41,804,1798
2025-06-09,40,7,1349,460,67,24.253,71.54,41,804,1798
2025-06-16,40,7,983,557,77,24.253,71.54,41,804,1798
2025-06-23,40,7,1399,321,79,24.253,71.54,41,804,1798
2025-06-30,40,7,1170,271,70,24.253,71.54,41,804,1798
2025-04-07,40,8,1491,466,42,37.551,86.462,41,1008,2548
2025-04-14,40,8,1555,657,39,37.551,86.462,41,1008,2548
2025-04-21,40,8,1488,672,132,37.551,86.462,41,1008,2548
2025-04-28,40,8,1186,875,49,37.551,86.462,41,1008,2548
2025-05-05,40,8,1288,1035,41,37.551,86.462,41,1008,2548
2025-05-12,40,8,1554,472,69,37.551,86.462,41,1008,2548
2025-05-19,40,8,1068,727,120,37.551,86.462,41,1008,2548
2025-05-26,40,8,1568,432,68,37.551,86.462,41,1008,2548
2025-06-02,40,8,1391,857,38,37.551,86.462,41,1008,2548
2025-06-09,40,8,1444,733,136,37.551,86.462,41,1008,2548
2025-06-16,40,8,1332,785,55,37.551,86.462,41,1008,2548
2025-06-23,40,8,1628,309,110,37.551,86.462,41,1008,2548
2025-06-30,40,8,1809,462,68,37.551,86.462,41,1008,2548
2025-04-07,41,1,999,389,29,7.737,77.714,45,864,1212
2025-04-14,41,1,1220,364,29,7.737,77.714,45,864,1212
2025-04-21,41,1,839,500,30,7.737,77.714,45,864,1212
2025-04-28,41,1,1105,478,10,7.737,77.714,45,864,1212
2025-05-05,41,1,855,620,19,7.737,77.714,45,864,1212
2025-05-12,41,1,1156,282,12,7.737,77.714,45,864,1212
2025-05-19,41,1,1095,327,30,7.737,77.714,45,864,1212
2025-05-26,41,1,925,734,28,7.737,77.714,45,864,1212
2025-06-02,41,1,1049,379,21,7.737,77.714,45,864,1212
2025-06-09,41,1,1238,250,29,7.737,77.714,45,864,1212
2025-06-16,41,1,1375,280,16,7.737,77.714,45,864,1212
2025-06-23,41,1,803,563,19,7.737,77.714,45,864,1212
2025-06-30,41,1,916,465,14,7.737,77.714,45,864,1212
2025-04-07,41,2,676,453,46,18.753,63.884,45,747,1591
2025-04-14,41,2,879,438,59,18.753,63.884,45,747,1591
2025-04-21,41,2,912,345,64,18.753,63.884,45,747,1591
2025-04-28,41,2,1040,199,36,18.753,63.884,45,747,1591
2025-05-05,41,2,788,231,35,18.753,63.884,45,747,1591
2025-05-12,41,2,751,415,59,18.753,63.884,45,747,1591
2025-05-19,41,2,714,306,30,18.753,63.884,45,747,1591
2025-05-26,41,2,715,444,48,18.753,63.884,45,747,1591
2025-06-02,41,2,1063,219,30,18.753,63.884,45,747,1591
2025-06-09,41,2,921,304,72,18.753,63.884,45,747,1591
2025-06-16,41,2,643,315,47,18.753,63.884,45,747,1591
2025-06-23,41,2,768,270,52,18.753,63.884,45,747,1591
2025-06-30,41,2,786,397,32,18.753,63.884,45,747,1591
2025-04-07,41,3,2000,917,146,56.831,70.13,45,1076,3634
2025-04-14,41,3,2142,953,134,56.831,70.13,45,1076,3634
2025-04-21,41,3,2261,680,220,56.831,70.13,45,1076,3634
2025-04-28,41,3,1833,1452,86,56.831,70.13,45,1076,3634
2025-05-05,41,3,1930,877,211,56.831,70.13,45,1076,3634
2025-05-12,41,3,2484,792,176,56.831,70.13,45,1076,3634
2025-05-19,41,3,2362,431,159,56.831,70.13,45,1076,3634
2025-05-26,41,3,2152,482,128,56.831,70.13,45,1076,3634
2025-06-02,41,3,2062,709,216,56.831,70.13,45,1076,3634
2025-06-09,41,3,1973,653,172,56.831,70.13,45,1076,3634
2025-06-16,41,3,1486,768,183,56.831,70.13,45,1076,3634
2025-06-23,41,3,1845,672,74,56.831,70.13,45,1076,3634
2025-06-30,41,3,1412,1042,206,56.831,70.13,45,1076,3634
2025-04-07,41,4,1791,532,41,28.332,64.653,45,805,2080
2025-04-14,41,4,1164,870,85,28.332,64.653,45,805,2080
2025-04-21,41,4,1401,693,107,28.332,64.653,45,805,2080
2025-04-28,41,4,1434,541,104,28.332,64.653,45,805,2080
2025-05-05,41,4,1245,737,97,28.332,64.653,45,805,2080
2025-05-12,41,4,1290,579,82,28.332,64.653,45,805,2080
2025-05-19,41,4,1438,443,39,28.332,64.653,45,805,2080
2025-05-26,41,4,1235,876,106,28.332,64.653,45,805,2080
2025-06-02,41,4,1521,494,86,28.332,64.653,45,805,2080
2025-06-09,41,4,997,751,84,28.332,64.653,45,805,2080
2025-06-16,41,4,1352,390,76,28.332,64.653,45,805,2080
2025-06-23,41,4,1076,607,47,28.332,64.653,45,805,2080
2025-06-30,41,4,994,627,41,28.332,64.653,45,805,2080
2025-04-07,41,5,576,337,39,9.659,43.322,45,495,929
2025-04-14,41,5,551,436,28,9.659,43.322,45,495,929
2025-04-21,41,5,603,349,22,9.659,43.322,45,495,929
2025-04-28,41,5,769,141,38,9.659,43.322,45,495,929
2025-05-05,41,5,619,268,36,9.659,43.322,45,495,929
2025-05-12,41,5,590,328,36,9.659,43.322,45,495,929
2025-05-19,41,5,474,371,38,9.659,43.322,45,495,929
2025-05-26,41,5,513,273,19,9.659,43.322,45,495,929
2025-06-02,41,5,470,320,11,9.659,43.322,45,495,929
2025-06-09,41,5,630,267,36,9.659,43.322,45,495,929
2025-06-16,41,5,447,263,15,9.659,43.322,45,495,929
2025-06-23,41,5,597,283,16,9.659,43.322,45,495,929
2025-06-30,41,5,579,326,12,9.659,43.322,45,495,929
2025-04-07,41,6,374,131,43,16.552,57.156,45,667,1412
2025-04-14,41,6,544,215,52,16.552,57.156,45,667,1412
2025-04-21,41,6,463,234,34,16.552,57.156,45,667,1412
2025-04-28,41,6,391,273,36,16.552,57.156,45,667,1412
2025-05-05,41,6,372,211,65,16.552,57.156,45,667,1412
2025-05-12,41,6,321,218,32,16.552,57.156,45,667,1412
2025-05-19,41,6,428,86,22,16.552,57.156,45,667,1412
2025-05-26,41,6,440,100,28,16.552,57.156,45,667,1412
2025-06-02,41,6,480,161,38,16.552,57.156,45,667,1412
2025-06-09,41,6,520,117,29,16.552,57.156,45,667,1412
2025-06-16,41,6,429,108,39,16.552,57.156,45,667,1412
2025-06-23,41,6,341,248,50,16.552,57.156,45,667,1412
2025-06-30,41,6,398,242,19,16.552,57.156,45,667,1412
2025-04-07,41,7,775,569,23,19.205,61.324,45,722,1587
2025-04-14,41,7,1064,571,45,19.205,61.324,45,722,1587
2025-04-21,41,7,1012,356,55,19.205,61.324,45,722,1587
2025-04-28,41,7,1148,242,71,19.205,61.324,45,722,1587
2025-05-05,41,7,1016,684,58,19.205,61.324,45,722,1587
2025-05-12,41,7,1043,581,32,19.205,61.324,45,722,1587
2025-05-19,41,7,1214,476,67,19.205,61.324,45,722,1587
2025-05-26,41,7,1243,513,48,19.205,61.324,45,722,1587
2025-06-02,41,7,845,442,34,19.205,61.324,45,722,1587
2025-06-09,41,7,1012,486,44,19.205,61.324,45,722,1587
2025-06-16,41,7,955,356,53,19.205,61.324,45,722,1587
2025-06-23,41,7,1214,305,57,19.205,61.324,45,722,1587
2025-06-30,41,7,902,429,32,19.205,61.324,45,722,1587
2025-04-07,41,8,1522,652,46,26.204,80.05,45,948,2127
2025-04-14,41,8,1365,307,33,26.204,80.05,45,948,2127
2025-04-21,41,8,1177,772,65,26.204,80.05,45,948,2127
2025-04-28,41,8,1354,559,76,26.204,80.05,45,948,2127
2025-05-05,41,8,1720,599,34,26.204,80.05,45,948,2127
2025-05-12,41,8,1260,806,98,26.204,80.05,45,948,2127
2025-05-19,41,8,1433,796,68,26.204,80.05,45,948,2127
2025-05-26,41,8,1409,348,37,26.204,80.05,45,948,2127
2025-06-02,41,8,1146,594,97,26.204,80.05,45,948,2127
2025-06-09,41,8,1463,341,74,26.204,80.05,45,948,2127
2025-06-16,41,8,1522,619,82,26.204,80.05,45,948,2127
2025-06-23,41,8,1481,575,76,26.204,80.05,45,948,2127
2025-06-30,41,8,1102,423,55,26.204,80.05,45,948,2127
2025-04-07,42,1,862,209,39,18.157,70.878,34,703,1320
2025-04-14,42,1,669,195,54,18.157,70.878,34,703,1320
2025-04-21,42,1,936,172,65,18.157,70.878,34,703,1320
2025-04-28,42,1,914,274,40,18.157,70.878,34,703,1320
2025-05-05,42,1,742,223,71,18.157,70.878,34,703,1320
2025-05-12,42,1,734,425,53,18.157,70.878,34,703,1320
2025-05-19,42,1,949,249,19,18.157,70.878,34,703,1320
2025-05-26,42,1,686,401,42,18.157,70.878,34,703,1320
2025-06-02,42,1,697,521,25,18.157,70.878,34,703,1320
2025-06-09,42,1,541,434,62,18.157,70.878,34,703,1320
2025-06-16,42,1,629,305,28,18.157,70.878,34,703,1320
2025-06-23,42,1,681,396,47,18.157,70.878,34,703,1320
2025-06-30,42,1,840,476,61,18.157,70.878,34,703,1320
2025-04-07,42,2,442,292,15,7.465,55.213,34,535,789
2025-04-14,42,2,377,235,15,7.465,55.213,34,535,789
2025-04-21,42,2,528,123,8,7.465,55.213,34,535,789
2025-04-28,42,2,396,183,23,7.465,55.213,34,535,789
2025-05-05,42,2,396,249,17,7.465,55.213,34,535,789
2025-05-12,42,2,524,100,8,7.465,55.213,34,535,789
2025-05-19,42,2,394,206,25,7.465,55.213,34,535,789
2025-05-26,42,2,489,282,26,7.465,55.213,34,535,789
2025-06-02,42,2,376,238,12,7.465,55.213,34,535,789
2025-06-09,42,2,315,214,26,7.465,55.213,34,535,789
2025-06-16,42,2,434,140,20,7.465,55.213,34,535,789
2025-06-23,42,2,480,90,29,7.465,55.213,34,535,789
2025-06-30,42,2,467,188,20,7.465,55.213,34,535,789
2025-04-07,42,3,862,307,35,15.259,58.429,34,580,1099
2025-04-14,42,3,755,152,51,15.259,58.429,34,580,1099
2025-04-21,42,3,871,405,16,15.259,58.429,34,580,1099
2025-04-28,42,3,630,458,39,15.259,58.429,34,580,1099
2025-05-05,42,3,766,200,51,15.259,58.429,34,580,1099
2025-05-12,42,3,992,227,45,15.259,58.429,34,580,1099
2025-05-19,42,3,801,309,24,15.259,58.429,34,580,1099
2025-05-26,42,3,935,214,57,15.259,58.429,34,580,1099
2025-06-02,42,3,831,295,25,15.259,58.429,34,580,1099
2025-06-09,42,3,928,284,35,15.259,58.429,34,580,1099
2025-06-16,42,3,695,413,27,15.259,58.429,34,580,1099
2025-06-23,42,3,817,280,52,15.259,58.429,34,580,1099
2025-06-30,42,3,826,436,34,15.259,58.429,34,580,1099
2025-04-07,42,4,1605,455,101,35.228,76.226,34,810,2007
2025-04-14,42,4,1617,448,73,35.228,76.226,34,810,2007
2025-04-21,42,4,1444,468,42,35.228,76.226,34,810,2007
2025-04-28,42,4,1538,509,47,35.228,76.226,34,810,2007
2025-05-05,42,4,1065,783,56,35.228,76.226,34,810,2007
2025-05-12,42,4,1515,301,103,35.228,76.226,34,810,2007
2025-05-19,42,4,1762,556,96,35.228,76.226,34,810,2007
2025-05-26,42,4,1573,439,104,35.228,76.226,34,810,2007
2025-06-02,42,4,1838,497,36,35.228,76.226,34,810,2007
2025-06-09,42,4,1219,743,70,35.228,76.226,34,810,2007
2025-06-16,42,4,1263,596,105,35.228,76.226,34,810,2007
2025-06-23,42,4,1590,309,62,35.228,76.226,34,810,2007
2025-06-30,42,4,1399,888,89,35.228,76.226,34,810,2007
2025-04-07,42,5,1207,445,57,19.699,46.397,34,486,1155
2025-04-14,42,5,1115,574,45,19.699,46.397,34,486,1155
2025-04-21,42,5,1137,296,58,19.699,46.397,34,486,1155
2025-04-28,42,5,840,599,22,19.699,46.397,34,486,1155
2025-05-05,42,5,1410,299,67,19.699,46.397,34,486,1155
2025-05-12,42,5,1105,395,23,19.699,46.397,34,486,1155
2025-05-19,42,5,986,622,35,19.699,46.397,34,486,1155
2025-05-26,42,5,1023,782,36,19.699,46.397,34,486,1155
2025-06-02,42,5,1194,289,68,19.699,46.397,34,486,1155
2025-06-09,42,5,1143,219,68,19.699,46.397,34,486,1155
2025-06-16,42,5,1020,374,23,19.699,46.397,34,486,1155
2025-06-23,42,5,1149,543,59,19.699,46.397,34,486,1155
2025-06-30,42,5,1350,248,54,19.699,46.397,34,486,1155
2025-04-07,42,6,1106,338,42,21.172,61.976,34,630,1350
2025-04-14,42,6,935,237,58,21.172,61.976,34,630,1350
2025-04-21,42,6,1041,403,35,21.172,61.976,34,630,1350
2025-04-28,42,6,928,359,61,21.172,61.976,34,630,1350
2025-05-05,42,6,1044,202,67,21.172,61.976,34,630,1350
2025-05-12,42,6,1074,213,82,21.172,61.976,34,630,1350
2025-05-19,42,6,774,444,51,21.172,61.976,34,630,1350
2025-05-26,42,6,726,456,38,21.172,61.976,34,630,1350
2025-06-02,42,6,844,515,62,21.172,61.976,34,630,1350
2025-06-09,42,6,916,239,39,21.172,61.976,34,630,1350
2025-06-16,42,6,999,345,58,21.172,61.976,34,630,1350
2025-06-23,42,6,1014,713,63,21.172,61.976,34,630,1350
2025-06-30,42,6,844,379,33,21.172,61.976,34,630,1350
2025-04-07,42,7,942,364,41,22.14,78.388,34,783,1536
2025-04-14,42,7,726,571,84,22.14,78.388,34,783,1536
2025-04-21,42,7,793,551,70,22.14,78.388,34,783,1536
2025-04-28,42,7,674,516,45,22.14,78.388,34,783,1536
2025-05-05,42,7,775,518,54,22.14,78.388,34,783,1536
2025-05-12,42,7,739,549,25,22.14,78.388,34,783,1536
2025-05-19,42,7,682,503,65,22.14,78.388,34,783,1536
2025-05-26,42,7,913,296,39,22.14,78.388,34,783,1536
2025-06-02,42,7,748,477,28,22.14,78.388,34,783,1536
2025-06-09,42,7,989,296,36,22.14,78.388,34,783,1536
2025-06-16,42,7,949,425,56,22.14,78.388,34,783,1536
2025-06-23,42,7,922,486,49,22.14,78.388,34,783,1536
2025-06-30,42,7,1183,367,79,22.14,78.388,34,783,1536
2025-04-07,42,8,2280,999,112,46.481,81.862,34,909,2490
2025-04-14,42,8,2442,918,146,46.481,81.862,34,909,2490
2025-04-21,42,8,2695,747,126,46.481,81.862,34,909,2490
2025-04-28,42,8,2339,1350,172,46.481,81.862,34,909,2490
2025-05-05,42,8,2375,797,105,46.481,81.862,34,909,2490
2025-05-12,42,8,1739,1039,160,46.481,81.862,34,909,2490
2025-05-19,42,8,2366,1514,139,46.481,81.862,34,909,2490
2025-05-26,42,8,2086,1217,59,46.481,81.862,34,909,2490
2025-06-02,42,8,2368,426,73,46.481,81.862,34,909,2490
2025-06-09,42,8,3159,1128,94,46.481,81.862,34,909,2490
2025-06-16,42,8,2686,1261,153,46.481,81.862,34,909,2490
2025-06-23,42,8,2127,1693,64,46.481,81.862,34,909,2490
2025-06-30,42,8,2790,952,162,46.481,81.862,34,909,2490
2025-04-07,43,1,675,224,29,22.635,58.11,16,398,761
2025-04-14,43,1,765,330,26,22.635,58.11,16,398,761
2025-04-21,43,1,514,349,85,22.635,58.11,16,398,761
2025-04-28,43,1,768,260,28,22.635,58.11,16,398,761
2025-05-05,43,1,751,442,58,22.635,58.11,16,398,761
2025-05-12,43,1,766,313,63,22.635,58.11,16,398,761
2025-05-19,43,1,962,232,43,22.635,58.11,16,398,761
2025-05-26,43,1,608,369,85,22.635,58.11,16,398,761
2025-06-02,43,1,954,211,41,22.635,58.11,16,398,761
2025-06-09,43,1,671,545,81,22.635,58.11,16,398,761
2025-06-16,43,1,726,377,50,22.635,58.11,16,398,761
2025-06-23,43,1,742,378,28,22.635,58.11,16,398,761
2025-06-30,43,1,771,407,26,22.635,58.11,16,398,761
2025-04-07,43,2,983,481,134,36.766,73.899,16,519,1107
2025-04-14,43,2,756,582,132,36.766,73.899,16,519,1107
2025-04-21,43,2,1330,239,88,36.766,73.899,16,519,1107
2025-04-28,43,2,1359,250,96,36.766,73.899,16,519,1107
2025-05-05,43,2,1241,410,67,36.766,73.899,16,519,1107
2025-05-12,43,2,1201,494,110,36.766,73.899,16,519,1107
2025-05-19,43,2,1022,771,119,36.766,73.899,16,519,1107
2025-05-26,43,2,1405,303,77,36.766,73.899,16,519,1107
2025-06-02,43,2,1302,233,65,36.766,73.899,16,519,1107
2025-06-09,43,2,967,763,129,36.766,73.899,16,519,1107
2025-06-16,43,2,1470,413,105,36.766,73.899,16,519,1107
2025-06-23,43,2,1240,407,114,36.766,73.899,16,519,1107
2025-06-30,43,2,1112,617,132,36.766,73.899,16,519,1107
2025-04-07,43,3,195,57,48,17.81,50.912,16,346,631
2025-04-14,43,3,258,69,54,17.81,50.912,16,346,631
2025-04-21,43,3,236,51,23,17.81,50.912,16,346,631
2025-04-28,43,3,235,92,47,17.81,50.912,16,346,631
2025-05-05,43,3,206,46,22,17.81,50.912,16,346,631
2025-05-12,43,3,198,68,33,17.81,50.912,16,346,631
2025-05-19,43,3,200,69,64,17.81,50.912,16,346,631
2025-05-26,43,3,261,74,18,17.81,50.912,16,346,631
2025-06-02,43,3,223,78,67,17.81,50.912,16,346,631
2025-06-09,43,3,237,67,18,17.81,50.912,16,346,631
2025-06-16,43,3,233,43,56,17.81,50.912,16,346,631
2025-06-23,43,3,232,91,49,17.81,50.912,16,346,631
2025-06-30,43,3,290,86,20,17.81,50.912,16,346,631
2025-04-07,43,4,407,302,48,14.686,63.796,16,426,661
2025-04-14,43,4,438,162,38,14.686,63.796,16,426,661
2025-04-21,43,4,408,255,47,14.686,63.796,16,426,661
2025-04-28,43,4,482,250,56,14.686,63.796,16,426,661
2025-05-05,43,4,458,327,29,14.686,63.796,16,426,661
2025-05-12,43,4,419,228,53,14.686,63.796,16,426,661
2025-05-19,43,4,548,276,47,14.686,63.796,16,426,661
2025-05-26,43,4,497,341,43,14.686,63.796,16,426,661
2025-06-02,43,4,479,245,46,14.686,63.796,16,426,661
2025-06-09,43,4,484,374,48,14.686,63.796,16,426,661
2025-06-16,43,4,514,134,35,14.686,63.796,16,426,661
2025-06-23,43,4,508,224,20,14.686,63.796,16,426,661
2025-06-30,43,4,452,356,53,14.686,63.796,16,426,661
2025-04-07,43,5,648,268,92,29.364,73.128,16,503,972
2025-04-14,43,5,601,353,81,29.364,73.128,16,503,972
2025-04-21,43,5,769,362,87,29.364,73.128,16,503,972
2025-04-28,43,5,393,280,104,29.364,73.128,16,503,972
2025-05-05,43,5,834,236,99,29.364,73.128,16,503,972
2025-05-12,43,5,703,423,43,29.364,73.128,16,503,972
2025-05-19,43,5,657,381,32,29.364,73.128,16,503,972
2025-05-26,43,5,773,224,46,29.364,73.128,16,503,972
2025-06-02,43,5,681,339,75,29.364,73.128,16,503,972
2025-06-09,43,5,739,330,38,29.364,73.128,16,503,972
2025-06-16,43,5,813,473,57,29.364,73.128,16,503,972
2025-06-23,43,5,709,364,75,29.364,73.128,16,503,972
2025-06-30,43,5,762,486,59,29.364,73.128,16,503,972
2025-04-07,43,6,435,279,70,29.0,60.301,16,422,886
2025-04-14,43,6,464,226,103,29.0,60.301,16,422,886
2025-04-21,43,6,439,205,51,29.0,60.301,16,422,886
2025-04-28,43,6,529,118,94,29.0,60.301,16,422,886
2025-05-05,43,6,501,179,67,29.0,60.301,16,422,886
2025-05-12,43,6,551,208,43,29.0,60.301,16,422,886
2025-05-19,43,6,667,211,63,29.0,60.301,16,422,886
2025-05-26,43,6,349,258,44,29.0,60.301,16,422,886
2025-06-02,43,6,492,209,66,29.0,60.301,16,422,886
2025-06-09,43,6,446,240,100,29.0,60.301,16,422,886
2025-06-16,43,6,607,128,106,29.0,60.301,16,422,886
2025-06-23,43,6,657,180,78,29.0,60.301,16,422,886
2025-06-30,43,6,610,321,77,29.0,60.301,16,422,886
2025-04-07,43,7,287,234,12,9.53,56.393,16,374,527
2025-04-14,43,7,316,124,16,9.53,56.393,16,374,527
2025-04-21,43,7,399,154,18,9.53,56.393,16,374,527
2025-04-28,43,7,277,180,32,9.53,56.393,16,374,527
2025-05-05,43,7,399,147,38,9.53,56.393,16,374,527
2025-05-12,43,7,413,217,27,9.53,56.393,16,374,527
2025-05-19,43,7,502,162,29,9.53,56.393,16,374,527
2025-05-26,43,7,479,95,33,9.53,56.393,16,374,527
2025-06-02,43,7,436,93,30,9.53,56.393,16,374,527
2025-06-09,43,7,416,207,22,9.53,56.393,16,374,527
2025-06-16,43,7,435,185,30,9.53,56.393,16,374,527
2025-06-23,43,7,486,209,23,9.53,56.393,16,374,527
2025-06-30,43,7,409,250,25,9.53,56.393,16,374,527
2025-04-07,43,8,881,160,72,24.957,88.031,16,592,992
2025-04-14,43,8,594,197,77,24.957,88.031,16,592,992
2025-04-21,43,8,901,304,98,24.957,88.031,16,592,992
2025-04-28,43,8,579,290,98,24.957,88.031,16,592,992
2025-05-05,43,8,780,268,32,24.957,88.031,16,592,992
2025-05-12,43,8,726,480,70,24.957,88.031,16,592,992
2025-05-19,43,8,692,371,62,24.957,88.031,16,592,992
2025-05-26,43,8,786,340,32,24.957,88.031,16,592,992
2025-06-02,43,8,647,427,49,24.957,88.031,16,592,992
2025-06-09,43,8,633,478,31,24.957,88.031,16,592,992
2025-06-16,43,8,797,353,43,24.957,88.031,16,592,992
2025-06-23,43,8,693,405,78,24.957,88.031,16,592,992
2025-06-30,43,8,1141,286,66,24.957,88.031,16,592,992
2025-04-07,44,1,1012,576,27,19.599,70.711,34,705,1372
2025-04-14,44,1,1187,726,59,19.599,70.711,34,705,1372
2025-04-21,44,1,961,750,77,19.599,70.711,34,705,1372
2025-04-28,44,1,1314,669,77,19.599,70.711,34,705,1372
2025-05-05,44,1,1084,827,40,19.599,70.711,34,705,1372
2025-05-12,44,1,1718,352,65,19.599,70.711,34,705,1372
2025-05-19,44,1,962,763,44,19.599,70.711,34,705,1372
2025-05-26,44,1,1580,490,63,19.599,70.711,34,705,1372
2025-06-02,44,1,1427,506,72,19.599,70.711,34,705,1372
2025-06-09,44,1,1322,566,68,19.599,70.711,34,705,1372
2025-06-16,44,1,1475,388,26,19.599,70.711,34,705,1372
2025-06-23,44,1,1194,548,37,19.599,70.711,34,705,1372
2025-06-30,44,1,1580,306,40,19.599,70.711,34,705,1372
2025-04-07,44,2,1394,618,61,39.647,71.996,34,794,2142
2025-04-14,44,2,1380,640,75,39.647,71.996,34,794,2142
2025-04-21,44,2,1586,532,118,39.647,71.996,34,794,2142
2025-04-28,44,2,1814,464,108,39.647,71.996,34,794,2142
2025-05-05,44,2,1329,834,131,39.647,71.996,34,794,2142
2025-05-12,44,2,1565,477,142,39.647,71.996,34,794,2142
2025-05-19,44,2,1770,609,87,39.647,71.996,34,794,2142
2025-05-26,44,2,1570,824,42,39.647,71.996,34,794,2142
2025-06-02,44,2,1454,1166,149,39.647,71.996,34,794,2142
2025-06-09,44,2,1987,655,111,39.647,71.996,34,794,2142
2025-06-16,44,2,1675,715,140,39.647,71.996,34,794,2142
2025-06-23,44,2,1248,782,68,39.647,71.996,34,794,2142
2025-06-30,44,2,1230,845,149,39.647,71.996,34,794,2142
2025-04-07,44,3,877,615,95,28.066,66.518,34,696,1650
2025-04-14,44,3,793,340,81,28.066,66.518,34,696,1650
2025-04-21,44,3,1411,400,41,28.066,66.518,34,696,1650
2025-04-28,44,3,978,675,97,28.066,66.518,34,696,1650
2025-05-05,44,3,1427,293,67,28.066,66.518,34,696,1650
2025-05-12,44,3,1147,638,53,28.066,66.518,34,696,1650
2025-05-19,44,3,1200,230,72,28.066,66.518,34,696,1650
2025-05-26,44,3,1093,551,32,28.066,66.518,34,696,1650
2025-06-02,44,3,980,606,83,28.066,66.518,34,696,1650
2025-06-09,44,3,1630,357,68,28.066,66.518,34,696,1650
2025-06-16,44,3,1512,337,89,28.066,66.518,34,696,1650
2025-06-23,44,3,1113,255,111,28.066,66.518,34,696,1650
2025-06-30,44,3,1376,458,42,28.066,66.518,34,696,1650
2025-04-07,44,4,1807,346,92,24.129,58.325,34,608,1428
2025-04-14,44,4,1784,667,33,24.129,58.325,34,608,1428
2025-04-21,44,4,2483,563,29,24.129,58.325,34,608,1428
2025-04-28,44,4,2590,525,39,24.129,58.325,34,608,1428
2025-05-05,44,4,2018,802,39,24.129,58.325,34,608,1428
2025-05-12,44,4,1828,1030,85,24.129,58.325,34,608,1428
2025-05-19,44,4,1370,1097,72,24.129,58.325,34,608,1428
2025-05-26,44,4,2026,1080,71,24.129,58.325,34,608,1428
2025-06-02,44,4,1510,647,52,24.129,58.325,34,608,1428
2025-06-09,44,4,1678,1160,46,24.129,58.325,34,608,1428
2025-06-16,44,4,1889,1315,51,24.129,58.325,34,608,1428
2025-06-23,44,4,2201,423,96,24.129,58.325,34,608,1428
2025-06-30,44,4,1316,1006,32,24.129,58.325,34,608,1428
2025-04-07,44,5,660,339,23,16.261,68.041,34,672,1225
2025-04-14,44,5,854,212,48,16.261,68.041,34,672,1225
2025-04-21,44,5,790,210,42,16.261,68.041,34,672,1225
2025-04-28,44,5,539,335,58,16.261,68.041,34,672,1225
2025-05-05,44,5,733,241,22,16.261,68.041,34,672,1225
2025-05-12,44,5,773,291,61,16.261,68.041,34,672,1225
2025-05-19,44,5,708,168,56,16.261,68.041,34,672,1225
2025-05-26,44,5,653,241,25,16.261,68.041,34,672,1225
2025-06-02,44,5,655,218,62,16.261,68.041,34,672,1225
2025-06-09,44,5,766,358,52,16.261,68.041,34,672,1225
2025-06-16,44,5,738,410,32,16.261,68.041,34,672,1225
2025-06-23,44,5,745,212,22,16.261,68.041,34,672,1225
2025-06-30,44,5,587,314,60,16.261,68.041,34,672,1225
2025-04-07,44,6,552,101,21,8.33,67.269,34,650,934
2025-04-14,44,6,540,197,16,8.33,67.269,34,650,934
2025-04-21,44,6,560,253,23,8.33,67.269,34,650,934
2025-04-28,44,6,557,220,12,8.33,67.269,34,650,934
2025-05-05,44,6,509,213,9,8.33,67.269,34,650,934
2025-05-12,44,6,691,135,33,8.33,67.269,34,650,934
2025-05-19,44,6,470,271,28,8.33,67.269,34,650,934
2025-05-26,44,6,560,343,18,8.33,67.269,34,650,934
2025-06-02,44,6,616,133,32,8.33,67.269,34,650,934
2025-06-09,44,6,559,235,9,8.33,67.269,34,650,934
2025-06-16,44,6,522,176,13,8.33,67.269,34,650,934
2025-06-23,44,6,601,147,24,8.33,67.269,34,650,934
2025-06-30,44,6,443,356,32,8.33,67.269,34,650,934
2025-04-07,44,7,1190,284,61,31.515,66.673,34,711,1783
2025-04-14,44,7,980,773,71,31.515,66.673,34,711,1783
2025-04-21,44,7,1129,269,82,31.515,66.673,34,711,1783
2025-04-28,44,7,816,403,34,31.515,66.673,34,711,1783
2025-05-05,44,7,1028,589,96,31.515,66.673,34,711,1783
2025-05-12,44,7,1082,368,61,31.515,66.673,34,711,1783
2025-05-19,44,7,931,297,69,31.515,66.673,34,711,1783
2025-05-26,44,7,1042,321,119,31.515,66.673,34,711,1783
2025-06-02,44,7,821,513,104,31.515,66.673,34,711,1783
2025-06-09,44,7,1130,363,82,31.515,66.673,34,711,1783
2025-06-16,44,7,827,631,70,31.515,66.673,34,711,1783
2025-06-23,44,7,1107,363,125,31.515,66.673,34,711,1783
2025-06-30,44,7,891,504,85,31.515,66.673,34,711,1783
2025-04-07,44,8,947,560,26,23.173,70.346,34,712,1500
2025-04-14,44,8,836,636,24,23.173,70.346,34,712,1500
2025-04-21,44,8,1061,325,75,23.173,70.346,34,712,1500
2025-04-28,44,8,1311,261,52,23.173,70.346,34,712,1500
2025-05-05,44,8,1227,453,70,23.173,70.346,34,712,1500
2025-05-12,44,8,1081,708,86,23.173,70.346,34,712,1500
2025-05-19,44,8,1316,303,90,23.173,70.346,34,712,1500
2025-05-26,44,8,1078,570,79,23.173,70.346,34,712,1500
2025-06-02,44,8,687,547,33,23.173,70.346,34,712,1500
2025-06-09,44,8,1076,445,77,23.173,70.346,34,712,1500
2025-06-16,44,8,935,307,60,23.173,70.346,34,712,1500
2025-06-23,44,8,1178,447,69,23.173,70.346,34,712,1500
2025-06-30,44,8,1216,531,68,23.173,70.346,34,712,1500
2025-04-07,45,1,1178,245,52,22.018,70.021,34,706,1455
2025-04-14,45,1,932,432,62,22.018,70.021,34,706,1455
2025-04-21,45,1,850,663,69,22.018,70.021,34,706,1455
2025-04-28,45,1,1208,247,61,22.018,70.021,34,706,1455
2025-05-05,45,1,812,612,48,22.018,70.021,34,706,1455
2025-05-12,45,1,961,621,33,22.018,70.021,34,706,1455
2025-05-19,45,1,1133,601,48,22.018,70.021,34,706,1455
2025-05-26,45,1,1183,386,75,22.018,70.021,34,706,1455
2025-06-02,45,1,896,402,65,22.018,70.021,34,706,1455
2025-06-09,45,1,1041,481,36,22.018,70.021,34,706,1455
2025-06-16,45,1,1135,628,31,22.018,70.021,34,706,1455
2025-06-23,45,1,950,390,74,22.018,70.021,34,706,1455
2025-06-30,45,1,908,612,67,22.018,70.021,34,706,1455
2025-04-07,45,2,653,247,12,11.165,69.961,34,680,1060
2025-04-14,45,2,618,141,17,11.165,69.961,34,680,1060
2025-04-21,45,2,678,199,26,11.165,69.961,34,680,1060
2025-04-28,45,2,480,344,11,11.165,69.961,34,680,1060
2025-05-05,45,2,614,197,33,11.165,69.961,34,680,1060
2025-05-12,45,2,485,327,38,11.165,69.961,34,680,1060
2025-05-19,45,2,534,240,24,11.165,69.961,34,680,1060
2025-05-26,45,2,479,347,29,11.165,69.961,34,680,1060
2025-06-02,45,2,540,267,31,11.165,69.961,34,680,1060
2025-06-09,45,2,491,391,12,11.165,69.961,34,680,1060
2025-06-16,45,2,422,312,44,11.165,69.961,34,680,1060
2025-06-23,45,2,679,295,18,11.165,69.961,34,680,1060
2025-06-30,45,2,615,270,25,11.165,69.961,34,680,1060
2025-04-07,45,3,1778,688,140,43.341,72.404,34,816,2289
2025-04-14,45,3,1081,783,142,43.341,72.404,34,816,2289
2025-04-21,45,3,2309,435,95,43.341,72.404,34,816,2289
2025-04-28,45,3,1478,800,125,43.341,72.404,34,816,2289
2025-05-05,45,3,1131,777,105,43.341,72.404,34,816,2289
2025-05-12,45,3,1516,992,150,43.341,72.404,34,816,2289
2025-05-19,45,3,1488,482,139,43.341,72.404,34,816,2289
2025-05-26,45,3,1557,524,102,43.341,72.404,34,816,2289
2025-06-02,45,3,1338,973,144,43.341,72.404,34,816,2289
2025-06-09,45,3,1914,647,149,43.341,72.404,34,816,2289
2025-06-16,45,3,1337,937,47,43.341,72.404,34,816,2289
2025-06-23,45,3,1214,963,92,43.341,72.404,34,816,2289
2025-06-30,45,3,2167,530,151,43.341,72.404,34,816,2289
2025-04-07,45,4,562,248,10,6.314,73.946,34,712,927
2025-04-14,45,4,530,270,25,6.314,73.946,34,712,927
2025-04-21,45,4,584,169,11,6.314,73.946,34,712,927
2025-04-28,45,4,611,254,11,6.314,73.946,34,712,927
2025-05-05,45,4,517,218,21,6.314,73.946,34,712,927
2025-05-12,45,4,641,223,11,6.314,73.946,34,712,927
2025-05-19,45,4,411,173,19,6.314,73.946,34,712,927
2025-05-26,45,4,581,166,11,6.314,73.946,34,712,927
2025-06-02,45,4,493,254,16,6.314,73.946,34,712,927
2025-06-09,45,4,490,166,9,6.314,73.946,34,712,927
2025-06-16,45,4,399,295,24,6.314,73.946,34,712,927
2025-06-23,45,4,670,132,12,6.314,73.946,34,712,927
2025-06-30,45,4,688,152,17,6.314,73.946,34,712,927
2025-04-07,45,5,812,610,42,20.81,67.194,34,676,1384
2025-04-14,45,5,1039,365,78,20.81,67.194,34,676,1384
2025-04-21,45,5,1033,452,73,20.81,67.194,34,676,1384
2025-04-28,45,5,1151,317,40,20.81,67.194,34,676,1384
2025-05-05,45,5,1007,382,66,20.81,67.194,34,676,1384
2025-05-12,45,5,1184,352,77,20.81,67.194,34,676,1384
2025-05-19,45,5,910,713,39,20.81,67.194,34,676,1384
2025-05-26,45,5,803,652,33,20.81,67.194,34,676,1384
2025-06-02,45,5,805,651,81,20.81,67.194,34,676,1384
2025-06-09,45,5,854,425,24,20.81,67.194,34,676,1384
2025-06-16,45,5,1089,349,24,20.81,67.194,34,676,1384
2025-06-23,45,5,1065,363,48,20.81,67.194,34,676,1384
2025-06-30,45,5,1012,610,73,20.81,67.194,34,676,1384
2025-04-07,45,6,645,501,71,27.287,61.453,34,648,1576
2025-04-14,45,6,887,475,93,27.287,61.453,34,648,1576
2025-04-21,45,6,1112,307,63,27.287,61.453,34,648,1576
2025-04-28,45,6,693,444,68,27.287,61.453,34,648,1576
2025-05-05,45,6,1134,321,56,27.287,61.453,34,648,1576
2025-05-12,45,6,691,500,64,27.287,61.453,34,648,1576
2025-05-19,45,6,862,472,50,27.287,61.453,34,648,1576
2025-05-26,45,6,818,446,42,27.287,61.453,34,648,1576
2025-06-02,45,6,1255,222,108,27.287,61.453,34,648,1576
2025-06-09,45,6,776,624,63,27.287,61.453,34,648,1576
2025-06-16,45,6,1211,309,60,27.287,61.453,34,648,1576
2025-06-23,45,6,885,239,97,27.287,61.453,34,648,1576
2025-06-30,45,6,817,292,52,27.287,61.453,34,648,1576
2025-04-07,45,7,1358,367,99,29.303,68.983,34,722,1718
2025-04-14,45,7,1118,415,105,29.303,68.983,34,722,1718
2025-04-21,45,7,1339,453,79,29.303,68.983,34,722,1718
2025-04-28,45,7,1235,315,74,29.303,68.983,34,722,1718
2025-05-05,45,7,1136,498,93,29.303,68.983,34,722,1718
2025-05-12,45,7,967,784,51,29.303,68.983,34,722,1718
2025-05-19,45,7,1213,495,109,29.303,68.983,34,722,1718
2025-05-26,45,7,1073,583,42,29.303,68.983,34,722,1718
2025-06-02,45,7,932,698,77,29.303,68.983,34,722,1718
2025-06-09,45,7,1397,479,75,29.303,68.983,34,722,1718
2025-06-16,45,7,1366,297,32,29.303,68.983,34,722,1718
2025-06-23,45,7,1216,544,61,29.303,68.983,34,722,1718
2025-06-30,45,7,1160,891,47,29.303,68.983,34,722,1718
2025-04-07,45,8,556,442,53,13.544,70.719,34,691,1152
2025-04-14,45,8,828,355,34,13.544,70.719,34,691,1152
2025-04-21,45,8,820,510,24,13.544,70.719,34,691,1152
2025-04-28,45,8,844,405,36,13.544,70.719,34,691,1152
2025-05-05,45,8,738,451,34,13.544,70.719,34,691,1152
2025-05-12,45,8,1079,265,33,13.544,70.719,34,691,1152
2025-05-19,45,8,721,471,26,13.544,70.719,34,691,1152
2025-05-26,45,8,639,435,16,13.544,70.719,34,691,1152
2025-06-02,45,8,887,385,18,13.544,70.719,34,691,1152
2025-06-09,45,8,856,318,26,13.544,70.719,34,691,1152
2025-06-16,45,8,800,281,21,13.544,70.719,34,691,1152
2025-06-23,45,8,892,372,52,13.544,70.719,34,691,1152
2025-06-30,45,8,685,484,36,13.544,70.719,34,691,1152
2025-04-07,46,1,1562,783,115,35.985,59.399,45,809,2428
2025-04-14,46,1,1722,855,95,35.985,59.399,45,809,2428
2025-04-21,46,1,1968,1508,95,35.985,59.399,45,809,2428
2025-04-28,46,1,2465,928,41,35.985,59.399,45,809,2428
2025-05-05,46,1,2712,746,97,35.985,59.399,45,809,2428
2025-05-12,46,1,2816,515,118,35.985,59.399,45,809,2428
2025-05-19,46,1,1584,1107,85,35.985,59.399,45,809,2428
2025-05-26,46,1,2061,1246,64,35.985,59.399,45,809,2428
2025-06-02,46,1,2279,1053,121,35.985,59.399,45,809,2428
2025-06-09,46,1,1926,596,44,35.985,59.399,45,809,2428
2025-06-16,46,1,2217,841,81,35.985,59.399,45,809,2428
2025-06-23,46,1,1891,403,44,35.985,59.399,45,809,2428
2025-06-30,46,1,1712,1231,76,35.985,59.399,45,809,2428
2025-04-07,46,2,1337,371,57,18.173,67.496,45,782,1600
2025-04-14,46,2,1169,425,47,18.173,67.496,45,782,1600
2025-04-21,46,2,1014,602,58,18.173,67.496,45,782,1600
2025-04-28,46,2,1204,274,72,18.173,67.496,45,782,1600
2025-05-05,46,2,1101,548,33,18.173,67.496,45,782,1600
2025-05-12,46,2,1035,405,36,18.173,67.496,45,782,1600
2025-05-19,46,2,1116,469,22,18.173,67.496,45,782,1600
2025-05-26,46,2,1124,224,23,18.173,67.496,45,782,1600
2025-06-02,46,2,1181,504,46,18.173,67.496,45,782,1600
2025-06-09,46,2,967,311,42,18.173,67.496,45,782,1600
2025-06-16,46,2,1126,530,41,18.173,67.496,45,782,1600
2025-06-23,46,2,891,660,50,18.173,67.496,45,782,1600
2025-06-30,46,2,762,523,49,18.173,67.496,45,782,1600
2025-04-07,46,3,967,332,56,23.856,63.02,45,763,1837
2025-04-14,46,3,1033,486,28,23.856,63.02,45,763,1837
2025-04-21,46,3,1079,262,43,23.856,63.02,45,763,1837
2025-04-28,46,3,877,296,52,23.856,63.02,45,763,1837
2025-05-05,46,3,895,495,53,23.856,63.02,45,763,1837
2025-05-12,46,3,978,434,68,23.856,63.02,45,763,1837
2025-05-19,46,3,905,611,31,23.856,63.02,45,763,1837
2025-05-26,46,3,928,316,84,23.856,63.02,45,763,1837
2025-06-02,46,3,669,532,69,23.856,63.02,45,763,1837
2025-06-09,46,3,750,326,84,23.856,63.02,45,763,1837
2025-06-16,46,3,786,488,66,23.856,63.02,45,763,1837
2025-06-23,46,3,895,247,77,23.856,63.02,45,763,1837
2025-06-30,46,3,886,259,65,23.856,63.02,45,763,1837
2025-04-07,46,4,1055,222,16,5.989,64.288,45,714,983
2025-04-14,46,4,848,430,23,5.989,64.288,45,714,983
2025-04-21,46,4,1024,200,19,5.989,64.288,45,714,983
2025-04-28,46,4,938,354,14,5.989,64.288,45,714,983
2025-05-05,46,4,897,433,23,5.989,64.288,45,714,983
2025-05-12,46,4,1016,366,21,5.989,64.288,45,714,983
2025-05-19,46,4,749,600,13,5.989,64.288,45,714,983
2025-05-26,46,4,797,431,13,5.989,64.288,45,714,983
2025-06-02,46,4,740,379,12,5.989,64.288,45,714,983
2025-06-09,46,4,916,568,19,5.989,64.288,45,714,983
2025-06-16,46,4,884,238,11,5.989,64.288,45,714,983
2025-06-23,46,4,1034,185,17,5.989,64.288,45,714,983
2025-06-30,46,4,811,348,22,5.989,64.288,45,714,983
2025-04-07,46,5,954,223,110,39.006,74.969,45,974,2729
2025-04-14,46,5,990,295,53,39.006,74.969,45,974,2729
2025-04-21,46,5,901,351,152,39.006,74.969,45,974,2729
2025-04-28,46,5,607,278,93,39.006,74.969,45,974,2729
2025-05-05,46,5,780,440,44,39.006,74.969,45,974,2729
2025-05-12,46,5,887,292,78,39.006,74.969,45,974,2729
2025-05-19,46,5,879,282,94,39.006,74.969,45,974,2729
2025-05-26,46,5,735,266,127,39.006,74.969,45,974,2729
2025-06-02,46,5,809,569,150,39.006,74.969,45,974,2729
2025-06-09,46,5,856,176,44,39.006,74.969,45,974,2729
2025-06-16,46,5,738,337,43,39.006,74.969,45,974,2729
2025-06-23,46,5,810,172,76,39.006,74.969,45,974,2729
2025-06-30,46,5,657,389,44,39.006,74.969,45,974,2729
2025-04-07,46,6,505,181,11,6.093,51.028,45,569,843
2025-04-14,46,6,720,259,11,6.093,51.028,45,569,843
2025-04-21,46,6,648,130,13,6.093,51.028,45,569,843
2025-04-28,46,6,508,390,23,6.093,51.028,45,569,843
2025-05-05,46,6,458,321,8,6.093,51.028,45,569,843
2025-05-12,46,6,604,328,18,6.093,51.028,45,569,843
2025-05-19,46,6,672,142,12,6.093,51.028,45,569,843
2025-05-26,46,6,618,133,6,6.093,51.028,45,569,843
2025-06-02,46,6,571,197,16,6.093,51.028,45,569,843
2025-06-09,46,6,502,353,11,6.093,51.028,45,569,843
2025-06-16,46,6,582,137,17,6.093,51.028,45,569,843
2025-06-23,46,6,650,181,15,6.093,51.028,45,569,843
2025-06-30,46,6,566,258,7,6.093,51.028,45,569,843
2025-04-07,46,7,1998,1039,87,31.343,92.141,45,1097,2508
2025-04-14,46,7,1688,854,37,31.343,92.141,45,1097,2508
2025-04-21,46,7,1658,841,66,31.343,92.141,45,1097,2508
2025-04-28,46,7,1481,789,117,31.343,92.141,45,1097,2508
2025-05-05,46,7,2223,694,70,31.343,92.141,45,1097,2508
2025-05-12,46,7,1458,687,121,31.343,92.141,45,1097,2508
2025-05-19,46,7,1600,640,119,31.343,92.141,45,1097,2508
2025-05-26,46,7,1537,1099,55,31.343,92.141,45,1097,2508
2025-06-02,46,7,1804,783,123,31.343,92.141,45,1097,2508
2025-06-09,46,7,1826,379,67,31.343,92.141,45,1097,2508
2025-06-16,46,7,1229,859,35,31.343,92.141,45,1097,2508
2025-06-23,46,7,2078,397,107,31.343,92.141,45,1097,2508
2025-06-30,46,7,1224,511,58,31.343,92.141,45,1097,2508
2025-04-07,46,8,1085,549,62,30.507,73.285,45,903,2276
2025-04-14,46,8,1151,446,42,30.507,73.285,45,903,2276
2025-04-21,46,8,1027,523,101,30.507,73.285,45,903,2276
2025-04-28,46,8,1470,457,110,30.507,73.285,45,903,2276
2025-05-05,46,8,1320,497,83,30.507,73.285,45,903,2276
2025-05-12,46,8,1127,402,102,30.507,73.285,45,903,2276
2025-05-19,46,8,921,636,84,30.507,73.285,45,903,2276
2025-05-26,46,8,1079,746,109,30.507,73.285,45,903,2276
2025-06-02,46,8,794,611,121,30.507,73.285,45,903,2276
2025-06-09,46,8,901,547,51,30.507,73.285,45,903,2276
2025-06-16,46,8,1204,680,97,30.507,73.285,45,903,2276
2025-06-23,46,8,1275,362,42,30.507,73.285,45,903,2276
2025-06-30,46,8,1426,511,76,30.507,73.285,45,903,2276
2025-04-07,47,1,1884,1046,38,26.164,64.963,42,755,1854
2025-04-14,47,1,2077,657,85,26.164,64.963,42,755,1854
2025-04-21,47,1,2335,679,38,26.164,64.963,42,755,1854
2025-04-28,47,1,1930,940,33,26.164,64.963,42,755,1854
2025-05-05,47,1,1966,475,88,26.164,64.963,42,755,1854
2025-05-12,47,1,1648,1163,92,26.164,64.963,42,755,1854
2025-05-19,47,1,1436,1007,58,26.164,64.963,42,755,1854
2025-05-26,47,1,1827,419,64,26.164,64.963,42,755,1854
2025-06-02,47,1,1875,432,34,26.164,64.963,42,755,1854
2025-06-09,47,1,1427,765,99,26.164,64.963,42,755,1854
2025-06-16,47,1,1526,391,39,26.164,64.963,42,755,1854
2025-06-23,47,1,1365,542,45,26.164,64.963,42,755,1854
2025-06-30,47,1,1300,903,72,26.164,64.963,42,755,1854
2025-04-07,47,2,1033,606,79,22.357,63.226,42,722,1661
2025-04-14,47,2,1442,395,66,22.357,63.226,42,722,1661
2025-04-21,47,2,1498,404,83,22.357,63.226,42,722,1661
2025-04-28,47,2,893,542,56,22.357,63.226,42,722,1661
2025-05-05,47,2,1198,486,69,22.357,63.226,42,722,1661
2025-05-12,47,2,995,606,46,22.357,63.226,42,722,1661
2025-05-19,47,2,1264,513,60,22.357,63.226,42,722,1661
2025-05-26,47,2,868,600,74,22.357,63.226,42,722,1661
2025-06-02,47,2,1352,663,59,22.357,63.226,42,722,1661
2025-06-09,47,2,1315,337,77,22.357,63.226,42,722,1661
2025-06-16,47,2,837,503,52,22.357,63.226,42,722,1661
2025-06-23,47,2,1223,272,72,22.357,63.226,42,722,1661
2025-06-30,47,2,738,425,58,22.357,63.226,42,722,1661
2025-04-07,47,3,413,237,27,6.878,52.917,42,570,859
2025-04-14,47,3,456,197,26,6.878,52.917,42,570,859
2025-04-21,47,3,377,254,14,6.878,52.917,42,570,859
2025-04-28,47,3,482,192,27,6.878,52.917,42,570,859
2025-05-05,47,3,439,203,14,6.878,52.917,42,570,859
2025-05-12,47,3,446,259,11,6.878,52.917,42,570,859
2025-05-19,47,3,541,113,15,6.878,52.917,42,570,859
2025-05-26,47,3,389,222,15,6.878,52.917,42,570,859
2025-06-02,47,3,385,286,12,6.878,52.917,42,570,859
2025-06-09,47,3,392,236,21,6.878,52.917,42,570,859
2025-06-16,47,3,481,146,16,6.878,52.917,42,570,859
2025-06-23,47,3,451,279,16,6.878,52.917,42,570,859
2025-06-30,47,3,493,151,25,6.878,52.917,42,570,859
2025-04-07,47,4,1787,1357,50,29.927,79.62,42,916,2173
2025-04-14,47,4,1902,1171,97,29.927,79.62,42,916,2173
2025-04-21,47,4,2058,1317,55,29.927,79.62,42,916,2173
2025-04-28,47,4,2168,523,79,29.927,79.62,42,916,2173
2025-05-05,47,4,1569,1061,93,29.927,79.62,42,916,2173
2025-05-12,47,4,1713,908,82,29.927,79.62,42,916,2173
2025-05-19,47,4,2227,764,75,29.927,79.62,42,916,2173
2025-05-26,47,4,2537,450,53,29.927,79.62,42,916,2173
2025-06-02,47,4,1924,377,66,29.927,79.62,42,916,2173
2025-06-09,47,4,2157,847,95,29.927,79.62,42,916,2173
2025-06-16,47,4,1773,736,113,29.927,79.62,42,916,2173
2025-06-23,47,4,2353,461,96,29.927,79.62,42,916,2173
2025-06-30,47,4,1792,665,62,29.927,79.62,42,916,2173
2025-04-07,47,5,695,422,46,12.446,52.025,42,573,1096
2025-04-14,47,5,650,458,35,12.446,52.025,42,573,1096
2025-04-21,47,5,858,228,39,12.446,52.025,42,573,1096
2025-04-28,47,5,679,424,46,12.446,52.025,42,573,1096
2025-05-05,47,5,893,194,46,12.446,52.025,42,573,1096
2025-05-12,47,5,758,525,47,12.446,52.025,42,573,1096
2025-05-19,47,5,739,370,23,12.446,52.025,42,573,1096
2025-05-26,47,5,625,429,22,12.446,52.025,42,573,1096
2025-06-02,47,5,844,206,41,12.446,52.025,42,573,1096
2025-06-09,47,5,813,191,13,12.446,52.025,42,573,1096
2025-06-16,47,5,931,233,47,12.446,52.025,42,573,1096
2025-06-23,47,5,852,292,38,12.446,52.025,42,573,1096
2025-06-30,47,5,697,287,44,12.446,52.025,42,573,1096
2025-04-07,47,6,1437,1089,114,30.994,77.601,42,901,2203
2025-04-14,47,6,1745,368,42,30.994,77.601,42,901,2203
2025-04-21,47,6,1941,490,105,30.994,77.601,42,901,2203
2025-04-28,47,6,1460,331,57,30.994,77.601,42,901,2203
2025-05-05,47,6,1438,571,41,30.994,77.601,42,901,2203
2025-05-12,47,6,1853,597,73,30.994,77.601,42,901,2203
2025-05-19,47,6,1265,763,107,30.994,77.601,42,901,2203
2025-05-26,47,6,1918,441,42,30.994,77.601,42,901,2203
2025-06-02,47,6,1139,772,33,30.994,77.601,42,901,2203
2025-06-09,47,6,1718,389,81,30.994,77.601,42,901,2203
2025-06-16,47,6,1287,745,116,30.994,77.601,42,901,2203
2025-06-23,47,6,1639,503,51,30.994,77.601,42,901,2203
2025-06-30,47,6,1325,535,88,30.994,77.601,42,901,2203
2025-04-07,47,7,1401,910,95,45.02,70.511,42,913,2804
2025-04-14,47,7,1733,558,167,45.02,70.511,42,913,2804
2025-04-21,47,7,1941,509,97,45.02,70.511,42,913,2804
2025-04-28,47,7,1467,491,111,45.02,70.511,42,913,2804
2025-05-05,47,7,1527,497,93,45.02,70.511,42,913,2804
2025-05-12,47,7,1884,360,107,45.02,70.511,42,913,2804
2025-05-19,47,7,1405,867,110,45.02,70.511,42,913,2804
2025-05-26,47,7,1261,700,143,45.02,70.511,42,913,2804
2025-06-02,47,7,1520,413,122,45.02,70.511,42,913,2804
2025-06-09,47,7,1213,728,178,45.02,70.511,42,913,2804
2025-06-16,47,7,1446,675,127,45.02,70.511,42,913,2804
2025-06-23,47,7,1750,469,66,45.02,70.511,42,913,2804
2025-06-30,47,7,1407,654,54,45.02,70.511,42,913,2804
2025-04-07,47,8,1628,742,40,20.336,73.236,42,815,1669
2025-04-14,47,8,1511,769,61,20.336,73.236,42,815,1669
2025-04-21,47,8,1824,407,73,20.336,73.236,42,815,1669
2025-04-28,47,8,1880,556,48,20.336,73.236,42,815,1669
2025-05-05,47,8,1723,326,71,20.336,73.236,42,815,1669
2025-05-12,47,8,1759,895,76,20.336,73.236,42,815,1669
2025-05-19,47,8,1570,435,44,20.336,73.236,42,815,1669
2025-05-26,47,8,1613,322,63,20.336,73.236,42,815,1669
2025-06-02,47,8,1256,979,39,20.336,73.236,42,815,1669
2025-06-09,47,8,1496,566,53,20.336,73.236,42,815,1669
2025-06-16,47,8,1144,858,69,20.336,73.236,42,815,1669
2025-06-23,47,8,1492,671,54,20.336,73.236,42,815,1669
2025-06-30,47,8,1280,902,47,20.336,73.236,42,815,1669
2025-04-07,48,1,483,180,59,28.539,56.413,33,603,1545
2025-04-14,48,1,439,280,69,28.539,56.413,33,603,1545
2025-04-21,48,1,523,154,75,28.539,56.413,33,603,1545
2025-04-28,48,1,494,159,65,28.539,56.413,33,603,1545
2025-05-05,48,1,415,261,99,28.539,56.413,33,603,1545
2025-05-12,48,1,507,157,51,28.539,56.413,33,603,1545
2025-05-19,48,1,422,203,91,28.539,56.413,33,603,1545
2025-05-26,48,1,437,326,38,28.539,56.413,33,603,1545
2025-06-02,48,1,619,121,30,28.539,56.413,33,603,1545
2025-06-09,48,1,427,153,107,28.539,56.413,33,603,1545
2025-06-16,48,1,532,223,48,28.539,56.413,33,603,1545
2025-06-23,48,1,389,247,81,28.539,56.413,33,603,1545
2025-06-30,48,1,513,193,49,28.539,56.413,33,603,1545
2025-04-07,48,2,974,330,32,11.962,73.616,33,706,1100
2025-04-14,48,2,1015,549,45,11.962,73.616,33,706,1100
2025-04-21,48,2,946,278,35,11.962,73.616,33,706,1100
2025-04-28,48,2,1329,362,23,11.962,73.616,33,706,1100
2025-05-05,48,2,808,520,14,11.962,73.616,33,706,1100
2025-05-12,48,2,953,668,24,11.962,73.616,33,706,1100
2025-05-19,48,2,898,633,38,11.962,73.616,33,706,1100
2025-05-26,48,2,1114,496,23,11.962,73.616,33,706,1100
2025-06-02,48,2,1225,393,27,11.962,73.616,33,706,1100
2025-06-09,48,2,1049,462,35,11.962,73.616,33,706,1100
2025-06-16,48,2,1114,439,29,11.962,73.616,33,706,1100
2025-06-23,48,2,1189,422,17,11.962,73.616,33,706,1100
2025-06-30,48,2,1398,265,41,11.962,73.616,33,706,1100
2025-04-07,48,3,819,240,48,38.343,102.29,33,1038,2303
2025-04-14,48,3,605,367,109,38.343,102.29,33,1038,2303
2025-04-21,48,3,829,212,64,38.343,102.29,33,1038,2303
2025-04-28,48,3,612,372,142,38.343,102.29,33,1038,2303
2025-05-05,48,3,931,303,140,38.343,102.29,33,1038,2303
2025-05-12,48,3,543,404,39,38.343,102.29,33,1038,2303
2025-05-19,48,3,842,287,150,38.343,102.29,33,1038,2303
2025-05-26,48,3,776,313,119,38.343,102.29,33,1038,2303
2025-06-02,48,3,687,386,145,38.343,102.29,33,1038,2303
2025-06-09,48,3,656,306,108,38.343,102.29,33,1038,2303
2025-06-16,48,3,672,521,80,38.343,102.29,33,1038,2303
2025-06-23,48,3,708,336,117,38.343,102.29,33,1038,2303
2025-06-30,48,3,731,418,108,38.343,102.29,33,1038,2303
2025-04-07,48,4,789,166,51,36.981,77.913,33,822,2042
2025-04-14,48,4,513,408,43,36.981,77.913,33,822,2042
2025-04-21,48,4,780,277,59,36.981,77.913,33,822,2042
2025-04-28,48,4,482,273,73,36.981,77.913,33,822,2042
2025-05-05,48,4,876,169,142,36.981,77.913,33,822,2042
2025-05-12,48,4,616,321,60,36.981,77.913,33,822,2042
2025-05-19,48,4,607,283,95,36.981,77.913,33,822,2042
2025-05-26,48,4,626,292,91,36.981,77.913,33,822,2042
2025-06-02,48,4,515,294,100,36.981,77.913,33,822,2042
2025-06-09,48,4,701,237,73,36.981,77.913,33,822,2042
2025-06-16,48,4,630,389,106,36.981,77.913,33,822,2042
2025-06-23,48,4,573,378,100,36.981,77.913,33,822,2042
2025-06-30,48,4,735,180,63,36.981,77.913,33,822,2042
2025-04-07,48,5,513,256,102,28.178,62.142,33,650,1580
2025-04-14,48,5,410,299,42,28.178,62.142,33,650,1580
2025-04-21,48,5,551,104,84,28.178,62.142,33,650,1580
2025-04-28,48,5,525,203,35,28.178,62.142,33,650,1580
2025-05-05,48,5,554,134,96,28.178,62.142,33,650,1580
2025-05-12,48,5,513,233,72,28.178,62.142,33,650,1580
2025-05-19,48,5,367,248,76,28.178,62.142,33,650,1580
2025-05-26,48,5,461,220,71,28.178,62.142,33,650,1580
2025-06-02,48,5,624,196,92,28.178,62.142,33,650,1580
2025-06-09,48,5,512,213,76,28.178,62.142,33,650,1580
2025-06-16,48,5,501,333,108,28.178,62.142,33,650,1580
2025-06-23,48,5,521,380,74,28.178,62.142,33,650,1580
2025-06-30,48,5,558,136,107,28.178,62.142,33,650,1580
2025-04-07,48,6,657,410,61,19.476,65.264,33,646,1289
2025-04-14,48,6,938,199,43,19.476,65.264,33,646,1289
2025-04-21,48,6,560,436,43,19.476,65.264,33,646,1289
2025-04-28,48,6,507,392,34,19.476,65.264,33,646,1289
2025-05-05,48,6,542,292,29,19.476,65.264,33,646,1289
2025-05-12,48,6,750,162,51,19.476,65.264,33,646,1289
2025-05-19,48,6,843,167,37,19.476,65.264,33,646,1289
2025-05-26,48,6,750,377,65,19.476,65.264,33,646,1289
2025-06-02,48,6,662,438,42,19.476,65.264,33,646,1289
2025-06-09,48,6,896,285,50,19.476,65.264,33,646,1289
2025-06-16,48,6,940,248,54,19.476,65.264,33,646,1289
2025-06-23,48,6,772,210,46,19.476,65.264,33,646,1289
2025-06-30,48,6,612,300,71,19.476,65.264,33,646,1289
2025-04-07,48,7,588,117,25,15.678,103.714,33,992,1510
2025-04-14,48,7,477,227,26,15.678,103.714,33,992,1510
2025-04-21,48,7,365,291,43,15.678,103.714,33,992,1510
2025-04-28,48,7,526,244,32,15.678,103.714,33,992,1510
2025-05-05,48,7,655,125,34,15.678,103.714,33,992,1510
2025-05-12,48,7,395,139,21,15.678,103.714,33,992,1510
2025-05-19,48,7,481,131,19,15.678,103.714,33,992,1510
2025-05-26,48,7,472,252,45,15.678,103.714,33,992,1510
2025-06-02,48,7,570,145,54,15.678,103.714,33,992,1510
2025-06-09,48,7,480,158,25,15.678,103.714,33,992,1510
2025-06-16,48,7,507,278,23,15.678,103.714,33,992,1510
2025-06-23,48,7,402,327,33,15.678,103.714,33,992,1510
2025-06-30,48,7,554,310,27,15.678,103.714,33,992,1510
2025-04-07,48,8,1214,961,39,20.672,63.627,33,635,1317
2025-04-14,48,8,1553,1011,25,20.672,63.627,33,635,1317
2025-04-21,48,8,2109,401,58,20.672,63.627,33,635,1317
2025-04-28,48,8,1958,474,81,20.672,63.627,33,635,1317
2025-05-05,48,8,1386,1109,80,20.672,63.627,33,635,1317
2025-05-12,48,8,1560,547,68,20.672,63.627,33,635,1317
2025-05-19,48,8,1704,754,54,20.672,63.627,33,635,1317
2025-05-26,48,8,1178,910,72,20.672,63.627,33,635,1317
2025-06-02,48,8,1574,716,33,20.672,63.627,33,635,1317
2025-06-09,48,8,2180,528,45,20.672,63.627,33,635,1317
2025-06-16,48,8,1988,808,23,20.672,63.627,33,635,1317
2025-06-23,48,8,2188,690,50,20.672,63.627,33,635,1317
2025-06-30,48,8,1757,1018,38,20.672,63.627,33,635,1317
2025-04-07,49,1,1148,749,60,28.561,92.87,47,1113,2455
2025-04-14,49,1,1730,454,35,28.561,92.87,47,1113,2455
2025-04-21,49,1,1444,624,80,28.561,92.87,47,1113,2455
2025-04-28,49,1,1152,612,61,28.561,92.87,47,1113,2455
2025-05-05,49,1,1659,301,29,28.561,92.87,47,1113,2455
2025-05-12,49,1,1422,269,60,28.561,92.87,47,1113,2455
2025-05-19,49,1,1482,436,62,28.561,92.87,47,1113,2455
2025-05-26,49,1,1132,698,53,28.561,92.87,47,1113,2455
2025-06-02,49,1,977,799,87,28.561,92.87,47,1113,2455
2025-06-09,49,1,1517,322,41,28.561,92.87,47,1113,2455
2025-06-16,49,1,1165,533,54,28.561,92.87,47,1113,2455
2025-06-23,49,1,1033,613,76,28.561,92.87,47,1113,2455
2025-06-30,49,1,918,599,65,28.561,92.87,47,1113,2455
2025-04-07,49,2,2801,1575,68,22.883,88.245,47,1040,2115
2025-04-14,49,2,2415,1394,86,22.883,88.245,47,1040,2115
2025-04-21,49,2,2170,766,84,22.883,88.245,47,1040,2115
2025-04-28,49,2,2468,1660,65,22.883,88.245,47,1040,2115
2025-05-05,49,2,2939,839,71,22.883,88.245,47,1040,2115
2025-05-12,49,2,2377,897,76,22.883,88.245,47,1040,2115
2025-05-19,49,2,3318,813,85,22.883,88.245,47,1040,2115
2025-05-26,49,2,2782,760,63,22.883,88.245,47,1040,2115
2025-06-02,49,2,3446,701,32,22.883,88.245,47,1040,2115
2025-06-09,49,2,2168,1007,87,22.883,88.245,47,1040,2115
2025-06-16,49,2,2016,1496,31,22.883,88.245,47,1040,2115
2025-06-23,49,2,2003,1503,24,22.883,88.245,47,1040,2115
2025-06-30,49,2,2874,789,66,22.883,88.245,47,1040,2115
2025-04-07,49,3,1087,384,36,18.554,55.198,47,669,1541
2025-04-14,49,3,1312,326,19,18.554,55.198,47,669,1541
2025-04-21,49,3,1016,249,64,18.554,55.198,47,669,1541
2025-04-28,49,3,871,303,69,18.554,55.198,47,669,1541
2025-05-05,49,3,829,575,64,18.554,55.198,47,669,1541
2025-05-12,49,3,1249,336,54,18.554,55.198,47,669,1541
2025-05-19,49,3,832,478,55,18.554,55.198,47,669,1541
2025-05-26,49,3,983,272,28,18.554,55.198,47,669,1541
2025-06-02,49,3,999,494,71,18.554,55.198,47,669,1541
2025-06-09,49,3,942,476,61,18.554,55.198,47,669,1541
2025-06-16,49,3,777,598,60,18.554,55.198,47,669,1541
2025-06-23,49,3,1009,403,30,18.554,55.198,47,669,1541
2025-06-30,49,3,1060,207,65,18.554,55.198,47,669,1541
2025-04-07,49,4,862,162,20,9.924,60.269,47,692,1159
2025-04-14,49,4,681,123,28,9.924,60.269,47,692,1159
2025-04-21,49,4,694,135,12,9.924,60.269,47,692,1159
2025-04-28,49,4,483,389,37,9.924,60.269,47,692,1159
2025-05-05,49,4,536,355,12,9.924,60.269,47,692,1159
2025-05-12,49,4,649,145,34,9.924,60.269,47,692,1159
2025-05-19,49,4,762,185,12,9.924,60.269,47,692,1159
2025-05-26,49,4,715,135,27,9.924,60.269,47,692,1159
2025-06-02,49,4,597,238,39,9.924,60.269,47,692,1159
2025-06-09,49,4,627,213,17,9.924,60.269,47,692,1159
2025-06-16,49,4,881,170,32,9.924,60.269,47,692,1159
2025-06-23,49,4,661,194,11,9.924,60.269,47,692,1159
2025-06-30,49,4,602,146,20,9.924,60.269,47,692,1159
2025-04-07,49,5,1092,740,41,21.557,68.203,47,820,1833
2025-04-14,49,5,1029,520,40,21.557,68.203,47,820,1833
2025-04-21,49,5,1068,374,41,21.557,68.203,47,820,1833
2025-04-28,49,5,1325,419,51,21.557,68.203,47,820,1833
2025-05-05,49,5,1521,325,53,21.557,68.203,47,820,1833
2025-05-12,49,5,1491,326,27,21.557,68.203,47,820,1833
2025-05-19,49,5,1076,619,67,21.557,68.203,47,820,1833
2025-05-26,49,5,1460,609,81,21.557,68.203,47,820,1833
2025-06-02,49,5,1169,410,80,21.557,68.203,47,820,1833
2025-06-09,49,5,1078,395,84,21.557,68.203,47,820,1833
2025-06-16,49,5,877,593,67,21.557,68.203,47,820,1833
2025-06-23,49,5,1110,252,23,21.557,68.203,47,820,1833
2025-06-30,49,5,1011,500,65,21.557,68.203,47,820,1833
2025-04-07,49,6,955,361,65,28.166,84.096,47,1018,2342
2025-04-14,49,6,1695,471,66,28.166,84.096,47,1018,2342
2025-04-21,49,6,1429,509,111,28.166,84.096,47,1018,2342
2025-04-28,49,6,1204,440,60,28.166,84.096,47,1018,2342
2025-05-05,49,6,1278,471,79,28.166,84.096,47,1018,2342
2025-05-12,49,6,1430,446,88,28.166,84.096,47,1018,2342
2025-05-19,49,6,1297,407,83,28.166,84.096,47,1018,2342
2025-05-26,49,6,944,302,85,28.166,84.096,47,1018,2342
2025-06-02,49,6,1171,554,83,28.166,84.096,47,1018,2342
2025-06-09,49,6,836,589,71,28.166,84.096,47,1018,2342
2025-06-16,49,6,1002,499,106,28.166,84.096,47,1018,2342
2025-06-23,49,6,1006,612,47,28.166,84.096,47,1018,2342
2025-06-30,49,6,1097,510,86,28.166,84.096,47,1018,2342
2025-04-07,49,7,994,584,61,16.687,61.375,47,726,1510
2025-04-14,49,7,690,406,49,16.687,61.375,47,726,1510
2025-04-21,49,7,915,440,23,16.687,61.375,47,726,1510
2025-04-28,49,7,1196,559,58,16.687,61.375,47,726,1510
2025-05-05,49,7,897,650,22,16.687,61.375,47,726,1510
2025-05-12,49,7,878,685,46,16.687,61.375,47,726,1510
2025-05-19,49,7,1137,254,29,16.687,61.375,47,726,1510
2025-05-26,49,7,948,583,25,16.687,61.375,47,726,1510
2025-06-02,49,7,1114,216,29,16.687,61.375,47,726,1510
2025-06-09,49,7,845,188,49,16.687,61.375,47,726,1510
2025-06-16,49,7,1151,407,40,16.687,61.375,47,726,1510
2025-06-23,49,7,910,278,61,16.687,61.375,47,726,1510
2025-06-30,49,7,768,440,27,16.687,61.375,47,726,1510
2025-04-07,49,8,1198,300,24,20.534,62.369,47,753,1719
2025-04-14,49,8,1118,272,72,20.534,62.369,47,753,1719
2025-04-21,49,8,771,483,80,20.534,62.369,47,753,1719
2025-04-28,49,8,1006,288,32,20.534,62.369,47,753,1719
2025-05-05,49,8,810,521,76,20.534,62.369,47,753,1719
2025-05-12,49,8,1050,365,38,20.534,62.369,47,753,1719
2025-05-19,49,8,872,453,37,20.534,62.369,47,753,1719
2025-05-26,49,8,1169,243,29,20.534,62.369,47,753,1719
2025-06-02,49,8,861,455,43,20.534,62.369,47,753,1719
2025-06-09,49,8,998,194,76,20.534,62.369,47,753,1719
2025-06-16,49,8,592,472,75,20.534,62.369,47,753,1719
2025-06-23,49,8,812,404,68,20.534,62.369,47,753,1719
2025-06-30,49,8,998,300,76,20.534,62.369,47,753,1719
2025-04-07,50,1,489,304,25,10.276,53.578,34,524,873
2025-04-14,50,1,729,206,12,10.276,53.578,34,524,873
2025-04-21,50,1,590,166,23,10.276,53.578,34,524,873
2025-04-28,50,1,627,282,13,10.276,53.578,34,524,873
2025-05-05,50,1,685,174,20,10.276,53.578,34,524,873
2025-05-12,50,1,455,363,19,10.276,53.578,34,524,873
2025-05-19,50,1,643,266,21,10.276,53.578,34,524,873
2025-05-26,50,1,573,330,10,10.276,53.578,34,524,873
2025-06-02,50,1,501,391,35,10.276,53.578,34,524,873
2025-06-09,50,1,471,361,25,10.276,53.578,34,524,873
2025-06-16,50,1,631,147,20,10.276,53.578,34,524,873
2025-06-23,50,1,491,308,18,10.276,53.578,34,524,873
2025-06-30,50,1,734,347,30,10.276,53.578,34,524,873
2025-04-07,50,2,1533,475,157,45.25,90.74,34,978,2517
2025-04-14,50,2,1597,880,112,45.25,90.74,34,978,2517
2025-04-21,50,2,1634,510,113,45.25,90.74,34,978,2517
2025-04-28,50,2,1823,908,129,45.25,90.74,34,978,2517
2025-05-05,50,2,1773,747,170,45.25,90.74,34,978,2517
2025-05-12,50,2,1612,1006,112,45.25,90.74,34,978,2517
2025-05-19,50,2,1689,942,142,45.25,90.74,34,978,2517
2025-05-26,50,2,1550,890,52,45.25,90.74,34,978,2517
2025-06-02,50,2,1494,863,111,45.25,90.74,34,978,2517
2025-06-09,50,2,1430,906,133,45.25,90.74,34,978,2517
2025-06-16,50,2,1829,385,81,45.25,90.74,34,978,2517
2025-06-23,50,2,1917,579,69,45.25,90.74,34,978,2517
2025-06-30,50,2,1349,1003,92,45.25,90.74,34,978,2517
2025-04-07,50,3,1000,229,54,17.304,64.384,34,641,1229
2025-04-14,50,3,914,578,38,17.304,64.384,34,641,1229
2025-04-21,50,3,895,378,68,17.304,64.384,34,641,1229
2025-04-28,50,3,876,400,21,17.304,64.384,34,641,1229
2025-05-05,50,3,953,477,46,17.304,64.384,34,641,1229
2025-05-12,50,3,812,513,68,17.304,64.384,34,641,1229
2025-05-19,50,3,941,247,56,17.304,64.384,34,641,1229
2025-05-26,50,3,891,288,67,17.304,64.384,34,641,1229
2025-06-02,50,3,1081,195,67,17.304,64.384,34,641,1229
2025-06-09,50,3,1041,488,48,17.304,64.384,34,641,1229
2025-06-16,50,3,1089,282,56,17.304,64.384,34,641,1229
2025-06-23,50,3,885,563,28,17.304,64.384,34,641,1229
2025-06-30,50,3,738,390,24,17.304,64.384,34,641,1229
2025-04-07,50,4,2211,624,62,36.113,79.552,34,842,2070
2025-04-14,50,4,1623,1218,68,36.113,79.552,34,842,2070
2025-04-21,50,4,2286,1181,136,36.113,79.552,34,842,2070
2025-04-28,50,4,1332,1075,76,36.113,79.552,34,842,2070
2025-05-05,50,4,1941,554,77,36.113,79.552,34,842,2070
2025-05-12,50,4,1582,1094,64,36.113,79.552,34,842,2070
2025-05-19,50,4,1680,1005,69,36.113,79.552,34,842,2070
2025-05-26,50,4,2337,536,72,36.113,79.552,34,842,2070
2025-06-02,50,4,1909,654,111,36.113,79.552,34,842,2070
2025-06-09,50,4,1736,984,112,36.113,79.552,34,842,2070
2025-06-16,50,4,1702,1345,97,36.113,79.552,34,842,2070
2025-06-23,50,4,2763,586,92,36.113,79.552,34,842,2070
2025-06-30,50,4,2578,480,43,36.113,79.552,34,842,2070
2025-04-07,50,5,770,360,47,18.28,69.462,34,690,1312
2025-04-14,50,5,927,363,49,18.28,69.462,34,690,1312
2025-04-21,50,5,1157,273,19,18.28,69.462,34,690,1312
2025-04-28,50,5,816,339,26,18.28,69.462,34,690,1312
2025-05-05,50,5,1053,268,57,18.28,69.462,34,690,1312
2025-05-12,50,5,644,524,65,18.28,69.462,34,690,1312
2025-05-19,50,5,968,585,72,18.28,69.462,34,690,1312
2025-05-26,50,5,1147,248,30,18.28,69.462,34,690,1312
2025-06-02,50,5,1213,314,40,18.28,69.462,34,690,1312
2025-06-09,50,5,916,644,42,18.28,69.462,34,690,1312
2025-06-16,50,5,1006,559,56,18.28,69.462,34,690,1312
2025-06-23,50,5,916,499,68,18.28,69.462,34,690,1312
2025-06-30,50,5,582,432,54,18.28,69.462,34,690,1312
2025-04-07,50,6,1069,394,54,33.291,59.14,34,656,1787
2025-04-14,50,6,990,454,50,33.291,59.14,34,656,1787
2025-04-21,50,6,1026,372,108,33.291,59.14,34,656,1787
2025-04-28,50,6,1048,368,88,33.291,59.14,34,656,1787
2025-05-05,50,6,1032,288,127,33.291,59.14,34,656,1787
2025-05-12,50,6,927,399,93,33.291,59.14,34,656,1787
2025-05-19,50,6,1061,369,126,33.291,59.14,34,656,1787
2025-05-26,50,6,1213,357,125,33.291,59.14,34,656,1787
2025-06-02,50,6,970,440,80,33.291,59.14,34,656,1787
2025-06-09,50,6,1178,333,78,33.291,59.14,34,656,1787
2025-06-16,50,6,957,550,58,33.291,59.14,34,656,1787
2025-06-23,50,6,1005,349,116,33.291,59.14,34,656,1787
2025-06-30,50,6,883,707,37,33.291,59.14,34,656,1787
2025-04-07,50,7,674,167,6,3.669,72.875,34,700,825
2025-04-14,50,7,710,146,8,3.669,72.875,34,700,825
2025-04-21,50,7,528,367,5,3.669,72.875,34,700,825
2025-04-28,50,7,752,170,11,3.669,72.875,34,700,825
2025-05-05,50,7,531,298,8,3.669,72.875,34,700,825
2025-05-12,50,7,594,172,9,3.669,72.875,34,700,825
2025-05-19,50,7,602,247,12,3.669,72.875,34,700,825
2025-05-26,50,7,584,270,12,3.669,72.875,34,700,825
2025-06-02,50,7,593,219,4,3.669,72.875,34,700,825
2025-06-09,50,7,424,347,8,3.669,72.875,34,700,825
2025-06-16,50,7,604,265,7,3.669,72.875,34,700,825
2025-06-23,50,7,596,352,9,3.669,72.875,34,700,825
2025-06-30,50,7,564,386,14,3.669,72.875,34,700,825
2025-04-07,50,8,1300,633,93,33.613,72.012,34,766,1909
2025-04-14,50,8,1562,322,96,33.613,72.012,34,766,1909
2025-04-21,50,8,1301,781,113,33.613,72.012,34,766,1909
2025-04-28,50,8,938,620,76,33.613,72.012,34,766,1909
2025-05-05,50,8,1581,671,60,33.613,72.012,34,766,1909
2025-05-12,50,8,1608,580,70,33.613,72.012,34,766,1909
2025-05-19,50,8,1169,772,72,33.613,72.012,34,766,1909
2025-05-26,50,8,1522,359,67,33.613,72.012,34,766,1909
2025-06-02,50,8,1181,545,79,33.613,72.012,34,766,1909
2025-06-09,50,8,1781,362,44,33.613,72.012,34,766,1909
2025-06-16,50,8,1455,374,114,33.613,72.012,34,766,1909
2025-06-23,50,8,1679,497,67,33.613,72.012,34,766,1909
2025-06-30,50,8,1258,752,86,33.613,72.012,34,766,1909
2025-04-07,51,1,1003,485,8,5.674,66.339,29,590,755
2025-04-14,51,1,1170,234,16,5.674,66.339,29,590,755
2025-04-21,51,1,1166,321,11,5.674,66.339,29,590,755
2025-04-28,51,1,985,678,21,5.674,66.339,29,590,755
2025-05-05,51,1,888,588,20,5.674,66.339,29,590,755
2025-05-12,51,1,800,629,11,5.674,66.339,29,590,755
2025-05-19,51,1,853,350,11,5.674,66.339,29,590,755
2025-05-26,51,1,1408,276,21,5.674,66.339,29,590,755
2025-06-02,51,1,919,628,14,5.674,66.339,29,590,755
2025-06-09,51,1,850,581,20,5.674,66.339,29,590,755
2025-06-16,51,1,999,304,10,5.674,66.339,29,590,755
2025-06-23,51,1,1164,471,15,5.674,66.339,29,590,755
2025-06-30,51,1,1093,488,23,5.674,66.339,29,590,755
2025-04-07,51,2,1204,659,57,30.85,106.892,29,995,1889
2025-04-14,51,2,1391,612,108,30.85,106.892,29,995,1889
2025-04-21,51,2,1180,703,89,30.85,106.892,29,995,1889
2025-04-28,51,2,1750,366,85,30.85,106.892,29,995,1889
2025-05-05,51,2,1396,505,65,30.85,106.892,29,995,1889
2025-05-12,51,2,1396,597,95,30.85,106.892,29,995,1889
2025-05-19,51,2,1443,319,36,30.85,106.892,29,995,1889
2025-05-26,51,2,1420,686,112,30.85,106.892,29,995,1889
2025-06-02,51,2,1489,446,75,30.85,106.892,29,995,1889
2025-06-09,51,2,1403,498,36,30.85,106.892,29,995,1889
2025-06-16,51,2,1311,975,62,30.85,106.892,29,995,1889
2025-06-23,51,2,1085,693,31,30.85,106.892,29,995,1889
2025-06-30,51,2,1780,756,38,30.85,106.892,29,995,1889
2025-04-07,51,3,631,463,48,16.731,81.619,29,742,1227
2025-04-14,51,3,881,581,26,16.731,81.619,29,742,1227
2025-04-21,51,3,1046,291,55,16.731,81.619,29,742,1227
2025-04-28,51,3,891,391,47,16.731,81.619,29,742,1227
2025-05-05,51,3,985,337,25,16.731,81.619,29,742,1227
2025-05-12,51,3,705,415,53,16.731,81.619,29,742,1227
2025-05-19,51,3,1049,475,23,16.731,81.619,29,742,1227
2025-05-26,51,3,764,527,56,16.731,81.619,29,742,1227
2025-06-02,51,3,769,565,17,16.731,81.619,29,742,1227
2025-06-09,51,3,715,508,30,16.731,81.619,29,742,1227
2025-06-16,51,3,1139,354,32,16.731,81.619,29,742,1227
2025-06-23,51,3,751,578,55,16.731,81.619,29,742,1227
2025-06-30,51,3,796,359,44,16.731,81.619,29,742,1227
2025-04-07,51,4,815,241,33,14.429,60.308,29,553,971
2025-04-14,51,4,754,229,21,14.429,60.308,29,553,971
2025-04-21,51,4,771,270,23,14.429,60.308,29,553,971
2025-04-28,51,4,760,305,16,14.429,60.308,29,553,971
2025-05-05,51,4,801,205,19,14.429,60.308,29,553,971
2025-05-12,51,4,580,244,46,14.429,60.308,29,553,971
2025-05-19,51,4,747,246,34,14.429,60.308,29,553,971
2025-05-26,51,4,761,270,42,14.429,60.308,29,553,971
2025-06-02,51,4,968,284,40,14.429,60.308,29,553,971
2025-06-09,51,4,571,251,55,14.429,60.308,29,553,971
2025-06-16,51,4,786,178,25,14.429,60.308,29,553,971
2025-06-23,51,4,802,405,36,14.429,60.308,29,553,971
2025-06-30,51,4,1048,266,46,14.429,60.308,29,553,971
2025-04-07,51,5,1275,233,48,37.433,74.61,29,757,1843
2025-04-14,51,5,1216,394,102,37.433,74.61,29,757,1843
2025-04-21,51,5,1162,452,49,37.433,74.61,29,757,1843
2025-04-28,51,5,1323,525,81,37.433,74.61,29,757,1843
2025-05-05,51,5,820,519,91,37.433,74.61,29,757,1843
2025-05-12,51,5,1130,341,80,37.433,74.61,29,757,1843
2025-05-19,51,5,1376,263,62,37.433,74.61,29,757,1843
2025-05-26,51,5,1049,682,90,37.433,74.61,29,757,1843
2025-06-02,51,5,1355,361,42,37.433,74.61,29,757,1843
2025-06-09,51,5,1007,591,78,37.433,74.61,29,757,1843
2025-06-16,51,5,1214,634,107,37.433,74.61,29,757,1843
2025-06-23,51,5,1310,280,138,37.433,74.61,29,757,1843
2025-06-30,51,5,891,611,102,37.433,74.61,29,757,1843
2025-04-07,51,6,494,95,29,10.011,56.442,29,510,800
2025-04-14,51,6,392,296,19,10.011,56.442,29,510,800
2025-04-21,51,6,404,175,39,10.011,56.442,29,510,800
2025-04-28,51,6,381,248,17,10.011,56.442,29,510,800
2025-05-05,51,6,499,160,22,10.011,56.442,29,510,800
2025-05-12,51,6,536,186,13,10.011,56.442,29,510,800
2025-05-19,51,6,481,203,34,10.011,56.442,29,510,800
2025-05-26,51,6,456,191,12,10.011,56.442,29,510,800
2025-06-02,51,6,467,152,17,10.011,56.442,29,510,800
2025-06-09,51,6,582,127,34,10.011,56.442,29,510,800
2025-06-16,51,6,560,128,27,10.011,56.442,29,510,800
2025-06-23,51,6,530,238,11,10.011,56.442,29,510,800
2025-06-30,51,6,477,169,39,10.011,56.442,29,510,800
2025-04-07,51,7,2396,723,33,29.513,64.857,29,644,1500
2025-04-14,51,7,1863,1082,79,29.513,64.857,29,644,1500
2025-04-21,51,7,1514,999,54,29.513,64.857,29,644,1500
2025-04-28,51,7,1743,1069,34,29.513,64.857,29,644,1500
2025-05-05,51,7,1860,1320,31,29.513,64.857,29,644,1500
2025-05-12,51,7,2315,528,39,29.513,64.857,29,644,1500
2025-05-19,51,7,1691,997,65,29.513,64.857,29,644,1500
2025-05-26,51,7,2512,691,65,29.513,64.857,29,644,1500
2025-06-02,51,7,2128,843,107,29.513,64.857,29,644,1500
2025-06-09,51,7,1843,763,40,29.513,64.857,29,644,1500
2025-06-16,51,7,2018,780,103,29.513,64.857,29,644,1500
2025-06-23,51,7,1942,1204,71,29.513,64.857,29,644,1500
2025-06-30,51,7,2577,706,71,29.513,64.857,29,644,1500
2025-04-07,51,8,1152,594,88,24.114,64.801,29,621,1321
2025-04-14,51,8,1296,597,56,24.114,64.801,29,621,1321
2025-04-21,51,8,920,660,79,24.114,64.801,29,621,1321
2025-04-28,51,8,1052,727,53,24.114,64.801,29,621,1321
2025-05-05,51,8,1708,431,39,24.114,64.801,29,621,1321
2025-05-12,51,8,1613,398,39,24.114,64.801,29,621,1321
2025-05-19,51,8,1456,317,42,24.114,64.801,29,621,1321
2025-05-26,51,8,1322,597,59,24.114,64.801,29,621,1321
2025-06-02,51,8,1195,390,85,24.114,64.801,29,621,1321
2025-06-09,51,8,1260,541,53,24.114,64.801,29,621,1321
2025-06-16,51,8,1711,422,82,24.114,64.801,29,621,1321
2025-06-23,51,8,1393,288,35,24.114,64.801,29,621,1321
2025-06-30,51,8,1323,643,25,24.114,64.801,29,621,1321
2025-04-07,52,1,279,62,42,19.804,62.985,17,438,775
2025-04-14,52,1,291,91,55,19.804,62.985,17,438,775
2025-04-21,52,1,260,102,36,19.804,62.985,17,438,775
2025-04-28,52,1,272,50,30,19.804,62.985,17,438,775
2025-05-05,52,1,287,56,68,19.804,62.985,17,438,775
2025-05-12,52,1,302,76,23,19.804,62.985,17,438,775
2025-05-19,52,1,315,71,79,19.804,62.985,17,438,775
2025-05-26,52,1,220,170,23,19.804,62.985,17,438,775
2025-06-02,52,1,308,81,39,19.804,62.985,17,438,775
2025-06-09,52,1,241,195,63,19.804,62.985,17,438,775
2025-06-16,52,1,219,146,55,19.804,62.985,17,438,775
2025-06-23,52,1,249,203,33,19.804,62.985,17,438,775
2025-06-30,52,1,256,195,66,19.804,62.985,17,438,775
2025-04-07,52,2,1193,307,89,27.082,75.213,17,527,988
2025-04-14,52,2,1296,672,65,27.082,75.213,17,527,988
2025-04-21,52,2,1225,970,104,27.082,75.213,17,527,988
2025-04-28,52,2,1197,777,77,27.082,75.213,17,527,988
2025-05-05,52,2,1571,567,57,27.082,75.213,17,527,988
2025-05-12,52,2,1348,723,87,27.082,75.213,17,527,988
2025-05-19,52,2,1789,386,31,27.082,75.213,17,527,988
2025-05-26,52,2,2172,518,80,27.082,75.213,17,527,988
2025-06-02,52,2,1297,730,91,27.082,75.213,17,527,988
2025-06-09,52,2,1518,692,72,27.082,75.213,17,527,988
2025-06-16,52,2,1684,827,73,27.082,75.213,17,527,988
2025-06-23,52,2,1752,518,82,27.082,75.213,17,527,988
2025-06-30,52,2,1807,922,107,27.082,75.213,17,527,988
2025-04-07,52,3,867,206,106,39.067,79.212,17,571,1235
2025-04-14,52,3,796,142,58,39.067,79.212,17,571,1235
2025-04-21,52,3,655,374,39,39.067,79.212,17,571,1235
2025-04-28,52,3,931,209,41,39.067,79.212,17,571,1235
2025-05-05,52,3,657,271,83,39.067,79.212,17,571,1235
2025-05-12,52,3,872,233,103,39.067,79.212,17,571,1235
2025-05-19,52,3,880,167,106,39.067,79.212,17,571,1235
2025-05-26,52,3,789,485,77,39.067,79.212,17,571,1235
2025-06-02,52,3,982,282,106,39.067,79.212,17,571,1235
2025-06-09,52,3,818,291,119,39.067,79.212,17,571,1235
2025-06-16,52,3,766,553,89,39.067,79.212,17,571,1235
2025-06-23,52,3,1076,286,89,39.067,79.212,17,571,1235
2025-06-30,52,3,707,383,90,39.067,79.212,17,571,1235
2025-04-07,52,4,489,371,21,18.173,77.008,17,530,839
2025-04-14,52,4,441,333,20,18.173,77.008,17,530,839
2025-04-21,52,4,694,164,23,18.173,77.008,17,530,839
2025-04-28,52,4,553,294,26,18.173,77.008,17,530,839
2025-05-05,52,4,740,171,70,18.173,77.008,17,530,839
2025-05-12,52,4,579,190,52,18.173,77.008,17,530,839
2025-05-19,52,4,656,422,21,18.173,77.008,17,530,839
2025-05-26,52,4,728,240,44,18.173,77.008,17,530,839
2025-06-02,52,4,676,175,48,18.173,77.008,17,530,839
2025-06-09,52,4,804,190,58,18.173,77.008,17,530,839
2025-06-16,52,4,696,287,54,18.173,77.008,17,530,839
2025-06-23,52,4,573,416,48,18.173,77.008,17,530,839
2025-06-30,52,4,639,370,54,18.173,77.008,17,530,839
2025-04-07,52,5,346,239,47,13.564,66.336,17,455,685
2025-04-14,52,5,391,162,20,13.564,66.336,17,455,685
2025-04-21,52,5,356,253,38,13.564,66.336,17,455,685
2025-04-28,52,5,390,266,38,13.564,66.336,17,455,685
2025-05-05,52,5,341,276,25,13.564,66.336,17,455,685
2025-05-12,52,5,541,125,32,13.564,66.336,17,455,685
2025-05-19,52,5,418,227,41,13.564,66.336,17,455,685
2025-05-26,52,5,293,137,47,13.564,66.336,17,455,685
2025-06-02,52,5,479,115,53,13.564,66.336,17,455,685
2025-06-09,52,5,527,233,37,13.564,66.336,17,455,685
2025-06-16,52,5,434,81,45,13.564,66.336,17,455,685
2025-06-23,52,5,352,239,20,13.564,66.336,17,455,685
2025-06-30,52,5,466,163,48,13.564,66.336,17,455,685
2025-04-07,52,6,265,73,46,19.934,64.4,17,448,787
2025-04-14,52,6,243,159,45,19.934,64.4,17,448,787
2025-04-21,52,6,286,122,53,19.934,64.4,17,448,787
2025-04-28,52,6,210,112,79,19.934,64.4,17,448,787
2025-05-05,52,6,250,190,60,19.934,64.4,17,448,787
2025-05-12,52,6,250,119,72,19.934,64.4,17,448,787
2025-05-19,52,6,278,166,57,19.934,64.4,17,448,787
2025-05-26,52,6,222,88,72,19.934,64.4,17,448,787
2025-06-02,52,6,262,149,26,19.934,64.4,17,448,787
2025-06-09,52,6,325,92,68,19.934,64.4,17,448,787
2025-06-16,52,6,328,209,35,19.934,64.4,17,448,787
2025-06-23,52,6,328,127,28,19.934,64.4,17,448,787
2025-06-30,52,6,326,77,36,19.934,64.4,17,448,787
2025-04-07,52,7,690,539,55,26.242,67.087,17,473,919
2025-04-14,52,7,910,256,53,26.242,67.087,17,473,919
2025-04-21,52,7,829,285,97,26.242,67.087,17,473,919
2025-04-28,52,7,768,559,70,26.242,67.087,17,473,919
2025-05-05,52,7,706,327,67,26.242,67.087,17,473,919
2025-05-12,52,7,1165,223,57,26.242,67.087,17,473,919
2025-05-19,52,7,990,517,89,26.242,67.087,17,473,919
2025-05-26,52,7,1195,241,72,26.242,67.087,17,473,919
2025-06-02,52,7,1116,273,79,26.242,67.087,17,473,919
2025-06-09,52,7,969,233,49,26.242,67.087,17,473,919
2025-06-16,52,7,968,619,79,26.242,67.087,17,473,919
2025-06-23,52,7,1035,662,56,26.242,67.087,17,473,919
2025-06-30,52,7,975,340,41,26.242,67.087,17,473,919
2025-04-07,52,8,742,528,105,33.521,75.719,17,540,1109
2025-04-14,52,8,851,658,94,33.521,75.719,17,540,1109
2025-04-21,52,8,1335,367,72,33.521,75.719,17,540,1109
2025-04-28,52,8,1240,510,69,33.521,75.719,17,540,1109
2025-05-05,52,8,916,714,43,33.521,75.719,17,540,1109
2025-05-12,52,8,1132,477,84,33.521,75.719,17,540,1109
2025-05-19,52,8,1358,383,42,33.521,75.719,17,540,1109
2025-05-26,52,8,784,599,74,33.521,75.719,17,540,1109
2025-06-02,52,8,1256,487,67,33.521,75.719,17,540,1109
2025-06-09,52,8,1211,555,58,33.521,75.719,17,540,1109
2025-06-16,52,8,1416,328,40,33.521,75.719,17,540,1109
2025-06-23,52,8,1382,561,40,33.521,75.719,17,540,1109
2025-06-30,52,8,1709,305,44,33.521,75.719,17,540,1109
2025-04-07,53,1,994,606,37,24.207,50.944,43,635,1676
2025-04-14,53,1,1211,250,61,24.207,50.944,43,635,1676
2025-04-21,53,1,1196,398,51,24.207,50.944,43,635,1676
2025-04-28,53,1,1101,339,33,24.207,50.944,43,635,1676
2025-05-05,53,1,1139,765,50,24.207,50.944,43,635,1676
2025-05-12,53,1,890,559,93,24.207,50.944,43,635,1676
2025-05-19,53,1,1051,667,93,24.207,50.944,43,635,1676
2025-05-26,53,1,945,654,57,24.207,50.944,43,635,1676
2025-06-02,53,1,855,604,81,24.207,50.944,43,635,1676
2025-06-09,53,1,1463,360,76,24.207,50.944,43,635,1676
2025-06-16,53,1,1271,484,74,24.207,50.944,43,635,1676
2025-06-23,53,1,1044,649,85,24.207,50.944,43,635,1676
2025-06-30,53,1,1173,435,42,24.207,50.944,43,635,1676
2025-04-07,53,2,460,255,18,7.271,45.335,43,498,811
2025-04-14,53,2,547,387,9,7.271,45.335,43,498,811
2025-04-21,53,2,552,237,25,7.271,45.335,43,498,811
2025-04-28,53,2,597,116,16,7.271,45.335,43,498,811
2025-05-05,53,2,462,365,10,7.271,45.335,43,498,811
2025-05-12,53,2,520,188,17,7.271,45.335,43,498,811
2025-05-19,53,2,628,116,14,7.271,45.335,43,498,811
2025-05-26,53,2,468,367,12,7.271,45.335,43,498,811
2025-06-02,53,2,722,213,22,7.271,45.335,43,498,811
2025-06-09,53,2,468,326,22,7.271,45.335,43,498,811
2025-06-16,53,2,523,138,15,7.271,45.335,43,498,811
2025-06-23,53,2,581,147,21,7.271,45.335,43,498,811
2025-06-30,53,2,663,159,17,7.271,45.335,43,498,811
2025-04-07,53,3,917,519,77,20.077,68.279,43,782,1646
2025-04-14,53,3,1128,457,47,20.077,68.279,43,782,1646
2025-04-21,53,3,1263,297,73,20.077,68.279,43,782,1646
2025-04-28,53,3,1090,557,41,20.077,68.279,43,782,1646
2025-05-05,53,3,1193,270,54,20.077,68.279,43,782,1646
2025-05-12,53,3,1524,370,67,20.077,68.279,43,782,1646
2025-05-19,53,3,1131,588,27,20.077,68.279,43,782,1646
2025-05-26,53,3,1220,232,36,20.077,68.279,43,782,1646
2025-06-02,53,3,1206,282,44,20.077,68.279,43,782,1646
2025-06-09,53,3,984,180,40,20.077,68.279,43,782,1646
2025-06-16,53,3,1042,714,41,20.077,68.279,43,782,1646
2025-06-23,53,3,779,572,73,20.077,68.279,43,782,1646
2025-06-30,53,3,1049,580,21,20.077,68.279,43,782,1646
2025-04-07,53,4,4027,2407,69,42.626,88.057,43,1103,2936
2025-04-14,53,4,4743,1448,57,42.626,88.057,43,1103,2936
2025-04-21,53,4,4661,1941,120,42.626,88.057,43,1103,2936
2025-04-28,53,4,3255,1487,93,42.626,88.057,43,1103,2936
2025-05-05,53,4,4647,1883,128,42.626,88.057,43,1103,2936
2025-05-12,53,4,4139,1420,90,42.626,88.057,43,1103,2936
2025-05-19,53,4,3636,1627,63,42.626,88.057,43,1103,2936
2025-05-26,53,4,4266,940,61,42.626,88.057,43,1103,2936
2025-06-02,53,4,3660,869,112,42.626,88.057,43,1103,2936
2025-06-09,53,4,3918,1239,125,42.626,88.057,43,1103,2936
2025-06-16,53,4,3235,2606,53,42.626,88.057,43,1103,2936
2025-06-23,53,4,4270,792,134,42.626,88.057,43,1103,2936
2025-06-30,53,4,3280,1817,99,42.626,88.057,43,1103,2936
2025-04-07,53,5,2035,537,137,34.336,67.961,43,861,2338
2025-04-14,53,5,2093,373,113,34.336,67.961,43,861,2338
2025-04-21,53,5,1637,627,134,34.336,67.961,43,861,2338
2025-04-28,53,5,1803,492,111,34.336,67.961,43,861,2338
2025-05-05,53,5,1953,469,66,34.336,67.961,43,861,2338
2025-05-12,53,5,1385,465,103,34.336,67.961,43,861,2338
2025-05-19,53,5,1241,735,132,34.336,67.961,43,861,2338
2025-05-26,53,5,1234,964,72,34.336,67.961,43,861,2338
2025-06-02,53,5,1304,885,70,34.336,67.961,43,861,2338
2025-06-09,53,5,1478,536,119,34.336,67.961,43,861,2338
2025-06-16,53,5,1549,749,88,34.336,67.961,43,861,2338
2025-06-23,53,5,1872,810,121,34.336,67.961,43,861,2338
2025-06-30,53,5,1314,616,126,34.336,67.961,43,861,2338
2025-04-07,53,6,927,516,41,11.066,70.539,43,775,1251
2025-04-14,53,6,1199,440,35,11.066,70.539,43,775,1251
2025-04-21,53,6,1099,695,28,11.066,70.539,43,775,1251
2025-04-28,53,6,1339,268,27,11.066,70.539,43,775,1251
2025-05-05,53,6,1311,456,39,11.066,70.539,43,775,1251
2025-05-12,53,6,1049,522,17,11.066,70.539,43,775,1251
2025-05-19,53,6,1038,575,35,11.066,70.539,43,775,1251
2025-05-26,53,6,1044,511,24,11.066,70.539,43,775,1251
2025-06-02,53,6,1443,452,32,11.066,70.539,43,775,1251
2025-06-09,53,6,1074,427,17,11.066,70.539,43,775,1251
2025-06-16,53,6,1194,278,37,11.066,70.539,43,775,1251
2025-06-23,53,6,1089,502,42,11.066,70.539,43,775,1251
2025-06-30,53,6,664,433,26,11.066,70.539,43,775,1251
2025-04-07,53,7,929,521,59,17.422,64.108,43,729,1478
2025-04-14,53,7,908,467,23,17.422,64.108,43,729,1478
2025-04-21,53,7,1267,350,55,17.422,64.108,43,729,1478
2025-04-28,53,7,1382,292,24,17.422,64.108,43,729,1478
2025-05-05,53,7,1054,364,48,17.422,64.108,43,729,1478
2025-05-12,53,7,1221,227,32,17.422,64.108,43,729,1478
2025-05-19,53,7,1102,388,50,17.422,64.108,43,729,1478
2025-05-26,53,7,1034,409,27,17.422,64.108,43,729,1478
2025-06-02,53,7,813,511,21,17.422,64.108,43,729,1478
2025-06-09,53,7,872,500,39,17.422,64.108,43,729,1478
2025-06-16,53,7,805,486,38,17.422,64.108,43,729,1478
2025-06-23,53,7,624,378,53,17.422,64.108,43,729,1478
2025-06-30,53,7,751,530,57,17.422,64.108,43,729,1478
2025-04-07,53,8,1346,374,46,23.045,68.331,43,797,1788
2025-04-14,53,8,1247,574,75,23.045,68.331,43,797,1788
2025-04-21,53,8,1153,745,36,23.045,68.331,43,797,1788
2025-04-28,53,8,1045,584,81,23.045,68.331,43,797,1788
2025-05-05,53,8,1203,306,64,23.045,68.331,43,797,1788
2025-05-12,53,8,1013,564,25,23.045,68.331,43,797,1788
2025-05-19,53,8,1170,529,79,23.045,68.331,43,797,1788
2025-05-26,53,8,1468,314,51,23.045,68.331,43,797,1788
2025-06-02,53,8,1351,429,53,23.045,68.331,43,797,1788
2025-06-09,53,8,1149,611,61,23.045,68.331,43,797,1788
2025-06-16,53,8,1275,525,54,23.045,68.331,43,797,1788
2025-06-23,53,8,1357,348,40,23.045,68.331,43,797,1788
2025-06-30,53,8,1029,495,52,23.045,68.331,43,797,1788
2025-04-07,54,1,1740,384,64,37.368,74.19,32,783,1978
2025-04-14,54,1,1353,352,140,37.368,74.19,32,783,1978
2025-04-21,54,1,1273,863,124,37.368,74.19,32,783,1978
2025-04-28,54,1,1727,542,119,37.368,74.19,32,783,1978
2025-05-05,54,1,1401,683,116,37.368,74.19,32,783,1978
2025-05-12,54,1,1969,474,140,37.368,74.19,32,783,1978
2025-05-19,54,1,1541,420,146,37.368,74.19,32,783,1978
2025-05-26,54,1,1228,773,73,37.368,74.19,32,783,1978
2025-06-02,54,1,1799,334,73,37.368,74.19,32,783,1978
2025-06-09,54,1,1303,778,46,37.368,74.19,32,783,1978
2025-06-16,54,1,1253,941,97,37.368,74.19,32,783,1978
2025-06-23,54,1,1887,373,70,37.368,74.19,32,783,1978
2025-06-30,54,1,1378,772,73,37.368,74.19,32,783,1978
2025-04-07,54,2,1095,363,29,12.665,82.528,32,778,1183
2025-04-14,54,2,1287,358,50,12.665,82.528,32,778,1183
2025-04-21,54,2,991,650,47,12.665,82.528,32,778,1183
2025-04-28,54,2,698,482,27,12.665,82.528,32,778,1183
2025-05-05,54,2,1211,605,37,12.665,82.528,32,778,1183
2025-05-12,54,2,925,613,39,12.665,82.528,32,778,1183
2025-05-19,54,2,865,696,18,12.665,82.528,32,778,1183
2025-05-26,54,2,983,557,31,12.665,82.528,32,778,1183
2025-06-02,54,2,1313,344,33,12.665,82.528,32,778,1183
2025-06-09,54,2,1377,388,21,12.665,82.528,32,778,1183
2025-06-16,54,2,1019,499,41,12.665,82.528,32,778,1183
2025-06-23,54,2,1330,240,28,12.665,82.528,32,778,1183
2025-06-30,54,2,1151,561,36,12.665,82.528,32,778,1183
2025-04-07,54,3,1417,599,111,32.726,73.271,32,754,1802
2025-04-14,54,3,1118,485,130,32.726,73.271,32,754,1802
2025-04-21,54,3,984,604,38,32.726,73.271,32,754,1802
2025-04-28,54,3,1438,518,90,32.726,73.271,32,754,1802
2025-05-05,54,3,1552,371,106,32.726,73.271,32,754,1802
2025-05-12,54,3,1444,502,76,32.726,73.271,32,754,1802
2025-05-19,54,3,1658,423,112,32.726,73.271,32,754,1802
2025-05-26,54,3,1420,378,52,32.726,73.271,32,754,1802
2025-06-02,54,3,1398,858,63,32.726,73.271,32,754,1802
2025-06-09,54,3,1430,262,121,32.726,73.271,32,754,1802
2025-06-16,54,3,1255,783,44,32.726,73.271,32,754,1802
2025-06-23,54,3,1184,872,59,32.726,73.271,32,754,1802
2025-06-30,54,3,1221,711,110,32.726,73.271,32,754,1802
2025-04-07,54,4,1510,919,163,49.409,88.574,32,958,2539
2025-04-14,54,4,1656,1212,163,49.409,88.574,32,958,2539
2025-04-21,54,4,1808,815,118,49.409,88.574,32,958,2539
2025-04-28,54,4,1814,1235,66,49.409,88.574,32,958,2539
2025-05-05,54,4,1230,756,138,49.409,88.574,32,958,2539
2025-05-12,54,4,1627,336,108,49.409,88.574,32,958,2539
2025-05-19,54,4,1963,827,147,49.409,88.574,32,958,2539
2025-05-26,54,4,1901,380,172,49.409,88.574,32,958,2539
2025-06-02,54,4,2090,676,123,49.409,88.574,32,958,2539
2025-06-09,54,4,2070,729,168,49.409,88.574,32,958,2539
2025-06-16,54,4,1638,1014,165,49.409,88.574,32,958,2539
2025-06-23,54,4,1636,1179,101,49.409,88.574,32,958,2539
2025-06-30,54,4,2312,456,132,49.409,88.574,32,958,2539
2025-04-07,54,5,506,139,24,9.459,51.379,32,487,790
2025-04-14,54,5,376,167,17,9.459,51.379,32,487,790
2025-04-21,54,5,418,264,37,9.459,51.379,32,487,790
2025-04-28,54,5,428,157,16,9.459,51.379,32,487,790
2025-05-05,54,5,537,259,18,9.459,51.379,32,487,790
2025-05-12,54,5,499,139,14,9.459,51.379,32,487,790
2025-05-19,54,5,467,133,20,9.459,51.379,32,487,790
2025-05-26,54,5,554,162,12,9.459,51.379,32,487,790
2025-06-02,54,5,424,220,15,9.459,51.379,32,487,790
2025-06-09,54,5,480,317,33,9.459,51.379,32,487,790
2025-06-16,54,5,398,291,10,9.459,51.379,32,487,790
2025-06-23,54,5,421,305,26,9.459,51.379,32,487,790
2025-06-30,54,5,359,162,26,9.459,51.379,32,487,790
2025-04-07,54,6,435,323,25,23.642,61.829,32,621,1377
2025-04-14,54,6,382,214,67,23.642,61.829,32,621,1377
2025-04-21,54,6,492,96,73,23.642,61.829,32,621,1377
2025-04-28,54,6,315,202,44,23.642,61.829,32,621,1377
2025-05-05,54,6,427,254,83,23.642,61.829,32,621,1377
2025-05-12,54,6,381,284,88,23.642,61.829,32,621,1377
2025-05-19,54,6,524,127,91,23.642,61.829,32,621,1377
2025-05-26,54,6,481,146,89,23.642,61.829,32,621,1377
2025-06-02,54,6,471,165,76,23.642,61.829,32,621,1377
2025-06-09,54,6,496,190,70,23.642,61.829,32,621,1377
2025-06-16,54,6,463,175,59,23.642,61.829,32,621,1377
2025-06-23,54,6,436,168,35,23.642,61.829,32,621,1377
2025-06-30,54,6,497,96,69,23.642,61.829,32,621,1377
2025-04-07,54,7,377,232,13,7.956,59.638,32,560,815
2025-04-14,54,7,487,154,18,7.956,59.638,32,560,815
2025-04-21,54,7,477,283,10,7.956,59.638,32,560,815
2025-04-28,54,7,487,219,26,7.956,59.638,32,560,815
2025-05-05,54,7,421,197,14,7.956,59.638,32,560,815
2025-05-12,54,7,497,154,22,7.956,59.638,32,560,815
2025-05-19,54,7,357,179,12,7.956,59.638,32,560,815
2025-05-26,54,7,459,238,24,7.956,59.638,32,560,815
2025-06-02,54,7,493,202,14,7.956,59.638,32,560,815
2025-06-09,54,7,510,209,10,7.956,59.638,32,560,815
2025-06-16,54,7,487,171,27,7.956,59.638,32,560,815
2025-06-23,54,7,471,194,19,7.956,59.638,32,560,815
2025-06-30,54,7,500,242,16,7.956,59.638,32,560,815
2025-04-07,54,8,886,350,78,30.159,78.977,32,793,1758
2025-04-14,54,8,968,489,109,30.159,78.977,32,793,1758
2025-04-21,54,8,916,509,75,30.159,78.977,32,793,1758
2025-04-28,54,8,1302,355,116,30.159,78.977,32,793,1758
2025-05-05,54,8,819,602,68,30.159,78.977,32,793,1758
2025-05-12,54,8,1047,422,74,30.159,78.977,32,793,1758
2025-05-19,54,8,1067,265,94,30.159,78.977,32,793,1758
2025-05-26,54,8,1311,296,94,30.159,78.977,32,793,1758
2025-06-02,54,8,1271,233,53,30.159,78.977,32,793,1758
2025-06-09,54,8,965,339,112,30.159,78.977,32,793,1758
2025-06-16,54,8,1155,264,35,30.159,78.977,32,793,1758
2025-06-23,54,8,844,483,115,30.159,78.977,32,793,1758
2025-06-30,54,8,958,450,52,30.159,78.977,32,793,1758
2025-04-07,55,1,1817,974,106,31.385,76.365,41,882,2169
2025-04-14,55,1,2015,968,66,31.385,76.365,41,882,2169
2025-04-21,55,1,2256,592,109,31.385,76.365,41,882,2169
2025-04-28,55,1,2226,578,89,31.385,76.365,41,882,2169
2025-05-05,55,1,2104,858,62,31.385,76.365,41,882,2169
2025-05-12,55,1,2083,518,78,31.385,76.365,41,882,2169
2025-05-19,55,1,1484,1028,71,31.385,76.365,41,882,2169
2025-05-26,55,1,2333,754,87,31.385,76.365,41,882,2169
2025-06-02,55,1,2124,451,73,31.385,76.365,41,882,2169
2025-06-09,55,1,2176,839,116,31.385,76.365,41,882,2169
2025-06-16,55,1,1376,885,63,31.385,76.365,41,882,2169
2025-06-23,55,1,1909,738,105,31.385,76.365,41,882,2169
2025-06-30,55,1,2059,483,51,31.385,76.365,41,882,2169
2025-04-07,55,2,814,274,49,13.857,48.351,41,534,1102
2025-04-14,55,2,942,372,49,13.857,48.351,41,534,1102
2025-04-21,55,2,842,159,43,13.857,48.351,41,534,1102
2025-04-28,55,2,698,339,29,13.857,48.351,41,534,1102
2025-05-05,55,2,903,251,20,13.857,48.351,41,534,1102
2025-05-12,55,2,619,365,31,13.857,48.351,41,534,1102
2025-05-19,55,2,621,344,15,13.857,48.351,41,534,1102
2025-05-26,55,2,691,431,21,13.857,48.351,41,534,1102
2025-06-02,55,2,887,200,30,13.857,48.351,41,534,1102
2025-06-09,55,2,579,452,24,13.857,48.351,41,534,1102
2025-06-16,55,2,612,435,30,13.857,48.351,41,534,1102
2025-06-23,55,2,627,331,49,13.857,48.351,41,534,1102
2025-06-30,55,2,674,417,48,13.857,48.351,41,534,1102
2025-04-07,55,3,1242,481,111,33.435,68.893,41,821,2192
2025-04-14,55,3,1519,482,122,33.435,68.893,41,821,2192
2025-04-21,55,3,1000,646,95,33.435,68.893,41,821,2192
2025-04-28,55,3,1560,353,112,33.435,68.893,41,821,2192
2025-05-05,55,3,938,677,43,33.435,68.893,41,821,2192
2025-05-12,55,3,1365,296,124,33.435,68.893,41,821,2192
2025-05-19,55,3,1355,478,129,33.435,68.893,41,821,2192
2025-05-26,55,3,1376,260,123,33.435,68.893,41,821,2192
2025-06-02,55,3,1305,499,49,33.435,68.893,41,821,2192
2025-06-09,55,3,1150,266,43,33.435,68.893,41,821,2192
2025-06-16,55,3,987,807,120,33.435,68.893,41,821,2192
2025-06-23,55,3,1034,702,80,33.435,68.893,41,821,2192
2025-06-30,55,3,1212,393,60,33.435,68.893,41,821,2192
2025-04-07,55,4,1069,754,73,22.893,89.336,41,977,1916
2025-04-14,55,4,1496,268,84,22.893,89.336,41,977,1916
2025-04-21,55,4,1263,679,55,22.893,89.336,41,977,1916
2025-04-28,55,4,1645,377,48,22.893,89.336,41,977,1916
2025-05-05,55,4,1141,883,39,22.893,89.336,41,977,1916
2025-05-12,55,4,1046,851,85,22.893,89.336,41,977,1916
2025-05-19,55,4,1274,662,82,22.893,89.336,41,977,1916
2025-05-26,55,4,1219,582,76,22.893,89.336,41,977,1916
2025-06-02,55,4,1108,863,40,22.893,89.336,41,977,1916
2025-06-09,55,4,1254,800,86,22.893,89.336,41,977,1916
2025-06-16,55,4,1243,678,69,22.893,89.336,41,977,1916
2025-06-23,55,4,1305,395,53,22.893,89.336,41,977,1916
2025-06-30,55,4,1074,846,34,22.893,89.336,41,977,1916
2025-04-07,55,5,807,161,14,4.636,64.041,41,677,867
2025-04-14,55,5,664,242,16,4.636,64.041,41,677,867
2025-04-21,55,5,569,276,13,4.636,64.041,41,677,867
2025-04-28,55,5,596,213,16,4.636,64.041,41,677,867
2025-05-05,55,5,774,162,11,4.636,64.041,41,677,867
2025-05-12,55,5,542,150,8,4.636,64.041,41,677,867
2025-05-19,55,5,453,268,15,4.636,64.041,41,677,867
2025-05-26,55,5,477,346,12,4.636,64.041,41,677,867
2025-06-02,55,5,493,329,16,4.636,64.041,41,677,867
2025-06-09,55,5,562,281,6,4.636,64.041,41,677,867
2025-06-16,55,5,751,228,6,4.636,64.041,41,677,867
2025-06-23,55,5,619,217,5,4.636,64.041,41,677,867
2025-06-30,55,5,615,189,10,4.636,64.041,41,677,867
2025-04-07,55,6,2985,1775,44,32.594,80.364,41,926,2262
2025-04-14,55,6,2585,869,79,32.594,80.364,41,926,2262
2025-04-21,55,6,3642,1148,45,32.594,80.364,41,926,2262
2025-04-28,55,6,2221,1738,72,32.594,80.364,41,926,2262
2025-05-05,55,6,3433,954,46,32.594,80.364,41,926,2262
2025-05-12,55,6,3249,1104,107,32.594,80.364,41,926,2262
2025-05-19,55,6,2406,1807,91,32.594,80.364,41,926,2262
2025-05-26,55,6,2782,1848,102,32.594,80.364,41,926,2262
2025-06-02,55,6,1979,1352,54,32.594,80.364,41,926,2262
2025-06-09,55,6,2579,1847,83,32.594,80.364,41,926,2262
2025-06-16,55,6,3328,699,127,32.594,80.364,41,926,2262
2025-06-23,55,6,3665,762,41,32.594,80.364,41,926,2262
2025-06-30,55,6,2329,1296,129,32.594,80.364,41,926,2262
2025-04-07,55,7,1702,459,69,34.688,82.509,41,956,2379
2025-04-14,55,7,1678,543,66,34.688,82.509,41,956,2379
2025-04-21,55,7,1307,1014,115,34.688,82.509,41,956,2379
2025-04-28,55,7,2037,435,126,34.688,82.509,41,956,2379
2025-05-05,55,7,2064,445,87,34.688,82.509,41,956,2379
2025-05-12,55,7,1583,703,36,34.688,82.509,41,956,2379
2025-05-19,55,7,1290,594,132,34.688,82.509,41,956,2379
2025-05-26,55,7,1595,445,105,34.688,82.509,41,956,2379
2025-06-02,55,7,1495,597,136,34.688,82.509,41,956,2379
2025-06-09,55,7,1807,526,109,34.688,82.509,41,956,2379
2025-06-16,55,7,1723,410,130,34.688,82.509,41,956,2379
2025-06-23,55,7,1286,769,62,34.688,82.509,41,956,2379
2025-06-30,55,7,1859,408,132,34.688,82.509,41,956,2379
2025-04-07,55,8,1098,391,81,25.624,70.764,41,802,1852
2025-04-14,55,8,1118,538,97,25.624,70.764,41,802,1852
2025-04-21,55,8,934,749,34,25.624,70.764,41,802,1852
2025-04-28,55,8,1134,490,36,25.624,70.764,41,802,1852
2025-05-05,55,8,979,509,99,25.624,70.764,41,802,1852
2025-05-12,55,8,1206,252,39,25.624,70.764,41,802,1852
2025-05-19,55,8,969,611,66,25.624,70.764,41,802,1852
2025-05-26,55,8,810,438,89,25.624,70.764,41,802,1852
2025-06-02,55,8,1111,410,88,25.624,70.764,41,802,1852
2025-06-09,55,8,882,527,91,25.624,70.764,41,802,1852
2025-06-16,55,8,1083,545,30,25.624,70.764,41,802,1852
2025-06-23,55,8,947,650,41,25.624,70.764,41,802,1852
2025-06-30,55,8,1313,328,101,25.624,70.764,41,802,1852
2025-04-07,56,1,1316,248,71,22.889,80.589,36,827,1651
2025-04-14,56,1,914,636,70,22.889,80.589,36,827,1651
2025-04-21,56,1,1219,263,48,22.889,80.589,36,827,1651
2025-04-28,56,1,1189,450,78,22.889,80.589,36,827,1651
2025-05-05,56,1,1058,858,70,22.889,80.589,36,827,1651
2025-05-12,56,1,1361,492,66,22.889,80.589,36,827,1651
2025-05-19,56,1,1067,731,31,22.889,80.589,36,827,1651
2025-05-26,56,1,1186,251,25,22.889,80.589,36,827,1651
2025-06-02,56,1,1162,839,71,22.889,80.589,36,827,1651
2025-06-09,56,1,743,546,86,22.889,80.589,36,827,1651
2025-06-16,56,1,911,697,46,22.889,80.589,36,827,1651
2025-06-23,56,1,1015,556,26,22.889,80.589,36,827,1651
2025-06-30,56,1,1045,737,39,22.889,80.589,36,827,1651
2025-04-07,56,2,956,272,28,27.789,76.954,36,808,1808
2025-04-14,56,2,1008,292,32,27.789,76.954,36,808,1808
2025-04-21,56,2,1112,264,77,27.789,76.954,36,808,1808
2025-04-28,56,2,1215,225,85,27.789,76.954,36,808,1808
2025-05-05,56,2,1243,264,54,27.789,76.954,36,808,1808
2025-05-12,56,2,1101,281,36,27.789,76.954,36,808,1808
2025-05-19,56,2,859,392,96,27.789,76.954,36,808,1808
2025-05-26,56,2,1166,383,106,27.789,76.954,36,808,1808
2025-06-02,56,2,951,680,74,27.789,76.954,36,808,1808
2025-06-09,56,2,1105,334,86,27.789,76.954,36,808,1808
2025-06-16,56,2,1008,640,106,27.789,76.954,36,808,1808
2025-06-23,56,2,906,446,110,27.789,76.954,36,808,1808
2025-06-30,56,2,1006,358,89,27.789,76.954,36,808,1808
2025-04-07,56,3,794,391,60,15.67,56.258,36,576,1141
2025-04-14,56,3,669,171,51,15.67,56.258,36,576,1141
2025-04-21,56,3,630,181,51,15.67,56.258,36,576,1141
2025-04-28,56,3,517,325,24,15.67,56.258,36,576,1141
2025-05-05,56,3,568,235,20,15.67,56.258,36,576,1141
2025-05-12,56,3,693,222,21,15.67,56.258,36,576,1141
2025-05-19,56,3,795,216,23,15.67,56.258,36,576,1141
2025-05-26,56,3,556,268,34,15.67,56.258,36,576,1141
2025-06-02,56,3,681,272,46,15.67,56.258,36,576,1141
2025-06-09,56,3,661,345,26,15.67,56.258,36,576,1141
2025-06-16,56,3,817,149,16,15.67,56.258,36,576,1141
2025-06-23,56,3,723,185,60,15.67,56.258,36,576,1141
2025-06-30,56,3,629,252,45,15.67,56.258,36,576,1141
2025-04-07,56,4,584,104,24,7.785,50.795,36,507,787
2025-04-14,56,4,536,247,27,7.785,50.795,36,507,787
2025-04-21,56,4,681,227,15,7.785,50.795,36,507,787
2025-04-28,56,4,385,311,29,7.785,50.795,36,507,787
2025-05-05,56,4,709,208,29,7.785,50.795,36,507,787
2025-05-12,56,4,536,241,12,7.785,50.795,36,507,787
2025-05-19,56,4,469,160,30,7.785,50.795,36,507,787
2025-05-26,56,4,653,185,20,7.785,50.795,36,507,787
2025-06-02,56,4,640,119,28,7.785,50.795,36,507,787
2025-06-09,56,4,473,319,28,7.785,50.795,36,507,787
2025-06-16,56,4,442,342,9,7.785,50.795,36,507,787
2025-06-23,56,4,458,291,17,7.785,50.795,36,507,787
2025-06-30,56,4,557,174,17,7.785,50.795,36,507,787
2025-04-07,56,5,1530,480,59,15.175,77.396,36,778,1325
2025-04-14,56,5,1188,589,30,15.175,77.396,36,778,1325
2025-04-21,56,5,1387,363,40,15.175,77.396,36,778,1325
2025-04-28,56,5,1007,595,41,15.175,77.396,36,778,1325
2025-05-05,56,5,1131,657,56,15.175,77.396,36,778,1325
2025-05-12,56,5,946,597,56,15.175,77.396,36,778,1325
2025-05-19,56,5,1359,511,50,15.175,77.396,36,778,1325
2025-05-26,56,5,1047,633,37,15.175,77.396,36,778,1325
2025-06-02,56,5,1145,711,50,15.175,77.396,36,778,1325
2025-06-09,56,5,1128,619,45,15.175,77.396,36,778,1325
2025-06-16,56,5,1095,724,53,15.175,77.396,36,778,1325
2025-06-23,56,5,1161,413,38,15.175,77.396,36,778,1325
2025-06-30,56,5,1149,515,52,15.175,77.396,36,778,1325
2025-04-07,56,6,1540,574,83,23.051,77.064,36,794,1624
2025-04-14,56,6,2015,423,68,23.051,77.064,36,794,1624
2025-04-21,56,6,1410,990,67,23.051,77.064,36,794,1624
2025-04-28,56,6,1695,841,69,23.051,77.064,36,794,1624
2025-05-05,56,6,1514,909,76,23.051,77.064,36,794,1624
2025-05-12,56,6,1858,357,91,23.051,77.064,36,794,1624
2025-05-19,56,6,1511,588,39,23.051,77.064,36,794,1624
2025-05-26,56,6,1888,345,58,23.051,77.064,36,794,1624
2025-06-02,56,6,1387,976,27,23.051,77.064,36,794,1624
2025-06-09,56,6,1362,362,77,23.051,77.064,36,794,1624
2025-06-16,56,6,1524,406,40,23.051,77.064,36,794,1624
2025-06-23,56,6,1683,320,33,23.051,77.064,36,794,1624
2025-06-30,56,6,1169,782,46,23.051,77.064,36,794,1624
2025-04-07,56,7,2459,605,104,46.612,77.391,36,892,2570
2025-04-14,56,7,1991,770,136,46.612,77.391,36,892,2570
2025-04-21,56,7,1928,990,80,46.612,77.391,36,892,2570
2025-04-28,56,7,1640,1040,59,46.612,77.391,36,892,2570
2025-05-05,56,7,2149,473,57,46.612,77.391,36,892,2570
2025-05-12,56,7,1170,538,48,46.612,77.391,36,892,2570
2025-05-19,56,7,1526,1239,67,46.612,77.391,36,892,2570
2025-05-26,56,7,1934,894,89,46.612,77.391,36,892,2570
2025-06-02,56,7,1686,821,178,46.612,77.391,36,892,2570
2025-06-09,56,7,1861,900,136,46.612,77.391,36,892,2570
2025-06-16,56,7,1563,1096,139,46.612,77.391,36,892,2570
2025-06-23,56,7,1930,867,111,46.612,77.391,36,892,2570
2025-06-30,56,7,2208,424,71,46.612,77.391,36,892,2570
2025-04-07,56,8,2433,573,47,16.372,73.294,36,741,1331
2025-04-14,56,8,2165,456,59,16.372,73.294,36,741,1331
2025-04-21,56,8,1572,1082,20,16.372,73.294,36,741,1331
2025-04-28,56,8,1580,731,23,16.372,73.294,36,741,1331
2025-05-05,56,8,1711,1246,19,16.372,73.294,36,741,1331
2025-05-12,56,8,1751,654,54,16.372,73.294,36,741,1331
2025-05-19,56,8,2047,833,55,16.372,73.294,36,741,1331
2025-05-26,56,8,2355,567,44,16.372,73.294,36,741,1331
2025-06-02,56,8,2187,541,26,16.372,73.294,36,741,1331
2025-06-09,56,8,1839,346,23,16.372,73.294,36,741,1331
2025-06-16,56,8,1581,842,44,16.372,73.294,36,741,1331
2025-06-23,56,8,1714,734,59,16.372,73.294,36,741,1331
2025-06-30,56,8,2130,703,59,16.372,73.294,36,741,1331
2025-04-07,57,1,575,379,22,9.021,82.694,33,787,1084
2025-04-14,57,1,699,133,12,9.021,82.694,33,787,1084
2025-04-21,57,1,696,166,13,9.021,82.694,33,787,1084
2025-04-28,57,1,766,159,28,9.021,82.694,33,787,1084
2025-05-05,57,1,637,266,32,9.021,82.694,33,787,1084
2025-05-12,57,1,700,280,15,9.021,82.694,33,787,1084
2025-05-19,57,1,614,327,24,9.021,82.694,33,787,1084
2025-05-26,57,1,744,178,26,9.021,82.694,33,787,1084
2025-06-02,57,1,536,160,32,9.021,82.694,33,787,1084
2025-06-09,57,1,863,191,14,9.021,82.694,33,787,1084
2025-06-16,57,1,492,302,27,9.021,82.694,33,787,1084
2025-06-23,57,1,788,148,17,9.021,82.694,33,787,1084
2025-06-30,57,1,752,157,18,9.021,82.694,33,787,1084
2025-04-07,57,2,2286,651,26,19.856,85.304,33,830,1485
2025-04-14,57,2,1787,1257,52,19.856,85.304,33,830,1485
2025-04-21,57,2,2182,837,51,19.856,85.304,33,830,1485
2025-04-28,57,2,1811,760,44,19.856,85.304,33,830,1485
2025-05-05,57,2,1695,1077,43,19.856,85.304,33,830,1485
2025-05-12,57,2,1956,1282,74,19.856,85.304,33,830,1485
2025-05-19,57,2,1459,782,34,19.856,85.304,33,830,1485
2025-05-26,57,2,1906,884,58,19.856,85.304,33,830,1485
2025-06-02,57,2,1782,1321,62,19.856,85.304,33,830,1485
2025-06-09,57,2,2029,1298,33,19.856,85.304,33,830,1485
2025-06-16,57,2,1754,822,61,19.856,85.304,33,830,1485
2025-06-23,57,2,1838,1068,45,19.856,85.304,33,830,1485
2025-06-30,57,2,2330,935,33,19.856,85.304,33,830,1485
2025-04-07,57,3,1039,380,44,16.523,72.139,33,701,1246
2025-04-14,57,3,1133,205,22,16.523,72.139,33,701,1246
2025-04-21,57,3,736,533,39,16.523,72.139,33,701,1246
2025-04-28,57,3,1076,289,30,16.523,72.139,33,701,1246
2025-05-05,57,3,1021,388,35,16.523,72.139,33,701,1246
2025-05-12,57,3,990,218,40,16.523,72.139,33,701,1246
2025-05-19,57,3,1140,337,23,16.523,72.139,33,701,1246
2025-05-26,57,3,757,276,26,16.523,72.139,33,701,1246
2025-06-02,57,3,793,354,52,16.523,72.139,33,701,1246
2025-06-09,57,3,1111,220,29,16.523,72.139,33,701,1246
2025-06-16,57,3,808,443,33,16.523,72.139,33,701,1246
2025-06-23,57,3,710,479,37,16.523,72.139,33,701,1246
2025-06-30,57,3,786,508,20,16.523,72.139,33,701,1246
2025-04-07,57,4,1148,731,98,26.187,71.106,33,720,1584
2025-04-14,57,4,1482,395,50,26.187,71.106,33,720,1584
2025-04-21,57,4,806,644,102,26.187,71.106,33,720,1584
2025-04-28,57,4,1147,326,39,26.187,71.106,33,720,1584
2025-05-05,57,4,1091,226,38,26.187,71.106,33,720,1584
2025-05-12,57,4,1170,809,65,26.187,71.106,33,720,1584
2025-05-19,57,4,1161,464,88,26.187,71.106,33,720,1584
2025-05-26,57,4,1059,779,54,26.187,71.106,33,720,1584
2025-06-02,57,4,908,464,68,26.187,71.106,33,720,1584
2025-06-09,57,4,1377,606,33,26.187,71.106,33,720,1584
2025-06-16,57,4,1417,252,40,26.187,71.106,33,720,1584
2025-06-23,57,4,1065,499,95,26.187,71.106,33,720,1584
2025-06-30,57,4,884,452,100,26.187,71.106,33,720,1584
2025-04-07,57,5,1090,379,56,19.222,58.912,33,588,1222
2025-04-14,57,5,1054,439,49,19.222,58.912,33,588,1222
2025-04-21,57,5,841,562,56,19.222,58.912,33,588,1222
2025-04-28,57,5,955,617,63,19.222,58.912,33,588,1222
2025-05-05,57,5,1257,546,31,19.222,58.912,33,588,1222
2025-05-12,57,5,1248,426,69,19.222,58.912,33,588,1222
2025-05-19,57,5,945,501,50,19.222,58.912,33,588,1222
2025-05-26,57,5,1041,635,58,19.222,58.912,33,588,1222
2025-06-02,57,5,1397,277,35,19.222,58.912,33,588,1222
2025-06-09,57,5,1197,768,46,19.222,58.912,33,588,1222
2025-06-16,57,5,1297,359,58,19.222,58.912,33,588,1222
2025-06-23,57,5,1222,462,35,19.222,58.912,33,588,1222
2025-06-30,57,5,953,750,64,19.222,58.912,33,588,1222
2025-04-07,57,6,1955,412,50,18.734,65.278,33,644,1262
2025-04-14,57,6,2217,433,43,18.734,65.278,33,644,1262
2025-04-21,57,6,1490,931,43,18.734,65.278,33,644,1262
2025-04-28,57,6,2384,458,38,18.734,65.278,33,644,1262
2025-05-05,57,6,1519,743,34,18.734,65.278,33,644,1262
2025-05-12,57,6,1526,814,71,18.734,65.278,33,644,1262
2025-05-19,57,6,1389,968,45,18.734,65.278,33,644,1262
2025-05-26,57,6,1852,763,72,18.734,65.278,33,644,1262
2025-06-02,57,6,1622,859,69,18.734,65.278,33,644,1262
2025-06-09,57,6,2445,450,54,18.734,65.278,33,644,1262
2025-06-16,57,6,1313,707,63,18.734,65.278,33,644,1262
2025-06-23,57,6,1919,520,48,18.734,65.278,33,644,1262
2025-06-30,57,6,1584,922,60,18.734,65.278,33,644,1262
2025-04-07,57,7,980,392,32,24.885,77.925,33,776,1597
2025-04-14,57,7,1008,221,38,24.885,77.925,33,776,1597
2025-04-21,57,7,660,488,45,24.885,77.925,33,776,1597
2025-04-28,57,7,818,496,92,24.885,77.925,33,776,1597
2025-05-05,57,7,1141,212,43,24.885,77.925,33,776,1597
2025-05-12,57,7,996,419,85,24.885,77.925,33,776,1597
2025-05-19,57,7,854,430,99,24.885,77.925,33,776,1597
2025-05-26,57,7,965,480,96,24.885,77.925,33,776,1597
2025-06-02,57,7,841,475,74,24.885,77.925,33,776,1597
2025-06-09,57,7,848,608,29,24.885,77.925,33,776,1597
2025-06-16,57,7,784,512,46,24.885,77.925,33,776,1597
2025-06-23,57,7,1076,273,71,24.885,77.925,33,776,1597
2025-06-30,57,7,734,399,51,24.885,77.925,33,776,1597
2025-04-07,57,8,1257,522,47,37.696,67.104,33,735,1979
2025-04-14,57,8,1348,559,141,37.696,67.104,33,735,1979
2025-04-21,57,8,1499,289,111,37.696,67.104,33,735,1979
2025-04-28,57,8,1576,361,73,37.696,67.104,33,735,1979
2025-05-05,57,8,1406,352,88,37.696,67.104,33,735,1979
2025-05-12,57,8,1540,370,104,37.696,67.104,33,735,1979
2025-05-19,57,8,1633,791,78,37.696,67.104,33,735,1979
2025-05-26,57,8,1364,669,129,37.696,67.104,33,735,1979
2025-06-02,57,8,1328,513,144,37.696,67.104,33,735,1979
2025-06-09,57,8,1419,477,136,37.696,67.104,33,735,1979
2025-06-16,57,8,1187,678,88,37.696,67.104,33,735,1979
2025-06-23,57,8,1464,615,53,37.696,67.104,33,735,1979
2025-06-30,57,8,1340,668,41,37.696,67.104,33,735,1979
2025-04-07,58,1,1497,757,72,25.233,78.042,46,932,2093
2025-04-14,58,1,1690,1339,78,25.233,78.042,46,932,2093
2025-04-21,58,1,2311,1202,77,25.233,78.042,46,932,2093
2025-04-28,58,1,2553,478,63,25.233,78.042,46,932,2093
2025-05-05,58,1,1647,1260,34,25.233,78.042,46,932,2093
2025-05-12,58,1,1596,1104,39,25.233,78.042,46,932,2093
2025-05-19,58,1,1898,891,54,25.233,78.042,46,932,2093
2025-05-26,58,1,2012,499,72,25.233,78.042,46,932,2093
2025-06-02,58,1,1564,1207,95,25.233,78.042,46,932,2093
2025-06-09,58,1,1374,807,100,25.233,78.042,46,932,2093
2025-06-16,58,1,1265,966,55,25.233,78.042,46,932,2093
2025-06-23,58,1,2106,687,93,25.233,78.042,46,932,2093
2025-06-30,58,1,2130,869,101,25.233,78.042,46,932,2093
2025-04-07,58,2,1983,779,64,23.114,66.492,46,802,1865
2025-04-14,58,2,1684,627,28,23.114,66.492,46,802,1865
2025-04-21,58,2,1555,449,30,23.114,66.492,46,802,1865
2025-04-28,58,2,1402,985,49,23.114,66.492,46,802,1865
2025-05-05,58,2,1907,674,78,23.114,66.492,46,802,1865
2025-05-12,58,2,1993,491,57,23.114,66.492,46,802,1865
2025-05-19,58,2,1348,667,62,23.114,66.492,46,802,1865
2025-05-26,58,2,1344,763,56,23.114,66.492,46,802,1865
2025-06-02,58,2,1830,478,55,23.114,66.492,46,802,1865
2025-06-09,58,2,1678,889,35,23.114,66.492,46,802,1865
2025-06-16,58,2,1241,511,52,23.114,66.492,46,802,1865
2025-06-23,58,2,1098,756,33,23.114,66.492,46,802,1865
2025-06-30,58,2,1404,818,79,23.114,66.492,46,802,1865
2025-04-07,58,3,2048,370,81,36.601,99.545,46,1211,2894
2025-04-14,58,3,1927,503,114,36.601,99.545,46,1211,2894
2025-04-21,58,3,1498,700,117,36.601,99.545,46,1211,2894
2025-04-28,58,3,1555,583,100,36.601,99.545,46,1211,2894
2025-05-05,58,3,1104,851,95,36.601,99.545,46,1211,2894
2025-05-12,58,3,1400,504,71,36.601,99.545,46,1211,2894
2025-05-19,58,3,1809,730,118,36.601,99.545,46,1211,2894
2025-05-26,58,3,1491,901,44,36.601,99.545,46,1211,2894
2025-06-02,58,3,1506,715,84,36.601,99.545,46,1211,2894
2025-06-09,58,3,1328,927,104,36.601,99.545,46,1211,2894
2025-06-16,58,3,1182,834,88,36.601,99.545,46,1211,2894
2025-06-23,58,3,1165,690,120,36.601,99.545,46,1211,2894
2025-06-30,58,3,1309,423,146,36.601,99.545,46,1211,2894
2025-04-07,58,4,499,184,47,12.287,73.722,46,838,1403
2025-04-14,58,4,447,82,21,12.287,73.722,46,838,1403
2025-04-21,58,4,519,153,26,12.287,73.722,46,838,1403
2025-04-28,58,4,467,245,16,12.287,73.722,46,838,1403
2025-05-05,58,4,528,99,34,12.287,73.722,46,838,1403
2025-05-12,58,4,297,234,43,12.287,73.722,46,838,1403
2025-05-19,58,4,428,136,30,12.287,73.722,46,838,1403
2025-05-26,58,4,433,156,15,12.287,73.722,46,838,1403
2025-06-02,58,4,307,242,20,12.287,73.722,46,838,1403
2025-06-09,58,4,338,163,22,12.287,73.722,46,838,1403
2025-06-16,58,4,414,104,49,12.287,73.722,46,838,1403
2025-06-23,58,4,367,210,24,12.287,73.722,46,838,1403
2025-06-30,58,4,419,167,48,12.287,73.722,46,838,1403
2025-04-07,58,5,1553,434,63,22.954,78.293,46,924,1980
2025-04-14,58,5,1316,547,32,22.954,78.293,46,924,1980
2025-04-21,58,5,1081,654,65,22.954,78.293,46,924,1980
2025-04-28,58,5,1477,680,36,22.954,78.293,46,924,1980
2025-05-05,58,5,1177,658,52,22.954,78.293,46,924,1980
2025-05-12,58,5,1464,382,33,22.954,78.293,46,924,1980
2025-05-19,58,5,1231,918,27,22.954,78.293,46,924,1980
2025-05-26,58,5,1304,420,58,22.954,78.293,46,924,1980
2025-06-02,58,5,982,801,48,22.954,78.293,46,924,1980
2025-06-09,58,5,1377,411,34,22.954,78.293,46,924,1980
2025-06-16,58,5,996,534,50,22.954,78.293,46,924,1980
2025-06-23,58,5,1393,732,27,22.954,78.293,46,924,1980
2025-06-30,58,5,1079,688,43,22.954,78.293,46,924,1980
2025-04-07,58,6,830,353,44,11.669,47.285,46,549,1086
2025-04-14,58,6,613,478,21,11.669,47.285,46,549,1086
2025-04-21,58,6,749,232,37,11.669,47.285,46,549,1086
2025-04-28,58,6,646,245,31,11.669,47.285,46,549,1086
2025-05-05,58,6,699,333,21,11.669,47.285,46,549,1086
2025-05-12,58,6,656,307,27,11.669,47.285,46,549,1086
2025-05-19,58,6,752,335,44,11.669,47.285,46,549,1086
2025-05-26,58,6,716,300,34,11.669,47.285,46,549,1086
2025-06-02,58,6,770,192,33,11.669,47.285,46,549,1086
2025-06-09,58,6,654,351,46,11.669,47.285,46,549,1086
2025-06-16,58,6,479,272,29,11.669,47.285,46,549,1086
2025-06-23,58,6,673,452,29,11.669,47.285,46,549,1086
2025-06-30,58,6,578,336,26,11.669,47.285,46,549,1086
2025-04-07,58,7,2039,1167,74,48.066,77.183,46,1068,3280
2025-04-14,58,7,1844,1448,126,48.066,77.183,46,1068,3280
2025-04-21,58,7,1547,1237,62,48.066,77.183,46,1068,3280
2025-04-28,58,7,2602,542,98,48.066,77.183,46,1068,3280
2025-05-05,58,7,2041,808,143,48.066,77.183,46,1068,3280
2025-05-12,58,7,2407,1190,140,48.066,77.183,46,1068,3280
2025-05-19,58,7,2157,1224,85,48.066,77.183,46,1068,3280
2025-05-26,58,7,1911,996,65,48.066,77.183,46,1068,3280
2025-06-02,58,7,2283,604,137,48.066,77.183,46,1068,3280
2025-06-09,58,7,1458,775,49,48.066,77.183,46,1068,3280
2025-06-16,58,7,2779,761,106,48.066,77.183,46,1068,3280
2025-06-23,58,7,1496,1188,182,48.066,77.183,46,1068,3280
2025-06-30,58,7,2115,414,109,48.066,77.183,46,1068,3280
2025-04-07,58,8,2140,383,84,26.036,71.215,46,865,2063
2025-04-14,58,8,1817,449,44,26.036,71.215,46,865,2063
2025-04-21,58,8,1849,782,67,26.036,71.215,46,865,2063
2025-04-28,58,8,2476,584,35,26.036,71.215,46,865,2063
2025-05-05,58,8,2364,439,36,26.036,71.215,46,865,2063
2025-05-12,58,8,2279,453,85,26.036,71.215,46,865,2063
2025-05-19,58,8,2052,424,90,26.036,71.215,46,865,2063
2025-05-26,58,8,1779,948,32,26.036,71.215,46,865,2063
2025-06-02,58,8,1505,766,36,26.036,71.215,46,865,2063
2025-06-09,58,8,1487,801,57,26.036,71.215,46,865,2063
2025-06-16,58,8,1443,1164,59,26.036,71.215,46,865,2063
2025-06-23,58,8,2165,568,31,26.036,71.215,46,865,2063
2025-06-30,58,8,1949,590,95,26.036,71.215,46,865,2063
2025-04-07,59,1,1377,708,81,25.798,65.68,44,793,1928
2025-04-14,59,1,1420,880,40,25.798,65.68,44,793,1928
2025-04-21,59,1,1850,941,35,25.798,65.68,44,793,1928
2025-04-28,59,1,2155,468,67,25.798,65.68,44,793,1928
2025-05-05,59,1,1964,522,102,25.798,65.68,44,793,1928
2025-05-12,59,1,1333,792,31,25.798,65.68,44,793,1928
2025-05-19,59,1,1873,469,59,25.798,65.68,44,793,1928
2025-05-26,59,1,1667,428,57,25.798,65.68,44,793,1928
2025-06-02,59,1,1949,554,102,25.798,65.68,44,793,1928
2025-06-09,59,1,1754,340,54,25.798,65.68,44,793,1928
2025-06-16,59,1,1388,771,44,25.798,65.68,44,793,1928
2025-06-23,59,1,1965,696,63,25.798,65.68,44,793,1928
2025-06-30,59,1,2083,390,95,25.798,65.68,44,793,1928
2025-04-07,59,2,476,114,40,16.251,58.589,44,674,1389
2025-04-14,59,2,506,176,40,16.251,58.589,44,674,1389
2025-04-21,59,2,341,206,51,16.251,58.589,44,674,1389
2025-04-28,59,2,369,203,23,16.251,58.589,44,674,1389
2025-05-05,59,2,324,245,18,16.251,58.589,44,674,1389
2025-05-12,59,2,504,128,33,16.251,58.589,44,674,1389
2025-05-19,59,2,364,194,62,16.251,58.589,44,674,1389
2025-05-26,59,2,397,189,43,16.251,58.589,44,674,1389
2025-06-02,59,2,438,146,63,16.251,58.589,44,674,1389
2025-06-09,59,2,429,175,61,16.251,58.589,44,674,1389
2025-06-16,59,2,312,242,29,16.251,58.589,44,674,1389
2025-06-23,59,2,390,210,50,16.251,58.589,44,674,1389
2025-06-30,59,2,423,188,32,16.251,58.589,44,674,1389
2025-04-07,59,3,3335,1077,116,36.127,54.537,44,762,2351
2025-04-14,59,3,3957,705,82,36.127,54.537,44,762,2351
2025-04-21,59,3,3508,928,71,36.127,54.537,44,762,2351
2025-04-28,59,3,3358,803,48,36.127,54.537,44,762,2351
2025-05-05,59,3,2631,1332,38,36.127,54.537,44,762,2351
2025-05-12,59,3,3438,1195,108,36.127,54.537,44,762,2351
2025-05-19,59,3,2471,1736,38,36.127,54.537,44,762,2351
2025-05-26,59,3,2521,816,115,36.127,54.537,44,762,2351
2025-06-02,59,3,3257,671,98,36.127,54.537,44,762,2351
2025-06-09,59,3,3315,987,46,36.127,54.537,44,762,2351
2025-06-16,59,3,2463,1920,108,36.127,54.537,44,762,2351
2025-06-23,59,3,3459,980,77,36.127,54.537,44,762,2351
2025-06-30,59,3,3052,706,76,36.127,54.537,44,762,2351
2025-04-07,59,4,1051,519,36,14.934,65.184,44,738,1395
2025-04-14,59,4,849,663,58,14.934,65.184,44,738,1395
2025-04-21,59,4,846,572,37,14.934,65.184,44,738,1395
2025-04-28,59,4,783,570,18,14.934,65.184,44,738,1395
2025-05-05,59,4,834,632,41,14.934,65.184,44,738,1395
2025-05-12,59,4,1048,201,57,14.934,65.184,44,738,1395
2025-05-19,59,4,1196,275,30,14.934,65.184,44,738,1395
2025-05-26,59,4,864,588,35,14.934,65.184,44,738,1395
2025-06-02,59,4,756,303,28,14.934,65.184,44,738,1395
2025-06-09,59,4,844,321,33,14.934,65.184,44,738,1395
2025-06-16,59,4,768,437,44,14.934,65.184,44,738,1395
2025-06-23,59,4,667,372,43,14.934,65.184,44,738,1395
2025-06-30,59,4,843,317,55,14.934,65.184,44,738,1395
2025-04-07,59,5,1889,1501,75,36.901,71.933,44,923,2547
2025-04-14,59,5,2500,745,83,36.901,71.933,44,923,2547
2025-04-21,59,5,2318,1130,54,36.901,71.933,44,923,2547
2025-04-28,59,5,1778,1247,100,36.901,71.933,44,923,2547
2025-05-05,59,5,1985,979,103,36.901,71.933,44,923,2547
2025-05-12,59,5,3025,817,120,36.901,71.933,44,923,2547
2025-05-19,59,5,2668,802,112,36.901,71.933,44,923,2547
2025-05-26,59,5,2272,1241,57,36.901,71.933,44,923,2547
2025-06-02,59,5,2388,769,72,36.901,71.933,44,923,2547
2025-06-09,59,5,1997,1456,105,36.901,71.933,44,923,2547
2025-06-16,59,5,2356,946,105,36.901,71.933,44,923,2547
2025-06-23,59,5,2720,727,50,36.901,71.933,44,923,2547
2025-06-30,59,5,1901,892,129,36.901,71.933,44,923,2547
2025-04-07,59,6,2556,1164,58,36.239,73.346,44,932,2526
2025-04-14,59,6,1886,1504,107,36.239,73.346,44,932,2526
2025-04-21,59,6,2279,969,108,36.239,73.346,44,932,2526
2025-04-28,59,6,2001,1387,69,36.239,73.346,44,932,2526
2025-05-05,59,6,2387,907,54,36.239,73.346,44,932,2526
2025-05-12,59,6,2423,668,58,36.239,73.346,44,932,2526
2025-05-19,59,6,2049,1404,140,36.239,73.346,44,932,2526
2025-05-26,59,6,2342,1414,66,36.239,73.346,44,932,2526
2025-06-02,59,6,2525,694,72,36.239,73.346,44,932,2526
2025-06-09,59,6,1880,923,42,36.239,73.346,44,932,2526
2025-06-16,59,6,1782,1296,137,36.239,73.346,44,932,2526
2025-06-23,59,6,2523,909,56,36.239,73.346,44,932,2526
2025-06-30,59,6,2206,514,134,36.239,73.346,44,932,2526
2025-04-07,59,7,2268,712,34,16.281,54.874,44,636,1352
2025-04-14,59,7,1922,389,26,16.281,54.874,44,636,1352
2025-04-21,59,7,1730,1287,58,16.281,54.874,44,636,1352
2025-04-28,59,7,1887,945,52,16.281,54.874,44,636,1352
2025-05-05,59,7,1815,558,36,16.281,54.874,44,636,1352
2025-05-12,59,7,1805,449,58,16.281,54.874,44,636,1352
2025-05-19,59,7,1492,904,18,16.281,54.874,44,636,1352
2025-05-26,59,7,1656,1006,33,16.281,54.874,44,636,1352
2025-06-02,59,7,1398,614,46,16.281,54.874,44,636,1352
2025-06-09,59,7,1366,824,50,16.281,54.874,44,636,1352
2025-06-16,59,7,1204,945,24,16.281,54.874,44,636,1352
2025-06-23,59,7,1544,848,44,16.281,54.874,44,636,1352
2025-06-30,59,7,1648,505,45,16.281,54.874,44,636,1352
2025-04-07,59,8,649,131,33,9.753,47.66,44,536,965
2025-04-14,59,8,617,261,30,9.753,47.66,44,536,965
2025-04-21,59,8,796,246,12,9.753,47.66,44,536,965
2025-04-28,59,8,628,313,19,9.753,47.66,44,536,965
2025-05-05,59,8,502,309,11,9.753,47.66,44,536,965
2025-05-12,59,8,535,362,30,9.753,47.66,44,536,965
2025-05-19,59,8,505,365,28,9.753,47.66,44,536,965
2025-05-26,59,8,592,297,31,9.753,47.66,44,536,965
2025-06-02,59,8,552,378,22,9.753,47.66,44,536,965
2025-06-09,59,8,485,377,38,9.753,47.66,44,536,965
2025-06-16,59,8,648,493,19,9.753,47.66,44,536,965
2025-06-23,59,8,825,169,37,9.753,47.66,44,536,965
2025-06-30,59,8,603,212,15,9.753,47.66,44,536,965
2025-04-07,60,1,1038,278,17,10.882,57.092,44,639,1118
2025-04-14,60,1,738,544,43,10.882,57.092,44,639,1118
2025-04-21,60,1,748,524,19,10.882,57.092,44,639,1118
2025-04-28,60,1,1086,298,27,10.882,57.092,44,639,1118
2025-05-05,60,1,1082,229,36,10.882,57.092,44,639,1118
2025-05-12,60,1,1386,295,42,10.882,57.092,44,639,1118
2025-05-19,60,1,948,415,11,10.882,57.092,44,639,1118
2025-05-26,60,1,1223,301,18,10.882,57.092,44,639,1118
2025-06-02,60,1,895,481,17,10.882,57.092,44,639,1118
2025-06-09,60,1,916,721,34,10.882,57.092,44,639,1118
2025-06-16,60,1,1193,406,29,10.882,57.092,44,639,1118
2025-06-23,60,1,783,637,42,10.882,57.092,44,639,1118
2025-06-30,60,1,898,202,37,10.882,57.092,44,639,1118
2025-04-07,60,2,1040,576,9,7.899,70.204,44,773,1121
2025-04-14,60,2,1118,433,23,7.899,70.204,44,773,1121
2025-04-21,60,2,1101,286,22,7.899,70.204,44,773,1121
2025-04-28,60,2,1128,441,30,7.899,70.204,44,773,1121
2025-05-05,60,2,1209,423,13,7.899,70.204,44,773,1121
2025-05-12,60,2,930,226,16,7.899,70.204,44,773,1121
2025-05-19,60,2,897,331,25,7.899,70.204,44,773,1121
2025-05-26,60,2,1213,313,16,7.899,70.204,44,773,1121
2025-06-02,60,2,894,459,29,7.899,70.204,44,773,1121
2025-06-09,60,2,1303,281,21,7.899,70.204,44,773,1121
2025-06-16,60,2,797,497,27,7.899,70.204,44,773,1121
2025-06-23,60,2,1063,302,17,7.899,70.204,44,773,1121
2025-06-30,60,2,1072,433,29,7.899,70.204,44,773,1121
2025-04-07,60,3,796,329,31,19.887,78.031,44,891,1766
2025-04-14,60,3,824,385,22,19.887,78.031,44,891,1766
2025-04-21,60,3,854,461,58,19.887,78.031,44,891,1766
2025-04-28,60,3,901,460,74,19.887,78.031,44,891,1766
2025-05-05,60,3,1114,253,41,19.887,78.031,44,891,1766
2025-05-12,60,3,620,472,76,19.887,78.031,44,891,1766
2025-05-19,60,3,1017,191,66,19.887,78.031,44,891,1766
2025-05-26,60,3,1041,346,75,19.887,78.031,44,891,1766
2025-06-02,60,3,762,446,35,19.887,78.031,44,891,1766
2025-06-09,60,3,865,440,61,19.887,78.031,44,891,1766
2025-06-16,60,3,864,264,48,19.887,78.031,44,891,1766
2025-06-23,60,3,974,217,56,19.887,78.031,44,891,1766
2025-06-30,60,3,850,392,48,19.887,78.031,44,891,1766
2025-04-07,60,4,2086,1010,36,27.548,75.499,44,900,2112
2025-04-14,60,4,2150,975,74,27.548,75.499,44,900,2112
2025-04-21,60,4,1493,795,55,27.548,75.499,44,900,2112
2025-04-28,60,4,2248,444,59,27.548,75.499,44,900,2112
2025-05-05,60,4,1918,434,31,27.548,75.499,44,900,2112
2025-05-12,60,4,2199,434,61,27.548,75.499,44,900,2112
2025-05-19,60,4,2097,387,103,27.548,75.499,44,900,2112
2025-05-26,60,4,1804,1067,53,27.548,75.499,44,900,2112
2025-06-02,60,4,1559,1226,46,27.548,75.499,44,900,2112
2025-06-09,60,4,1288,889,61,27.548,75.499,44,900,2112
2025-06-16,60,4,1743,391,78,27.548,75.499,44,900,2112
2025-06-23,60,4,2245,400,87,27.548,75.499,44,900,2112
2025-06-30,60,4,1998,911,108,27.548,75.499,44,900,2112
2025-04-07,60,5,969,214,99,30.72,80.795,44,970,2322
2025-04-14,60,5,590,453,74,30.72,80.795,44,970,2322
2025-04-21,60,5,805,178,48,30.72,80.795,44,970,2322
2025-04-28,60,5,731,379,94,30.72,80.795,44,970,2322
2025-05-05,60,5,705,307,39,30.72,80.795,44,970,2322
2025-05-12,60,5,786,239,115,30.72,80.795,44,970,2322
2025-05-19,60,5,676,306,35,30.72,80.795,44,970,2322
2025-05-26,60,5,844,167,123,30.72,80.795,44,970,2322
2025-06-02,60,5,645,251,101,30.72,80.795,44,970,2322
2025-06-09,60,5,771,177,90,30.72,80.795,44,970,2322
2025-06-16,60,5,714,230,103,30.72,80.795,44,970,2322
2025-06-23,60,5,576,167,41,30.72,80.795,44,970,2322
2025-06-30,60,5,667,308,90,30.72,80.795,44,970,2322
2025-04-07,60,6,779,423,69,35.07,79.805,44,986,2529
2025-04-14,60,6,725,396,127,35.07,79.805,44,986,2529
2025-04-21,60,6,670,432,89,35.07,79.805,44,986,2529
2025-04-28,60,6,601,471,126,35.07,79.805,44,986,2529
2025-05-05,60,6,638,233,127,35.07,79.805,44,986,2529
2025-05-12,60,6,725,326,126,35.07,79.805,44,986,2529
2025-05-19,60,6,802,162,137,35.07,79.805,44,986,2529
2025-05-26,60,6,746,388,85,35.07,79.805,44,986,2529
2025-06-02,60,6,786,148,95,35.07,79.805,44,986,2529
2025-06-09,60,6,495,328,124,35.07,79.805,44,986,2529
2025-06-16,60,6,577,202,115,35.07,79.805,44,986,2529
2025-06-23,60,6,604,304,83,35.07,79.805,44,986,2529
2025-06-30,60,6,1090,196,127,35.07,79.805,44,986,2529
2025-04-07,60,7,1353,354,74,32.808,58.993,44,775,2219
2025-04-14,60,7,1430,456,47,32.808,58.993,44,775,2219
2025-04-21,60,7,1190,580,117,32.808,58.993,44,775,2219
2025-04-28,60,7,954,700,42,32.808,58.993,44,775,2219
2025-05-05,60,7,1017,737,111,32.808,58.993,44,775,2219
2025-05-12,60,7,704,551,46,32.808,58.993,44,775,2219
2025-05-19,60,7,1481,537,69,32.808,58.993,44,775,2219
2025-05-26,60,7,933,604,83,32.808,58.993,44,775,2219
2025-06-02,60,7,1196,409,81,32.808,58.993,44,775,2219
2025-06-09,60,7,1059,605,73,32.808,58.993,44,775,2219
2025-06-16,60,7,1100,419,72,32.808,58.993,44,775,2219
2025-06-23,60,7,1337,282,125,32.808,58.993,44,775,2219
2025-06-30,60,7,959,467,58,32.808,58.993,44,775,2219
2025-04-07,60,8,550,423,21,14.243,44.389,44,519,1146
2025-04-14,60,8,841,271,52,14.243,44.389,44,519,1146
2025-04-21,60,8,566,405,22,14.243,44.389,44,519,1146
2025-04-28,60,8,725,269,23,14.243,44.389,44,519,1146
2025-05-05,60,8,833,226,19,14.243,44.389,44,519,1146
2025-05-12,60,8,608,423,17,14.243,44.389,44,519,1146
2025-05-19,60,8,827,272,52,14.243,44.389,44,519,1146
2025-05-26,60,8,500,405,15,14.243,44.389,44,519,1146
2025-06-02,60,8,751,153,52,14.243,44.389,44,519,1146
2025-06-09,60,8,843,174,25,14.243,44.389,44,519,1146
2025-06-16,60,8,739,299,20,14.243,44.389,44,519,1146
2025-06-23,60,8,550,429,15,14.243,44.389,44,519,1146
2025-06-30,60,8,719,402,19,14.243,44.389,44,519,1146
